learner_id,archetype,event_index,question_id,concept_id,difficulty,difficulty_score,knowledge_before,fatigue_before,correct,guessed,total_response_time,reading_time,time_after_last_interaction,attempts,skip,option_changes,mouse_distance,mouse_speed,hover_time,typing_speed,backspaces,delete_frequency,pause_duration,question_number,session_duration,tab_switches
sim-00001,steady,1,concept-1-item-1,concept-1,easy,1,0.292511,0.0,True,False,18.887,6.895,0.597,1,False,1,600.26,66.991,11.992,44.29,2,0,0.715,1,18.887,0
sim-00001,steady,2,concept-1-item-2,concept-1,easy,2,0.338277,0.015978,True,False,26.546,8.818,1.301,1,False,1,778.965,39.507,17.728,44.29,2,0,0.129,2,53.092,0
sim-00001,steady,3,concept-2-item-3,concept-2,easy,3,0.381714,0.033409,False,False,34.047,9.476,0.212,1,False,1,782.451,70.457,24.571,44.29,3,1,0.54,3,102.14,0
sim-00001,steady,4,concept-2-item-4,concept-2,medium,4,0.365458,0.052292,False,False,38.386,14.882,1.201,1,False,1,1407.585,31.913,23.504,44.29,0,0,1.245,4,153.545,0
sim-00001,steady,5,concept-3-item-5,concept-3,medium,5,0.350029,0.072628,True,False,33.369,12.604,0.934,1,False,1,623.465,74.833,20.765,44.29,3,1,0.248,5,166.844,0
sim-00001,steady,6,concept-3-item-6,concept-3,medium,6,0.392868,0.094417,False,False,47.353,11.892,0.946,1,False,2,1849.454,82.775,35.461,44.29,2,1,0.854,6,284.116,0
sim-00001,steady,7,concept-4-item-7,concept-4,medium,7,0.376045,0.117658,False,False,48.761,17.114,0.651,1,False,2,2003.297,27.281,31.646,44.29,2,1,1.356,7,341.325,1
sim-00001,steady,8,concept-4-item-8,concept-4,hard,8,0.360077,0.142351,True,False,60.947,23.177,1.32,1,False,1,1864.947,84.098,37.771,44.29,3,1,1.61,8,487.58,0
sim-00001,steady,9,concept-5-item-9,concept-5,hard,9,0.402405,0.168497,False,False,66.023,20.971,1.92,1,False,2,2113.478,61.693,45.052,44.29,2,2,1.667,9,594.209,1
sim-00001,steady,10,concept-5-item-10,concept-5,hard,10,0.385097,0.196096,False,False,66.636,25.123,1.911,1,False,2,1814.398,46.364,41.513,44.29,3,0,2.402,10,666.364,0
sim-00001,steady,11,concept-1-item-11,concept-1,easy,1,0.368669,0.225147,True,False,30.65,8.625,1.221,1,False,2,758.202,28.938,22.025,44.29,4,2,2.148,11,337.154,0
sim-00001,steady,12,concept-1-item-12,concept-1,easy,2,0.41056,0.241126,True,False,36.128,14.444,3.387,1,False,1,931.642,66.446,21.685,44.29,1,0,2.031,12,433.538,1
sim-00002,rapid,1,concept-1-item-1,concept-1,easy,1,0.566178,0.0,True,False,17.731,4.719,0.597,1,False,1,522.564,85.344,13.011,66.903,1,0,0,1,17.731,0
sim-00002,rapid,2,concept-1-item-2,concept-1,easy,2,0.628298,0.013061,True,False,23.642,9.256,0.052,1,False,1,1001.712,68.041,14.387,66.903,2,3,1.325,2,47.285,1
sim-00002,rapid,3,concept-2-item-3,concept-2,easy,3,0.684996,0.027309,True,False,31.631,8.393,0.68,1,False,1,1034.167,34.516,23.237,66.903,2,0,0.908,3,94.892,0
sim-00002,rapid,4,concept-2-item-4,concept-2,medium,4,0.736745,0.042745,True,False,30.81,11.744,1.39,1,False,1,1362.788,22.343,19.066,66.903,0,0,1.191,4,123.24,0
sim-00002,rapid,5,concept-3-item-5,concept-3,medium,5,0.783977,0.059368,True,False,35.654,11.878,0.832,1,False,1,824.467,30.978,23.776,66.903,1,1,1.291,5,178.269,0
sim-00002,rapid,6,concept-3-item-6,concept-3,medium,6,0.827086,0.077178,True,False,47.189,14.439,2.195,1,False,1,1081.63,53.432,32.751,66.903,3,1,0.181,6,283.134,0
sim-00002,rapid,7,concept-4-item-7,concept-4,medium,7,0.866432,0.096176,True,False,51.761,13.19,2.584,1,False,1,1460.82,25.762,38.571,66.903,1,0,0.852,7,362.33,0
sim-00002,rapid,8,concept-4-item-8,concept-4,hard,8,0.902343,0.116361,True,False,59.056,22.952,1.472,1,False,2,2494.965,29.477,36.104,66.903,2,2,1.504,8,472.45,0
sim-00002,rapid,9,concept-5-item-9,concept-5,hard,9,0.93512,0.137733,True,False,57.591,21.205,1.206,1,False,2,1354.437,63.947,36.386,66.903,2,0,1.333,9,518.32,1
sim-00002,rapid,10,concept-5-item-10,concept-5,hard,10,0.965036,0.160293,True,False,65.113,23.234,1.582,1,False,2,1684.048,66.585,41.879,66.903,3,2,2.105,10,651.128,1
sim-00002,rapid,11,concept-1-item-11,concept-1,easy,1,0.99234,0.18404,True,False,18.67,7.093,1.297,1,False,1,393.446,32.763,11.577,66.903,2,1,2.104,11,205.372,0
sim-00002,rapid,12,concept-1-item-12,concept-1,easy,2,1.0,0.197101,True,False,27.473,8.502,0.643,1,False,1,399.829,23.402,18.971,66.903,1,0,2.04,12,329.678,1
sim-00003,careful,1,concept-1-item-1,concept-1,easy,1,0.292101,0.0,True,False,16.631,4.421,0.941,1,False,1,583.022,23.687,12.21,33.744,3,0,0,1,16.631,0
sim-00003,careful,2,concept-1-item-2,concept-1,easy,2,0.322846,0.035571,True,False,31.938,9.513,1.592,1,False,1,1168.594,65.32,22.425,33.744,2,0,0.558,2,63.876,0
sim-00003,careful,3,concept-2-item-3,concept-2,easy,3,0.350968,0.074376,True,False,33.181,12.126,1.219,1,False,2,1244.869,21.724,21.055,33.744,3,0,2.245,3,99.543,0
sim-00003,careful,4,concept-2-item-4,concept-2,medium,4,0.37669,0.116414,True,False,39.688,13.24,2.041,1,False,2,1677.573,26.178,26.448,33.744,4,0,1.245,4,158.754,0
sim-00003,careful,5,concept-3-item-5,concept-3,medium,5,0.400219,0.161686,False,False,46.399,11.217,0.896,1,False,2,1262.55,20.427,35.182,33.744,2,2,1.526,5,231.995,0
sim-00003,careful,6,concept-3-item-6,concept-3,medium,6,0.367992,0.210192,False,False,52.585,15.147,1.897,1,False,2,1031.037,44.525,37.438,33.744,3,2,2.447,6,315.51,0
sim-00003,careful,7,concept-4-item-7,concept-4,medium,7,0.338515,0.261932,False,False,54.314,21.063,2.282,1,False,3,1241.133,49.09,33.251,33.744,3,3,2.197,7,380.2,0
sim-00003,careful,8,concept-4-item-8,concept-4,hard,8,0.311552,0.316905,False,False,64.269,20.827,2.629,1,False,3,1307.054,45.584,43.442,33.744,4,3,2.851,8,514.151,0
sim-00003,careful,9,concept-5-item-9,concept-5,hard,9,0.286889,0.375112,False,False,76.619,28.18,2.419,1,False,2,2257.702,33.297,48.44,33.744,2,1,3.743,9,689.574,1
sim-00003,careful,10,concept-5-item-10,concept-5,hard,10,0.26433,0.436553,False,False,76.107,30.286,4.063,1,False,2,1303.935,30.483,45.821,33.744,3,2,3.287,10,761.071,1
sim-00003,careful,11,concept-1-item-11,concept-1,easy,1,0.243696,0.501227,False,False,35.092,12.249,3.075,1,False,3,353.015,11.215,22.843,33.744,2,2,3.665,11,386.012,0
sim-00003,careful,12,concept-1-item-12,concept-1,easy,2,0.224823,0.536798,False,False,41.182,16.034,3.158,1,False,4,586.05,10.223,25.148,33.744,3,5,3.618,12,494.183,1
sim-00004,fatigable,1,concept-1-item-1,concept-1,easy,1,0.360447,0.0,False,False,17.551,4.409,0.272,1,False,1,245.37,30.953,13.143,40.757,0,1,0.806,1,17.551,1
sim-00004,fatigable,2,concept-1-item-2,concept-1,easy,2,0.302631,0.075212,True,False,36.692,9.974,0.467,1,False,1,464.176,26.304,26.718,40.757,1,0,0.322,2,73.385,0
sim-00004,fatigable,3,concept-2-item-3,concept-2,easy,3,0.306259,0.157262,True,False,36.315,10.32,1.456,1,False,2,489.149,10.883,25.995,40.757,2,1,2.1,3,108.946,1
sim-00004,fatigable,4,concept-2-item-4,concept-2,medium,4,0.309292,0.246149,False,False,42.197,16.522,1.86,2,False,2,257.601,4.409,25.674,40.757,2,1,2.349,4,168.786,1
sim-00004,fatigable,5,concept-3-item-5,concept-3,medium,5,0.259868,0.341873,False,False,43.854,16.879,2.146,1,False,2,538.734,27.621,26.974,40.757,2,2,2.178,5,219.268,1
sim-00004,fatigable,6,concept-3-item-6,concept-3,medium,6,0.218553,0.444436,True,False,54.568,15.572,3.203,1,True,2,227.253,11.407,38.996,40.757,3,2,4.271,6,327.408,0
sim-00004,fatigable,7,concept-4-item-7,concept-4,medium,7,0.235975,0.553835,False,False,64.859,21.606,3.547,1,True,3,0,0,43.253,40.757,4,3,5.69,7,454.016,1
sim-00004,fatigable,8,concept-4-item-8,concept-4,hard,8,0.19858,0.670072,False,False,70.541,17.897,4.615,2,True,4,0,0,52.644,40.757,6,3,5.573,8,564.328,1
sim-00004,fatigable,9,concept-5-item-9,concept-5,hard,9,0.16732,0.793146,False,False,87.319,21.581,5.587,1,True,4,0,0,65.738,40.757,3,3,6.596,9,785.872,1
sim-00004,fatigable,10,concept-5-item-10,concept-5,hard,10,0.141188,0.923058,False,False,97.836,31.372,7.138,1,True,4,0,0,66.464,40.757,6,2,6.679,10,978.359,1
sim-00004,fatigable,11,concept-1-item-11,concept-1,easy,1,0.119344,1.0,False,False,54.906,16.684,6.073,1,True,5,0,0,38.222,40.757,5,3,7.319,11,603.97,1
sim-00004,fatigable,12,concept-1-item-12,concept-1,easy,2,0.101084,1.0,False,False,52.822,20.763,6.258,1,True,4,0,0,32.059,40.757,5,2,7.28,12,633.865,1
sim-00005,steady,1,concept-1-item-1,concept-1,easy,1,0.246777,0.0,False,False,15.569,6.157,0.971,1,False,1,630.162,35.617,9.412,51.437,0,0,1.229,1,15.569,0
sim-00005,steady,2,concept-1-item-2,concept-1,easy,2,0.236825,0.024976,False,False,32.698,8.539,1.119,1,False,2,956.809,70.405,24.159,51.437,1,2,0,2,65.395,1
sim-00005,steady,3,concept-2-item-3,concept-2,easy,3,0.22753,0.052223,True,False,31.8,11.22,0.869,1,False,1,1066.818,32.584,20.58,51.437,0,2,0,3,95.4,1
sim-00005,steady,4,concept-2-item-4,concept-2,medium,4,0.285799,0.081741,False,True,36.369,12.866,1.038,1,False,2,1210.902,66.755,23.503,51.437,3,2,1.343,4,145.475,0
sim-00005,steady,5,concept-3-item-5,concept-3,medium,5,0.273275,0.113529,False,False,49.384,16.377,1.364,1,False,2,1490.879,18.049,33.007,51.437,2,2,0.205,5,246.919,1
sim-00005,steady,6,concept-3-item-6,concept-3,medium,6,0.261576,0.147587,False,False,50.314,18.746,1.915,1,False,1,1932.995,62.118,31.568,51.437,3,2,2.13,6,301.883,1
sim-00005,steady,7,concept-4-item-7,concept-4,medium,7,0.250649,0.183916,False,False,57.252,21.916,2.116,2,False,1,1087.089,12.511,35.335,51.437,3,1,2.001,7,400.762,1
sim-00005,steady,8,concept-4-item-8,concept-4,hard,8,0.240442,0.222516,True,False,62.888,23.605,2.547,1,False,2,2012.046,11.428,39.283,51.437,1,0,2.328,8,503.102,0
sim-00005,steady,9,concept-5-item-9,concept-5,hard,9,0.29786,0.263386,False,False,63.067,16.299,3.128,1,False,2,1861.299,17.595,46.768,51.437,1,2,2.443,9,567.603,0
sim-00005,steady,10,concept-5-item-10,concept-5,hard,10,0.284541,0.306527,False,False,74.498,25.859,2.846,2,False,2,925.823,19.407,48.639,51.437,3,2,2.445,10,744.98,1
sim-00005,steady,11,concept-1-item-11,concept-1,easy,1,0.2721,0.351939,False,False,33.224,10.398,2.133,1,False,2,816.475,26.745,22.826,51.437,3,1,2.178,11,365.463,0
sim-00005,steady,12,concept-1-item-12,concept-1,easy,2,0.260479,0.376915,True,False,35.982,12.135,3.134,1,False,2,940.212,46.084,23.847,51.437,2,0,3.626,12,431.786,1
sim-00006,rapid,1,concept-1-item-1,concept-1,easy,1,0.588819,0.0,True,False,21.658,7.884,0.414,1,False,0,767.013,74.456,13.774,52.546,0,0,0.063,1,21.658,0
sim-00006,rapid,2,concept-1-item-2,concept-1,easy,2,0.639803,0.012483,True,False,21.328,6.46,0.622,1,False,1,595.269,76.653,14.868,52.546,2,2,0.568,2,42.655,0
sim-00006,rapid,3,concept-2-item-3,concept-2,easy,3,0.686299,0.0261,True,False,29.476,8.927,0.978,1,False,1,781.129,86.123,20.549,52.546,1,1,0.756,3,88.427,0
sim-00006,rapid,4,concept-2-item-4,concept-2,medium,4,0.728701,0.040853,True,False,29.416,7.241,0.867,1,False,1,968.441,84.233,22.175,52.546,2,0,0.94,4,117.664,1
sim-00006,rapid,5,concept-3-item-5,concept-3,medium,5,0.767372,0.05674,False,False,37.02,9.833,0.926,1,False,1,1161.269,75.241,27.187,52.546,2,4,0.047,5,185.1,0
sim-00006,rapid,6,concept-3-item-6,concept-3,medium,6,0.713525,0.073762,True,False,43.391,11.906,1.139,1,False,1,1461.177,73.966,31.485,52.546,1,1,1.176,6,260.349,0
sim-00006,rapid,7,concept-4-item-7,concept-4,medium,7,0.753531,0.091918,False,False,53.599,21.121,1.313,2,False,0,2586.899,23.271,32.478,52.546,0,0,1.321,7,375.192,0
sim-00006,rapid,8,concept-4-item-8,concept-4,hard,8,0.700903,0.11121,True,False,55.263,18.886,1.508,1,False,1,1371.194,38.798,36.377,52.546,0,1,1.495,8,442.105,0
sim-00006,rapid,9,concept-5-item-9,concept-5,hard,9,0.74202,0.131636,True,False,65.028,20.212,0.987,1,False,1,2238.895,33.099,44.816,52.546,1,0,1.976,9,585.255,0
sim-00006,rapid,10,concept-5-item-10,concept-5,hard,10,0.779518,0.153197,True,False,60.501,14.78,1.466,1,False,1,3160.658,87.018,45.721,52.546,1,0,1.195,10,605.011,1
sim-00006,rapid,11,concept-1-item-11,concept-1,easy,1,0.813715,0.175893,True,False,24.071,7.329,1.548,1,False,1,472.599,76.594,16.743,52.546,0,1,1.468,11,264.785,0
sim-00006,rapid,12,concept-1-item-12,concept-1,easy,2,0.844901,0.188376,True,False,34.578,12.096,1.953,1,False,1,1370.944,61.357,22.481,52.546,1,0,1.997,12,414.931,0
sim-00007,careful,1,concept-1-item-1,concept-1,easy,1,0.185941,0.0,True,False,16.161,5.442,0.593,1,False,1,574.297,48.346,10.719,54.091,2,0,1.34,1,16.161,0
sim-00007,careful,2,concept-1-item-2,concept-1,easy,2,0.23924,0.022722,True,False,24.607,8.37,0,1,False,2,1323.086,28.862,16.237,54.091,2,2,0.555,2,49.214,0
sim-00007,careful,3,concept-2-item-3,concept-2,easy,3,0.286874,0.04751,True,False,38.187,9.95,0,1,False,2,1531.094,40.274,28.236,54.091,3,0,0.26,3,114.56,0
sim-00007,careful,4,concept-2-item-4,concept-2,medium,4,0.329448,0.074364,True,False,38.015,10.411,0.092,1,False,2,1565.933,81.183,27.604,54.091,2,1,0.757,4,152.059,0
sim-00007,careful,5,concept-3-item-5,concept-3,medium,5,0.367498,0.103283,False,False,44.778,12.207,1.157,1,False,2,971.494,50.434,32.571,54.091,4,2,1.034,5,223.892,0
sim-00007,careful,6,concept-3-item-6,concept-3,medium,6,0.334713,0.134268,False,False,53.579,17.835,1.688,1,False,1,2287.782,62.643,35.744,54.091,1,1,1.306,6,321.474,0
sim-00007,careful,7,concept-4-item-7,concept-4,medium,7,0.305411,0.167319,False,False,55.585,13.663,2.421,1,False,2,1250.364,34.795,41.922,54.091,3,3,2.096,7,389.097,0
sim-00007,careful,8,concept-4-item-8,concept-4,hard,8,0.279223,0.202435,False,False,59.013,16.585,1.304,1,False,2,2180.932,17.075,42.428,54.091,2,2,2.293,8,472.103,0
sim-00007,careful,9,concept-5-item-9,concept-5,hard,9,0.255818,0.239617,False,False,69.361,20.2,1.514,2,False,2,2051.826,42.633,49.161,54.091,2,1,2.446,9,624.246,0
sim-00007,careful,10,concept-5-item-10,concept-5,hard,10,0.2349,0.278865,False,False,75.313,18.954,3.248,2,False,2,2228.799,13.694,56.36,54.091,1,1,2.608,10,753.135,1
sim-00007,careful,11,concept-1-item-11,concept-1,easy,1,0.216204,0.320179,True,False,30.603,11.031,2.657,1,False,3,662.275,43.263,19.572,54.091,2,2,3.318,11,336.63,1
sim-00007,careful,12,concept-1-item-12,concept-1,easy,2,0.266286,0.342901,True,False,39.137,14.911,1.896,1,False,3,750.91,29.959,24.226,54.091,2,2,2.645,12,469.647,1
sim-00008,fatigable,1,concept-1-item-1,concept-1,easy,1,0.246532,0.0,True,False,21.825,7.397,0.875,1,False,1,558.893,15.258,14.428,40.351,0,2,0.032,1,21.825,1
sim-00008,fatigable,2,concept-1-item-2,concept-1,easy,2,0.282712,0.071112,False,False,20.687,7.122,1.244,1,False,2,311.252,63.939,13.565,40.351,2,3,1.4,2,41.374,0
sim-00008,fatigable,3,concept-2-item-3,concept-2,easy,3,0.250618,0.148688,True,False,33.037,12.562,1.436,1,False,2,546.773,17.473,20.475,40.351,4,5,1.028,3,99.112,0
sim-00008,fatigable,4,concept-2-item-4,concept-2,medium,4,0.286259,0.232729,False,False,40.243,15.419,1.761,1,False,1,437.483,20.206,24.824,40.351,1,0,1.858,4,160.973,1
sim-00008,fatigable,5,concept-3-item-5,concept-3,medium,5,0.253697,0.323234,False,False,52.531,16.377,2.205,2,False,2,964.493,31.782,36.154,40.351,1,1,2.221,5,262.654,0
sim-00008,fatigable,6,concept-3-item-6,concept-3,medium,6,0.225428,0.420205,False,False,62.774,15.342,2.969,1,False,2,334.948,7.794,47.432,40.351,2,2,2.974,6,376.647,1
sim-00008,fatigable,7,concept-4-item-7,concept-4,medium,7,0.200884,0.52364,False,True,69.645,23.303,3.958,2,True,2,0,0,46.342,40.351,2,3,3.748,7,487.517,1
sim-00008,fatigable,8,concept-4-item-8,concept-4,hard,8,0.179575,0.633539,False,False,69.123,26.497,4.896,2,True,3,0,0,42.626,40.351,4,4,5.316,8,552.988,1
sim-00008,fatigable,9,concept-5-item-9,concept-5,hard,9,0.161075,0.749904,False,False,85.035,33.66,4.184,2,True,4,0,0,51.374,40.351,5,2,5.649,9,765.312,1
sim-00008,fatigable,10,concept-5-item-10,concept-5,hard,10,0.145013,0.872733,False,False,99.558,26.2,5.173,1,True,3,0,0,73.358,40.351,3,3,6.412,10,995.583,1
sim-00008,fatigable,11,concept-1-item-11,concept-1,easy,1,0.131068,1.0,False,False,52.022,19.943,6.259,1,True,4,0,0,32.079,40.351,5,3,7.174,11,572.238,1
sim-00008,fatigable,12,concept-1-item-12,concept-1,easy,2,0.118961,1.0,False,True,54.128,21.297,6.918,2,True,5,0,0,32.831,40.351,7,3,7.17,12,649.541,1
sim-00009,steady,1,concept-1-item-1,concept-1,easy,1,0.39438,0.0,False,True,19.608,7.032,0.613,1,False,1,881.647,37.427,12.576,40.935,1,0,0,1,19.608,0
sim-00009,steady,2,concept-1-item-2,concept-1,easy,2,0.375193,0.022436,True,False,25.781,9.849,1.156,1,False,2,1152.345,17.675,15.931,40.935,2,3,1.269,2,51.562,0
sim-00009,steady,3,concept-2-item-3,concept-2,easy,3,0.417453,0.046912,False,False,35.446,8.528,1.099,1,False,1,1004.36,44.911,26.918,40.935,1,0,0.883,3,106.337,0
sim-00009,steady,4,concept-2-item-4,concept-2,medium,4,0.396903,0.073428,False,False,44.902,15.472,0.943,1,False,1,1658.96,56.602,29.43,40.935,2,1,0.988,4,179.609,1
sim-00009,steady,5,concept-3-item-5,concept-3,medium,5,0.377567,0.101983,False,False,43.328,13.355,1.842,2,False,2,1414.988,55.976,29.972,40.935,0,2,1.932,5,216.638,0
sim-00009,steady,6,concept-3-item-6,concept-3,medium,6,0.359373,0.132578,False,False,49.329,13.99,1.571,1,False,2,1512.758,59.911,35.339,40.935,1,3,0.678,6,295.974,0
sim-00009,steady,7,concept-4-item-7,concept-4,medium,7,0.342253,0.165213,False,False,53.163,20.588,1.204,2,False,2,1373.2,51.684,32.575,40.935,2,2,2.421,7,372.141,0
sim-00009,steady,8,concept-4-item-8,concept-4,hard,8,0.326144,0.199888,True,False,67.912,22.339,1.344,1,False,2,1573.274,40.917,45.573,40.935,3,2,1.776,8,543.296,0
sim-00009,steady,9,concept-5-item-9,concept-5,hard,9,0.371301,0.236602,False,False,66.289,23.493,1.371,2,False,2,1055.871,32.914,42.795,40.935,1,2,2.315,9,596.598,0
sim-00009,steady,10,concept-5-item-10,concept-5,hard,10,0.353477,0.275355,False,True,73.091,20.593,2.244,2,False,2,855.2,9.125,52.499,40.935,3,1,1.801,10,730.912,1
sim-00009,steady,11,concept-1-item-11,concept-1,easy,1,0.336705,0.316149,False,False,28.658,7.63,2.638,1,False,3,732.793,27.134,21.027,40.935,3,2,1.942,11,315.234,0
sim-00009,steady,12,concept-1-item-12,concept-1,easy,2,0.320924,0.338585,True,False,32.503,10.631,2.646,1,False,2,549.234,29.411,21.872,40.935,2,2,3.167,12,390.031,0
sim-00010,rapid,1,concept-1-item-1,concept-1,easy,1,0.339398,0.0,True,False,16.5,4.504,0.585,1,False,1,803.717,44.907,11.997,46.807,2,0,0.315,1,16.5,0
sim-00010,rapid,2,concept-1-item-2,concept-1,easy,2,0.415282,0.016256,True,False,20.959,6.216,1.212,1,False,1,673.126,17.468,14.743,46.807,0,1,1.247,2,41.918,1
sim-00010,rapid,3,concept-2-item-3,concept-2,easy,3,0.47866,0.03399,False,False,30.53,7.704,0.304,1,False,1,753.587,64.986,22.826,46.807,1,1,0.648,3,91.591,0
sim-00010,rapid,4,concept-2-item-4,concept-2,medium,4,0.420732,0.053201,True,False,42.732,14.691,0.896,1,False,1,1592.222,36.154,28.04,46.807,0,3,1.085,4,170.927,0
sim-00010,rapid,5,concept-3-item-5,concept-3,medium,5,0.483212,0.073891,False,False,41.166,13.661,0.889,2,False,1,1490.354,17.382,27.505,46.807,0,0,0.126,5,205.831,0
sim-00010,rapid,6,concept-3-item-6,concept-3,medium,6,0.424533,0.096058,False,False,45.278,12.362,2.769,1,False,1,2025.783,55.643,32.916,46.807,2,4,0.868,6,271.669,0
sim-00010,rapid,7,concept-4-item-7,concept-4,medium,7,0.375525,0.119703,False,False,52.967,19.752,0.933,1,False,1,1508.38,39.592,33.216,46.807,2,1,0.895,7,370.772,1
sim-00010,rapid,8,concept-4-item-8,concept-4,hard,8,0.334594,0.144826,False,False,62.608,20.397,1.429,1,False,1,2639.742,53.051,42.212,46.807,4,0,1.353,8,500.868,0
sim-00010,rapid,9,concept-5-item-9,concept-5,hard,9,0.300407,0.171426,False,False,66.323,16.078,2.086,1,False,1,2006.122,70.413,50.245,46.807,2,1,1.487,9,596.909,1
sim-00010,rapid,10,concept-5-item-10,concept-5,hard,10,0.271855,0.199505,False,False,67.456,18.313,2.453,1,False,2,2459.042,84.029,49.143,46.807,3,0,1.568,10,674.558,0
sim-00010,rapid,11,concept-1-item-11,concept-1,easy,1,0.248008,0.229061,True,False,32.625,9.651,2.484,1,False,1,961.679,61.541,22.973,46.807,1,0,3.398,11,358.87,0
sim-00010,rapid,12,concept-1-item-12,concept-1,easy,2,0.338952,0.245317,False,False,37.829,13.3,2.167,2,False,2,1196.771,59.631,24.528,46.807,4,1,3.218,12,453.945,0
sim-00011,careful,1,concept-1-item-1,concept-1,easy,1,0.452166,0.0,True,False,19.17,7.043,0.416,1,False,1,787.098,37.618,12.127,25.465,3,1,0,1,19.17,0
sim-00011,careful,2,concept-1-item-2,concept-1,easy,2,0.472519,0.045734,True,False,23.547,8.525,1.066,1,False,1,387.145,39.229,15.022,25.465,1,1,0,2,47.094,1
sim-00011,careful,3,concept-2-item-3,concept-2,easy,3,0.491803,0.095625,True,False,26.914,7.322,1.618,1,False,2,919.046,22.827,19.592,25.465,1,2,1.417,3,80.743,1
sim-00011,careful,4,concept-2-item-4,concept-2,medium,4,0.510074,0.149674,True,False,34.119,11.608,1.935,1,False,2,1080.261,23.967,22.51,25.465,2,3,1.351,4,136.475,1
sim-00011,careful,5,concept-3-item-5,concept-3,medium,5,0.527386,0.20788,True,False,39.376,10.854,1.878,1,False,2,343.303,27.994,28.522,25.465,4,1,2.072,5,196.88,1
sim-00011,careful,6,concept-3-item-6,concept-3,medium,6,0.543789,0.270244,True,False,46.335,11.217,3.14,1,False,2,844.544,28.355,35.118,25.465,2,1,1.922,6,278.007,0
sim-00011,careful,7,concept-4-item-7,concept-4,medium,7,0.559331,0.336766,False,False,51.954,16.584,2.821,1,False,2,911.093,32.985,35.37,25.465,3,1,4.299,7,363.677,0
sim-00011,careful,8,concept-4-item-8,concept-4,hard,8,0.528988,0.407445,True,False,64.475,17.898,2.49,1,False,2,948.698,23.649,46.576,25.465,4,0,3.078,8,515.798,0
sim-00011,careful,9,concept-5-item-9,concept-5,hard,9,0.545307,0.482282,False,False,69.788,27.092,3.537,2,False,3,752.283,15.07,42.696,25.465,4,2,4.411,9,628.095,1
sim-00011,careful,10,concept-5-item-10,concept-5,hard,10,0.5157,0.561277,False,False,81.772,29.594,4.29,1,False,3,1055.613,27.861,52.178,25.465,2,4,3.493,10,817.718,0
sim-00011,careful,11,concept-1-item-11,concept-1,easy,1,0.487648,0.644429,True,False,42.941,15.028,4.595,1,True,3,42.748,3.306,27.913,25.465,4,4,5.86,11,472.351,1
sim-00011,careful,12,concept-1-item-12,concept-1,easy,2,0.506138,0.690162,True,False,51.264,14.316,5.123,1,True,3,0,0,36.947,25.465,4,1,5.543,12,615.163,1
sim-00012,fatigable,1,concept-1-item-1,concept-1,easy,1,0.287664,0.0,True,False,22.072,6.494,0.297,1,False,1,527.194,24.844,15.578,31.95,2,2,1.274,1,22.072,1
sim-00012,fatigable,2,concept-1-item-2,concept-1,easy,2,0.293521,0.077325,False,False,24.726,7.026,0.958,1,False,1,462.74,34.039,17.7,31.95,1,0,0.448,2,49.453,0
sim-00012,fatigable,3,concept-2-item-3,concept-2,easy,3,0.237093,0.16168,False,False,41.914,10.165,1.893,1,False,2,789.903,33.341,31.749,31.95,1,1,1.781,3,125.741,0
sim-00012,fatigable,4,concept-2-item-4,concept-2,medium,4,0.192351,0.253065,False,False,43.382,13.121,2.402,1,False,1,662.288,26.827,30.261,31.95,0,0,2.021,4,173.529,1
sim-00012,fatigable,5,concept-3-item-5,concept-3,medium,5,0.156875,0.351478,False,False,54.017,21.21,2.895,1,False,2,351.425,3.28,32.807,31.95,3,1,2.22,5,270.084,1
sim-00012,fatigable,6,concept-3-item-6,concept-3,medium,6,0.128745,0.456922,False,False,58.194,20.034,2.996,1,True,2,177.028,8.548,38.161,31.95,3,2,3.134,6,349.167,1
sim-00012,fatigable,7,concept-4-item-7,concept-4,medium,7,0.106441,0.569395,False,False,67.012,26.436,3.477,2,True,2,9.45,0.249,40.576,31.95,1,2,4.234,7,469.082,1
sim-00012,fatigable,8,concept-4-item-8,concept-4,hard,8,0.088755,0.688898,False,False,77.399,21.526,4.957,1,True,3,0,0,55.873,31.95,3,2,5.641,8,619.19,1
sim-00012,fatigable,9,concept-5-item-9,concept-5,hard,9,0.074732,0.81543,False,False,86.627,24.702,6.002,1,True,4,0,0,61.925,31.95,5,4,5.752,9,779.64,1
sim-00012,fatigable,10,concept-5-item-10,concept-5,hard,10,0.063613,0.948992,False,False,94.899,33.349,5.553,2,True,4,0,0,61.55,31.95,4,6,7.646,10,948.987,1
sim-00012,fatigable,11,concept-1-item-11,concept-1,easy,1,0.054797,1.0,False,False,51.589,15.478,7.502,1,True,4,0,0,36.111,31.95,5,3,8.031,11,567.478,1
sim-00012,fatigable,12,concept-1-item-12,concept-1,easy,2,0.047806,1.0,False,False,51.124,17.943,7.458,2,True,4,0,0,33.18,31.95,4,4,6.631,12,613.482,1
sim-00013,steady,1,concept-1-item-1,concept-1,easy,1,0.254304,0.0,True,False,18.729,6.682,0.458,1,False,1,660.864,65.883,12.047,42.085,2,1,0.562,1,18.729,1
sim-00013,steady,2,concept-1-item-2,concept-1,easy,2,0.298662,0.039277,True,False,32.239,8.697,0.528,1,False,1,1243.925,23.306,23.541,42.085,2,3,0.974,2,64.477,1
sim-00013,steady,3,concept-2-item-3,concept-2,easy,3,0.336813,0.082126,True,False,30.171,10.424,2.002,1,False,1,797.806,46.594,19.747,42.085,1,1,1.263,3,90.512,0
sim-00013,steady,4,concept-2-item-4,concept-2,medium,4,0.369627,0.128544,True,False,39.618,15.004,1.694,1,False,1,1413.26,49.447,24.615,42.085,2,1,1.721,4,158.473,0
sim-00013,steady,5,concept-3-item-5,concept-3,medium,5,0.397849,0.178534,True,False,44.665,12.522,1.846,1,False,1,608.369,26.313,32.143,42.085,3,1,2.528,5,223.326,1
sim-00013,steady,6,concept-3-item-6,concept-3,medium,6,0.422122,0.232094,False,True,55.101,21.676,2.011,2,False,2,1943.044,41.41,33.425,42.085,4,2,2.434,6,330.608,0
sim-00013,steady,7,concept-4-item-7,concept-4,medium,7,0.371044,0.289225,False,False,56.896,16.987,1.934,2,False,2,744.265,48.679,39.909,42.085,3,1,3.334,7,398.269,0
sim-00013,steady,8,concept-4-item-8,concept-4,hard,8,0.327113,0.349927,True,False,68.799,20.629,3.857,1,False,2,1404.485,11.609,48.169,42.085,3,1,1.699,8,550.39,1
sim-00013,steady,9,concept-5-item-9,concept-5,hard,9,0.361284,0.414199,False,False,74.793,28.887,2.633,1,False,2,887.544,7.707,45.906,42.085,3,2,3.64,9,673.138,1
sim-00013,steady,10,concept-5-item-10,concept-5,hard,10,0.318718,0.482042,False,False,77.824,24.582,3.728,1,False,3,819.624,16.934,53.242,42.085,2,0,4.108,10,778.239,1
sim-00013,steady,11,concept-1-item-11,concept-1,easy,1,0.282108,0.553455,True,False,40.557,10.49,3.78,1,False,3,289.865,12.133,30.067,42.085,4,3,3.814,11,446.13,1
sim-00013,steady,12,concept-1-item-12,concept-1,easy,2,0.322576,0.592733,True,False,38.853,13.253,3.416,1,True,3,209.903,8.358,25.601,42.085,4,2,4.793,12,466.241,1
sim-00014,rapid,1,concept-1-item-1,concept-1,easy,1,0.593572,0.0,True,False,12.962,4.575,0.981,1,False,1,476.577,40.561,8.387,63.019,2,0,0.406,1,12.962,0
sim-00014,rapid,2,concept-1-item-2,concept-1,easy,2,0.634527,0.020103,True,False,24.575,7.545,1.016,1,False,1,689.338,26.956,17.03,63.019,3,1,0.286,2,49.151,0
sim-00014,rapid,3,concept-2-item-3,concept-2,easy,3,0.669707,0.042034,True,False,26.171,8.927,1.034,1,False,1,493.256,36.414,17.244,63.019,2,1,0.437,3,78.513,1
sim-00014,rapid,4,concept-2-item-4,concept-2,medium,4,0.699928,0.065792,True,False,28.495,10.674,1.788,1,False,1,974.598,67.463,17.821,63.019,2,0,1.289,4,113.981,0
sim-00014,rapid,5,concept-3-item-5,concept-3,medium,5,0.725887,0.091377,True,False,34.386,10.821,1.665,1,False,1,1202.049,18.45,23.565,63.019,2,0,1.155,5,171.93,1
sim-00014,rapid,6,concept-3-item-6,concept-3,medium,6,0.748187,0.11879,True,False,47.749,17.687,1.852,1,False,1,1503.84,88.53,30.062,63.019,1,0,1.28,6,286.492,1
sim-00014,rapid,7,concept-4-item-7,concept-4,medium,7,0.767342,0.148031,False,False,48.497,16.43,1.055,2,False,1,1879.499,48.64,32.068,63.019,0,1,1.586,7,339.482,0
sim-00014,rapid,8,concept-4-item-8,concept-4,hard,8,0.678315,0.179099,True,False,65.371,21.663,1.598,1,False,1,1617.136,52.64,43.708,63.019,1,0,1.744,8,522.969,0
sim-00014,rapid,9,concept-5-item-9,concept-5,hard,9,0.707322,0.211995,True,False,67.73,23.396,1.556,1,False,2,916.351,29.168,44.334,63.019,5,2,2.396,9,609.569,0
sim-00014,rapid,10,concept-5-item-10,concept-5,hard,10,0.732239,0.246719,False,False,68.811,17.443,2.173,1,False,1,1807.077,15.135,51.368,63.019,2,1,2.063,10,688.113,0
sim-00014,rapid,11,concept-1-item-11,concept-1,easy,1,0.648161,0.28327,False,False,20.795,6.899,2.299,2,False,2,462.905,32.744,13.896,63.019,3,2,2.137,11,228.742,0
sim-00014,rapid,12,concept-1-item-12,concept-1,easy,2,0.575938,0.303373,True,False,28.563,8.582,1.738,1,False,2,686.031,39.322,19.98,63.019,2,0,2.754,12,342.753,1
sim-00015,careful,1,concept-1-item-1,concept-1,easy,1,0.411405,0.0,True,False,25.774,9.09,1.005,1,False,2,1296.817,20.731,16.684,39.44,3,0,0,1,25.774,0
sim-00015,careful,2,concept-1-item-2,concept-1,easy,2,0.456003,0.03461,False,False,19.544,4.937,1.484,1,False,2,585.165,17.059,14.606,39.44,1,1,1.036,2,39.087,0
sim-00015,careful,3,concept-2-item-3,concept-2,easy,3,0.437608,0.072367,True,False,27.533,9.262,0.452,1,False,2,491.196,21.69,18.271,39.44,2,1,0.87,3,82.599,0
sim-00015,careful,4,concept-2-item-4,concept-2,medium,4,0.480904,0.11327,False,False,37.379,12.555,1.22,1,False,2,858.689,62.165,24.824,39.44,1,3,1.186,4,149.517,0
sim-00015,careful,5,concept-3-item-5,concept-3,medium,5,0.461271,0.157319,False,False,38.962,13.23,1.729,1,False,3,1317.655,47.845,25.732,39.44,3,1,2.783,5,194.81,1
sim-00015,careful,6,concept-3-item-6,concept-3,medium,6,0.442614,0.204515,False,False,53.499,17.088,1.871,1,False,3,2151.623,31.943,36.411,39.44,4,1,0.956,6,320.994,0
sim-00015,careful,7,concept-4-item-7,concept-4,medium,7,0.424884,0.254857,False,True,61.145,15.808,2.299,1,False,3,1912.981,52.694,45.337,39.44,5,4,2.049,7,428.018,0
sim-00015,careful,8,concept-4-item-8,concept-4,hard,8,0.408034,0.308346,False,False,57.39,22.295,2.361,1,False,3,1807.449,21.256,35.095,39.44,3,3,1.395,8,459.118,0
sim-00015,careful,9,concept-5-item-9,concept-5,hard,9,0.392022,0.36498,False,False,69.522,19.829,2.962,1,False,3,1404.735,45.434,49.693,39.44,4,3,3.457,9,625.7,1
sim-00015,careful,10,concept-5-item-10,concept-5,hard,10,0.376805,0.424762,False,False,79.566,29.951,3.056,1,False,3,1868.723,29.771,49.615,39.44,3,0,3.655,10,795.66,0
sim-00015,careful,11,concept-1-item-11,concept-1,easy,1,0.362344,0.487689,False,False,27.473,8.581,4.15,1,False,3,245.636,16.711,18.892,39.44,3,1,3.52,11,302.204,1
sim-00015,careful,12,concept-1-item-12,concept-1,easy,2,0.348602,0.5223,True,False,39.693,9.719,3.799,1,False,3,711.832,6.186,29.974,39.44,6,4,4.055,12,476.313,0
sim-00016,fatigable,1,concept-1-item-1,concept-1,easy,1,0.411111,0.0,True,False,12.896,3.472,0.219,1,False,2,467.613,73.068,9.424,29.025,3,1,0.745,1,12.896,1
sim-00016,fatigable,2,concept-1-item-2,concept-1,easy,2,0.405246,0.060899,True,False,31.642,9.635,1.684,1,False,1,640.611,63.662,22.007,29.025,1,0,0.42,2,63.284,1
sim-00016,fatigable,3,concept-2-item-3,concept-2,easy,3,0.40034,0.127333,False,False,34.66,13.447,1.909,2,False,1,431.77,47.878,21.213,29.025,1,1,1.925,3,103.98,0
sim-00016,fatigable,4,concept-2-item-4,concept-2,medium,4,0.338162,0.199304,False,False,33.543,10.263,2.508,1,False,2,942.547,45.026,23.28,29.025,2,0,2.028,4,134.171,0
sim-00016,fatigable,5,concept-3-item-5,concept-3,medium,5,0.286163,0.276812,True,False,51.89,12.946,2.536,1,False,2,746.18,15.629,38.944,29.025,2,3,1.991,5,259.45,0
sim-00016,fatigable,6,concept-3-item-6,concept-3,medium,6,0.300752,0.359855,False,False,60.833,23.41,3.334,2,False,3,1090.215,14.723,37.423,29.025,4,2,3.395,6,364.996,1
sim-00016,fatigable,7,concept-4-item-7,concept-4,medium,7,0.254877,0.448435,True,False,54.976,20.078,2.756,1,True,3,286.595,7.128,34.898,29.025,5,2,4.066,7,384.832,1
sim-00016,fatigable,8,concept-4-item-8,concept-4,hard,8,0.274587,0.542551,False,False,63.618,23.572,4.01,1,False,3,611.779,22.012,40.046,29.025,4,3,4.745,8,508.942,1
sim-00016,fatigable,9,concept-5-item-9,concept-5,hard,9,0.232995,0.642203,False,False,70.452,17.661,5.414,2,True,3,0,0,52.791,29.025,4,2,4.718,9,634.072,1
sim-00016,fatigable,10,concept-5-item-10,concept-5,hard,10,0.198212,0.747391,False,False,87.548,22.29,3.79,2,True,3,0,0,65.259,29.025,4,3,6.941,10,875.483,1
sim-00016,fatigable,11,concept-1-item-11,concept-1,easy,1,0.169123,0.858116,False,False,49.111,13.085,6.202,1,True,3,0,0,36.026,29.025,5,1,7.011,11,540.217,1
sim-00016,fatigable,12,concept-1-item-12,concept-1,easy,2,0.144795,0.919015,False,False,53.26,14.217,5.954,2,True,4,0,0,39.043,29.025,5,4,7.091,12,639.121,1
sim-00017,steady,1,concept-1-item-1,concept-1,easy,1,0.18594,0.0,True,False,24.492,6.361,0.88,1,False,1,1311.788,75.755,18.13,44.86,1,1,0.474,1,24.492,1
sim-00017,steady,2,concept-1-item-2,concept-1,easy,2,0.25279,0.024092,True,False,22.103,6.835,1.318,1,False,2,1077.251,72.494,15.268,44.86,4,1,0.911,2,44.206,0
sim-00017,steady,3,concept-2-item-3,concept-2,easy,3,0.313625,0.050375,False,False,30.544,11.608,0.427,1,False,2,1144.207,77.733,18.936,44.86,2,4,1.115,3,91.633,1
sim-00017,steady,4,concept-2-item-4,concept-2,medium,4,0.294303,0.078847,True,False,42.472,15.672,2.207,1,False,2,1309.469,44.178,26.799,44.86,3,2,0.341,4,169.887,0
sim-00017,steady,5,concept-3-item-5,concept-3,medium,5,0.351403,0.10951,False,True,41.756,13.597,1.328,2,False,2,711.534,18.402,28.159,44.86,4,2,1.585,5,208.778,0
sim-00017,steady,6,concept-3-item-6,concept-3,medium,6,0.328682,0.142363,True,False,45.454,12.66,1.429,1,False,2,1123.291,14.091,32.795,44.86,4,1,1.794,6,272.727,1
sim-00017,steady,7,concept-4-item-7,concept-4,medium,7,0.382689,0.177406,False,False,51.237,13.404,1.03,1,False,2,1649.502,35.737,37.833,44.86,2,1,1.531,7,358.657,0
sim-00017,steady,8,concept-4-item-8,concept-4,hard,8,0.357152,0.21464,False,False,62.811,20.161,2.578,1,False,2,2155.224,42.315,42.65,44.86,0,0,2.293,8,502.488,1
sim-00017,steady,9,concept-5-item-9,concept-5,hard,9,0.333913,0.254063,True,False,63.426,18.238,3.114,1,False,2,1561.392,10.915,45.188,44.86,2,2,2.762,9,570.831,1
sim-00017,steady,10,concept-5-item-10,concept-5,hard,10,0.38745,0.295677,False,False,78.039,29.656,2.297,2,False,2,2195.011,30.711,48.383,44.86,3,0,2.065,10,780.387,1
sim-00017,steady,11,concept-1-item-11,concept-1,easy,1,0.361485,0.339481,False,True,23.407,7.975,3.009,1,False,2,606.14,40.909,15.433,44.86,2,1,2.164,11,257.482,1
sim-00017,steady,12,concept-1-item-12,concept-1,easy,2,0.337856,0.363574,True,False,38.804,12.692,3.284,1,False,3,1028.031,16.82,26.112,44.86,4,1,3.205,12,465.647,1
sim-00018,rapid,1,concept-1-item-1,concept-1,easy,1,0.271364,0.0,True,False,19.555,5.355,0,1,False,1,506.183,50.75,14.201,54.029,3,1,1.132,1,19.555,0
sim-00018,rapid,2,concept-1-item-2,concept-1,easy,2,0.352309,0.01976,False,True,30.276,11.971,0.243,2,False,0,1257.145,20.303,18.305,54.029,1,0,0.31,2,60.552,0
sim-00018,rapid,3,concept-2-item-3,concept-2,easy,3,0.314236,0.041317,True,False,25.473,9.886,0.69,1,False,1,968.315,17.343,15.587,54.029,3,1,1.058,3,76.42,0
sim-00018,rapid,4,concept-2-item-4,concept-2,medium,4,0.388202,0.064671,True,False,35.714,10.139,0.995,1,False,1,993.906,30.197,25.575,54.029,3,1,0.715,4,142.855,0
sim-00018,rapid,5,concept-3-item-5,concept-3,medium,5,0.450127,0.08982,False,False,38.49,12.37,1.668,2,False,1,1506.609,41.268,26.12,54.029,1,0,0,5,192.451,0
sim-00018,rapid,6,concept-3-item-6,concept-3,medium,6,0.396129,0.116767,False,False,51.064,14.664,1.702,1,False,1,2246.607,14.493,36.4,54.029,1,0,2.055,6,306.384,1
sim-00018,rapid,7,concept-4-item-7,concept-4,medium,7,0.350922,0.145509,False,False,54.23,17.772,1.266,1,False,2,2425.336,19.678,36.457,54.029,2,1,0.738,7,379.607,0
sim-00018,rapid,8,concept-4-item-8,concept-4,hard,8,0.313074,0.176048,False,True,64.811,25.054,0.536,1,False,2,2509.566,31.669,39.757,54.029,3,0,1.897,8,518.487,0
sim-00018,rapid,9,concept-5-item-9,concept-5,hard,9,0.281388,0.208383,False,False,66.221,22.361,2.24,1,False,1,1649.85,32.866,43.859,54.029,2,1,1.959,9,595.987,1
sim-00018,rapid,10,concept-5-item-10,concept-5,hard,10,0.25486,0.242515,False,False,69.566,21.486,2.249,1,False,1,2357.172,50.169,48.08,54.029,1,1,3.132,10,695.662,0
sim-00018,rapid,11,concept-1-item-11,concept-1,easy,1,0.23265,0.278443,False,False,37.424,9.909,2.898,1,False,1,628.589,23.261,27.516,54.029,2,0,2.072,11,411.668,1
sim-00018,rapid,12,concept-1-item-12,concept-1,easy,2,0.214056,0.298204,True,False,33.321,8.261,3.349,1,False,2,831.508,44.912,25.06,54.029,2,2,2.97,12,399.852,0
sim-00019,careful,1,concept-1-item-1,concept-1,easy,1,0.449665,0.0,True,False,19.017,4.82,0.738,1,False,1,296.831,57.305,14.197,35.402,2,3,0.212,1,19.017,1
sim-00019,careful,2,concept-1-item-2,concept-1,easy,2,0.468208,0.045715,True,False,26.584,7.931,2.031,1,False,2,612.087,12.145,18.654,35.402,3,0,0.737,2,53.168,0
sim-00019,careful,3,concept-2-item-3,concept-2,easy,3,0.485377,0.095586,True,False,29.703,7.543,1.377,1,False,2,827.855,72.536,22.16,35.402,3,0,0.966,3,89.109,1
sim-00019,careful,4,concept-2-item-4,concept-2,medium,4,0.501276,0.149612,True,False,36.099,12.296,0.527,1,False,2,670.144,26.322,23.803,35.402,3,2,1.003,4,144.396,1
sim-00019,careful,5,concept-3-item-5,concept-3,medium,5,0.515998,0.207795,True,False,38.62,14.542,1.825,1,False,2,884.234,47.692,24.078,35.402,3,2,2.305,5,193.098,1
sim-00019,careful,6,concept-3-item-6,concept-3,medium,6,0.529629,0.270133,False,False,50.068,15.683,2.486,1,False,2,1164.482,31.039,34.385,35.402,1,0,2.673,6,300.407,1
sim-00019,careful,7,concept-4-item-7,concept-4,medium,7,0.491375,0.336627,False,False,62.883,23.787,2.482,1,False,3,1025.42,23.613,39.096,35.402,4,2,3.457,7,440.181,1
sim-00019,careful,8,concept-4-item-8,concept-4,hard,8,0.455952,0.407277,False,False,66.431,25.188,2.895,1,True,3,284.03,14.086,41.242,35.402,1,2,2.777,8,531.444,1
sim-00019,careful,9,concept-5-item-9,concept-5,hard,9,0.423153,0.482084,True,False,66.72,16.149,2.901,1,False,3,502.855,10.149,50.571,35.402,3,2,2.72,9,600.483,1
sim-00019,careful,10,concept-5-item-10,concept-5,hard,10,0.443658,0.561045,False,False,78.269,29.0,3.95,1,True,4,293.384,6.127,49.269,35.402,3,4,4.732,10,782.688,1
sim-00019,careful,11,concept-1-item-11,concept-1,easy,1,0.411769,0.644163,False,False,28.106,7.228,4.1,1,True,3,14.82,0.942,20.878,35.402,5,2,5.142,11,309.17,1
sim-00019,careful,12,concept-1-item-12,concept-1,easy,2,0.382241,0.689878,True,False,41.346,10.141,4.969,1,True,4,0,0,31.205,35.402,5,1,5.917,12,496.152,1
sim-00020,fatigable,1,concept-1-item-1,concept-1,easy,1,0.326583,0.0,True,False,18.627,6.728,0.879,1,False,2,681.08,49.174,11.899,24.266,1,2,0.586,1,18.627,0
sim-00020,fatigable,2,concept-1-item-2,concept-1,easy,2,0.333077,0.072153,False,False,31.551,12.309,1.363,1,False,2,825.058,55.668,19.241,24.266,3,1,0.916,2,63.101,1
sim-00020,fatigable,3,concept-2-item-3,concept-2,easy,3,0.285709,0.150864,True,False,46.645,14.53,1.776,1,False,2,387.63,22.368,32.116,24.266,4,1,1.324,3,139.936,1
sim-00020,fatigable,4,concept-2-item-4,concept-2,medium,4,0.298216,0.236136,False,True,42.934,15.35,1.42,1,False,2,491.379,10.516,27.584,24.266,3,1,1.818,4,171.736,1
sim-00020,fatigable,5,concept-3-item-5,concept-3,medium,5,0.255977,0.327966,False,False,50.921,14.944,2.735,2,False,3,595.583,14.443,35.978,24.266,3,3,2.857,5,254.606,1
sim-00020,fatigable,6,concept-3-item-6,concept-3,medium,6,0.219952,0.426356,True,False,57.419,16.632,2.836,1,True,3,142.266,6.214,40.787,24.266,4,1,3.799,6,344.514,1
sim-00020,fatigable,7,concept-4-item-7,concept-4,medium,7,0.242134,0.531305,False,False,59.077,19.512,4.114,2,True,3,191.973,3.322,39.564,24.266,3,3,4.264,7,413.537,1
sim-00020,fatigable,8,concept-4-item-8,concept-4,hard,8,0.208146,0.642814,False,False,72.385,19.294,4.694,1,True,3,125.928,2.285,53.091,24.266,3,2,4.832,8,579.079,1
sim-00020,fatigable,9,concept-5-item-9,concept-5,hard,9,0.179158,0.760881,False,False,81.131,26.961,6.288,1,True,4,0,0,54.17,24.266,6,4,5.988,9,730.181,1
sim-00020,fatigable,10,concept-5-item-10,concept-5,hard,10,0.154435,0.885509,False,False,94.999,37.81,6.147,2,True,4,0,0,57.189,24.266,5,5,7.228,10,949.986,1
sim-00020,fatigable,11,concept-1-item-11,concept-1,easy,1,0.133349,1.0,False,False,51.461,18.472,6.234,1,True,5,0,0,32.988,24.266,5,5,8.073,11,566.066,1
sim-00020,fatigable,12,concept-1-item-12,concept-1,easy,2,0.115366,1.0,False,False,63.902,23.25,7.762,2,True,5,0,0,40.651,24.266,5,4,7.11,12,766.821,1
sim-00021,steady,1,concept-1-item-1,concept-1,easy,1,0.441524,0.0,True,False,21.056,7.55,0.937,1,False,1,548.272,82.082,13.507,44.533,1,0,0.536,1,21.056,0
sim-00021,steady,2,concept-1-item-2,concept-1,easy,2,0.477792,0.025595,True,False,24.199,6.368,0,1,False,2,1088.687,50.821,17.831,44.533,3,2,0.787,2,48.397,1
sim-00021,steady,3,concept-2-item-3,concept-2,easy,3,0.509453,0.053517,True,False,34.864,11.33,0.897,1,False,2,1550.397,39.952,23.534,44.533,2,2,0.33,3,104.592,0
sim-00021,steady,4,concept-2-item-4,concept-2,medium,4,0.537091,0.083766,True,False,35.266,10.059,1.492,1,False,2,1301.686,27.196,25.207,44.533,2,0,1.294,4,141.065,0
sim-00021,steady,5,concept-3-item-5,concept-3,medium,5,0.561218,0.116342,True,False,37.605,9.153,1.846,1,False,1,1442.057,68.971,28.452,44.533,1,0,1.209,5,188.025,0
sim-00021,steady,6,concept-3-item-6,concept-3,medium,6,0.58228,0.151245,False,False,43.486,11.58,1.82,1,False,2,1541.654,62.16,31.906,44.533,3,0,1.112,6,260.919,0
sim-00021,steady,7,concept-4-item-7,concept-4,medium,7,0.519395,0.188474,True,False,53.386,17.022,1.797,1,False,2,1372.72,37.575,36.364,44.533,2,2,2.127,7,373.702,0
sim-00021,steady,8,concept-4-item-8,concept-4,hard,8,0.54577,0.22803,False,False,57.626,14.073,2.069,1,False,3,904.203,25.5,43.553,44.533,2,4,1.607,8,461.009,1
sim-00021,steady,9,concept-5-item-9,concept-5,hard,9,0.487523,0.269913,True,False,66.135,25.824,2.845,1,False,3,1687.073,15.045,40.312,44.533,5,1,2.031,9,595.218,0
sim-00021,steady,10,concept-5-item-10,concept-5,hard,10,0.517947,0.314123,False,False,74.734,25.218,1.704,2,False,3,1480.009,44.885,49.516,44.533,3,3,2.591,10,747.34,1
sim-00021,steady,11,concept-1-item-11,concept-1,easy,1,0.463235,0.36066,True,False,29.707,9.404,2.628,1,False,2,747.422,18.194,20.303,44.533,2,1,3.055,11,326.775,1
sim-00021,steady,12,concept-1-item-12,concept-1,easy,2,0.496745,0.386255,True,False,27.76,10.28,3.271,1,False,3,1069.519,32.292,17.48,44.533,4,3,2.451,12,333.115,1
sim-00022,rapid,1,concept-1-item-1,concept-1,easy,1,0.5071,0.0,True,False,9.183,3.303,0.768,1,False,1,229.578,86.509,5.88,60.996,0,0,0.922,1,9.183,0
sim-00022,rapid,2,concept-1-item-2,concept-1,easy,2,0.551039,0.026014,False,False,21.811,7.381,0.203,1,False,1,1175.365,69.293,14.429,60.996,2,0,0.911,2,43.621,0
sim-00022,rapid,3,concept-2-item-3,concept-2,easy,3,0.482494,0.054393,True,False,24.587,7.882,1.003,1,False,1,512.965,15.274,16.705,60.996,2,1,0.99,3,73.761,0
sim-00022,rapid,4,concept-2-item-4,concept-2,medium,4,0.53035,0.085137,True,False,37.246,13.95,1.89,1,False,1,1551.637,87.813,23.295,60.996,1,0,0.819,4,148.982,0
sim-00022,rapid,5,concept-3-item-5,concept-3,medium,5,0.570589,0.118245,False,False,40.145,10.249,1.729,1,False,1,1443.897,34.237,29.896,60.996,1,1,1.16,5,200.724,0
sim-00022,rapid,6,concept-3-item-6,concept-3,medium,6,0.498932,0.153719,False,False,50.01,13.275,1.379,1,False,2,1077.033,74.345,36.735,60.996,3,2,2.172,6,300.059,1
sim-00022,rapid,7,concept-4-item-7,concept-4,medium,7,0.438681,0.191557,True,False,61.916,22.025,2.255,1,False,1,1288.377,40.482,39.892,60.996,1,0,2.282,7,433.413,0
sim-00022,rapid,8,concept-4-item-8,concept-4,hard,8,0.49351,0.231761,False,False,61.66,23.858,2.229,1,False,2,2733.36,82.594,37.802,60.996,3,3,1.88,8,493.278,1
sim-00022,rapid,9,concept-5-item-9,concept-5,hard,9,0.434122,0.274329,False,False,61.505,15.569,2.971,1,False,2,2225.639,69.773,45.936,60.996,2,0,3.378,9,553.541,0
sim-00022,rapid,10,concept-5-item-10,concept-5,hard,10,0.384187,0.319262,False,False,77.664,24.669,3.21,2,False,2,1885.864,45.018,52.995,60.996,4,1,2.63,10,776.641,0
sim-00022,rapid,11,concept-1-item-11,concept-1,easy,1,0.3422,0.36656,True,False,35.816,10.446,2.726,1,False,2,803.56,20.434,25.37,60.996,2,1,2.521,11,393.976,0
sim-00022,rapid,12,concept-1-item-12,concept-1,easy,2,0.412386,0.392574,False,False,34.224,12.175,2.352,1,False,2,1173.038,45.662,22.049,60.996,4,3,4.358,12,410.684,0
sim-00023,careful,1,concept-1-item-1,concept-1,easy,1,0.163526,0.0,False,False,20.862,5.717,0.991,1,False,1,697.872,70.977,15.145,46.841,3,0,0,1,20.862,1
sim-00023,careful,2,concept-1-item-2,concept-1,easy,2,0.158431,0.040254,False,True,29.398,8.489,1.047,1,False,1,1373.964,18.208,20.909,46.841,3,0,1.173,2,58.795,1
sim-00023,careful,3,concept-2-item-3,concept-2,easy,3,0.153602,0.084167,False,True,35.648,8.703,0.524,1,False,2,1965.309,89.576,26.945,46.841,4,1,1.219,3,106.944,0
sim-00023,careful,4,concept-2-item-4,concept-2,medium,4,0.149025,0.13174,True,False,32.918,13.055,1.269,1,False,2,1403.843,106.171,19.863,46.841,2,1,1.988,4,131.673,0
sim-00023,careful,5,concept-3-item-5,concept-3,medium,5,0.203016,0.182972,False,False,44.333,11.177,1.037,1,False,2,949.385,25.322,33.155,46.841,2,1,1.428,5,221.663,0
sim-00023,careful,6,concept-3-item-6,concept-3,medium,6,0.195859,0.237863,True,False,53.291,15.444,1.861,1,False,2,1479.382,75.083,37.847,46.841,1,2,2.051,6,319.746,0
sim-00023,careful,7,concept-4-item-7,concept-4,medium,7,0.247404,0.296414,False,False,67.9,21.54,2.055,1,False,2,1246.8,46.797,46.36,46.841,1,0,2.387,7,475.298,0
sim-00023,careful,8,concept-4-item-8,concept-4,hard,8,0.23793,0.358624,False,False,68.611,19.039,3.138,1,False,3,846.82,45.273,49.572,46.841,4,2,3.07,8,548.889,1
sim-00023,careful,9,concept-5-item-9,concept-5,hard,9,0.228949,0.424494,False,False,76.059,24.391,2.331,1,False,3,1842.127,32.881,51.668,46.841,5,4,3.185,9,684.534,1
sim-00023,careful,10,concept-5-item-10,concept-5,hard,10,0.220438,0.494023,False,True,80.276,25.105,3.77,1,False,3,525.283,13.276,55.171,46.841,3,3,4.065,10,802.759,0
sim-00023,careful,11,concept-1-item-11,concept-1,easy,1,0.212371,0.567212,True,False,36.505,12.911,4.49,1,False,3,459.953,15.401,23.594,46.841,4,4,4.207,11,401.557,1
sim-00023,careful,12,concept-1-item-12,concept-1,easy,2,0.263055,0.607466,True,False,45.57,12.164,4.035,1,False,3,227.399,8.613,33.407,46.841,1,4,5.758,12,546.846,1
sim-00024,fatigable,1,concept-1-item-1,concept-1,easy,1,0.510152,0.0,True,False,17.549,6.984,1.589,1,False,1,213.319,46.312,10.565,40.243,1,0,0.624,1,17.549,0
sim-00024,fatigable,2,concept-1-item-2,concept-1,easy,2,0.519858,0.058088,True,False,29.371,10.796,0,1,False,2,536.881,18.579,18.575,40.243,3,3,1.429,2,58.742,1
sim-00024,fatigable,3,concept-2-item-3,concept-2,easy,3,0.528167,0.121457,True,False,34.352,11.446,2.807,1,False,1,395.731,15.854,22.907,40.243,1,1,1.162,3,103.057,1
sim-00024,fatigable,4,concept-2-item-4,concept-2,medium,4,0.535278,0.190107,True,False,37.532,9.153,1.948,1,False,1,440.92,15.853,28.379,40.243,2,0,2.036,4,150.13,1
sim-00024,fatigable,5,concept-3-item-5,concept-3,medium,5,0.541366,0.264037,True,False,40.395,13.382,1.802,1,False,2,400.437,15.714,27.013,40.243,2,2,2.367,5,201.975,1
sim-00024,fatigable,6,concept-3-item-6,concept-3,medium,6,0.546577,0.343248,True,False,48.53,16.455,2.028,1,True,2,364.585,3.437,32.075,40.243,2,2,2.595,6,291.18,1
sim-00024,fatigable,7,concept-4-item-7,concept-4,medium,7,0.551037,0.42774,False,False,58.869,15.886,3.544,2,True,3,0,0,42.982,40.243,4,3,3.002,7,412.082,1
sim-00024,fatigable,8,concept-4-item-8,concept-4,hard,8,0.480474,0.517512,True,False,68.263,21.146,4.301,1,True,2,114.918,1.37,47.118,40.243,4,0,4.48,8,546.107,1
sim-00024,fatigable,9,concept-5-item-9,concept-5,hard,9,0.494454,0.612566,False,False,80.62,30.222,4.18,1,True,3,0,0,50.398,40.243,6,2,5.327,9,725.58,1
sim-00024,fatigable,10,concept-5-item-10,concept-5,hard,10,0.43204,0.7129,False,False,83.351,24.471,4.858,1,True,3,0,0,58.88,40.243,4,2,5.021,10,833.51,1
sim-00024,fatigable,11,concept-1-item-11,concept-1,easy,1,0.378614,0.818514,True,False,38.694,11.767,5.72,1,True,3,0,0,26.926,40.243,4,3,6.35,11,425.629,1
sim-00024,fatigable,12,concept-1-item-12,concept-1,easy,2,0.407263,0.876602,False,False,51.74,12.948,6.381,2,True,3,0,0,38.793,40.243,5,3,5.716,12,620.886,1
sim-00025,steady,1,concept-1-item-1,concept-1,easy,1,0.294377,0.0,True,False,13.814,3.618,0.135,1,False,2,459.242,81.677,10.196,45.764,1,2,0,1,13.814,0
sim-00025,steady,2,concept-1-item-2,concept-1,easy,2,0.331136,0.02316,False,False,24.193,7.695,1.007,1,False,2,726.151,25.409,16.499,45.764,3,1,0.529,2,48.387,1
sim-00025,steady,3,concept-2-item-3,concept-2,easy,3,0.295889,0.048426,False,False,32.916,11.522,0.334,1,False,1,777.694,55.855,21.394,45.764,0,0,0.062,3,98.748,0
sim-00025,steady,4,concept-2-item-4,concept-2,medium,4,0.265081,0.075797,False,False,40.757,11.732,1.531,1,False,1,764.41,28.406,29.025,45.764,1,1,0.714,4,163.028,1
sim-00025,steady,5,concept-3-item-5,concept-3,medium,5,0.238153,0.105274,False,False,43.55,14.273,1.296,1,False,1,786.987,26.494,29.277,45.764,1,0,1.486,5,217.751,0
sim-00025,steady,6,concept-3-item-6,concept-3,medium,6,0.214617,0.136856,False,False,53.958,18.887,1.133,1,False,2,905.742,62.562,35.071,45.764,3,2,1.821,6,323.746,0
sim-00025,steady,7,concept-4-item-7,concept-4,medium,7,0.194045,0.170544,True,False,56.45,21.467,0.991,1,False,2,1062.855,11.201,34.983,45.764,2,3,1.3,7,395.148,1
sim-00025,steady,8,concept-4-item-8,concept-4,hard,8,0.243441,0.206337,False,False,64.893,20.501,3.308,2,False,2,1595.051,38.047,44.393,45.764,2,1,1.596,8,519.147,0
sim-00025,steady,9,concept-5-item-9,concept-5,hard,9,0.219238,0.244235,True,False,68.572,25.147,2.648,1,False,2,757.739,27.117,43.426,45.764,4,1,2.414,9,617.151,0
sim-00025,steady,10,concept-5-item-10,concept-5,hard,10,0.265461,0.284239,False,False,74.237,25.983,2.45,1,False,2,1720.26,19.248,48.254,45.764,5,1,3.768,10,742.366,1
sim-00025,steady,11,concept-1-item-11,concept-1,easy,1,0.238485,0.326349,True,False,21.878,6.301,2.564,1,False,2,451.579,42.942,15.577,45.764,2,2,2.801,11,240.658,0
sim-00025,steady,12,concept-1-item-12,concept-1,easy,2,0.282284,0.349509,True,False,33.198,10.487,1.408,1,False,3,493.969,16.652,22.711,45.764,3,3,2.955,12,398.378,0
sim-00026,rapid,1,concept-1-item-1,concept-1,easy,1,0.504028,0.0,True,False,19.126,5.338,1.428,1,False,1,616.849,50.971,13.788,65.151,2,0,0.03,1,19.126,0
sim-00026,rapid,2,concept-1-item-2,concept-1,easy,2,0.565672,0.030098,True,False,21.718,8.116,1.26,1,False,1,1062.864,45.931,13.602,65.151,1,0,0,2,43.437,0
sim-00026,rapid,3,concept-2-item-3,concept-2,easy,3,0.620717,0.062933,True,False,33.601,8.409,0.386,1,False,1,858.053,60.732,25.193,65.151,0,0,1.08,3,100.804,0
sim-00026,rapid,4,concept-2-item-4,concept-2,medium,4,0.669868,0.098503,True,False,36.17,12.335,0.388,1,False,2,1110.95,26.349,23.835,65.151,3,1,1.148,4,144.68,0
sim-00026,rapid,5,concept-3-item-5,concept-3,medium,5,0.713758,0.13681,True,False,42.097,16.72,1.541,1,False,2,1203.829,52.291,25.377,65.151,2,3,2.627,5,210.484,0
sim-00026,rapid,6,concept-3-item-6,concept-3,medium,6,0.752948,0.177853,True,False,46.806,15.668,1.683,1,False,2,1576.963,55.46,31.138,65.151,1,1,1.826,6,280.836,1
sim-00026,rapid,7,concept-4-item-7,concept-4,medium,7,0.787943,0.221633,False,False,55.056,16.524,1.071,1,False,2,1291.783,57.827,38.531,65.151,2,0,2.163,7,385.39,1
sim-00026,rapid,8,concept-4-item-8,concept-4,hard,8,0.720488,0.268148,True,False,64.811,22.508,2.637,1,False,2,2470.178,36.296,42.303,65.151,2,2,2.289,8,518.486,0
sim-00026,rapid,9,concept-5-item-9,concept-5,hard,9,0.758958,0.3174,False,False,68.361,23.557,2.496,1,False,2,1310.799,41.798,44.804,65.151,3,2,2.428,9,615.251,1
sim-00026,rapid,10,concept-5-item-10,concept-5,hard,10,0.694605,0.369388,False,False,74.007,26.164,2.248,1,False,2,1076.679,40.204,47.843,65.151,1,2,2.221,10,740.072,1
sim-00026,rapid,11,concept-1-item-11,concept-1,easy,1,0.637142,0.424112,True,False,20.489,6.076,3.935,1,False,2,197.911,28.333,14.414,65.151,3,3,3.318,11,225.382,1
sim-00026,rapid,12,concept-1-item-12,concept-1,easy,2,0.684535,0.45421,True,False,36.241,10.303,3.989,1,False,3,684.083,22.482,25.938,65.151,3,1,3.795,12,434.894,1
sim-00027,careful,1,concept-1-item-1,concept-1,easy,1,0.330592,0.0,True,False,19.458,5.519,0.759,1,False,1,449.667,82.129,13.939,24.349,1,0,0,1,19.458,0
sim-00027,careful,2,concept-1-item-2,concept-1,easy,2,0.384499,0.020821,True,False,28.648,7.84,0.646,1,False,2,1008.139,64.006,20.807,24.349,2,3,0.122,2,57.296,1
sim-00027,careful,3,concept-2-item-3,concept-2,easy,3,0.434689,0.043535,True,False,24.56,6.44,0.088,1,False,2,820.791,53.94,18.12,24.349,2,3,0.992,3,73.681,0
sim-00027,careful,4,concept-2-item-4,concept-2,medium,4,0.481419,0.068142,True,False,36.333,13.562,0.895,1,False,2,1351.238,26.067,22.771,24.349,2,2,0.848,4,145.333,1
sim-00027,careful,5,concept-3-item-5,concept-3,medium,5,0.524926,0.094641,True,False,44.042,16.814,1.546,1,False,2,1002.683,65.659,27.228,24.349,2,1,0.813,5,220.211,0
sim-00027,careful,6,concept-3-item-6,concept-3,medium,6,0.565433,0.123033,True,False,47.583,18.914,1.483,1,False,2,1293.008,18.625,28.669,24.349,2,2,0.723,6,285.5,0
sim-00027,careful,7,concept-4-item-7,concept-4,medium,7,0.603148,0.153318,True,False,51.007,16.105,1.966,1,False,2,1613.279,72.998,34.902,24.349,2,0,2.169,7,357.049,0
sim-00027,careful,8,concept-4-item-8,concept-4,hard,8,0.638262,0.185496,False,False,53.084,21.086,2.133,1,False,2,1845.658,58.476,31.998,24.349,2,2,2.165,8,424.673,0
sim-00027,careful,9,concept-5-item-9,concept-5,hard,9,0.601429,0.219567,False,False,63.155,16.532,2.546,1,False,2,1860.116,19.027,46.623,24.349,1,3,2.301,9,568.396,1
sim-00027,careful,10,concept-5-item-10,concept-5,hard,10,0.567135,0.255531,False,False,68.037,25.086,2.086,1,False,3,1407.407,60.689,42.951,24.349,3,2,1.393,10,680.372,1
sim-00027,careful,11,concept-1-item-11,concept-1,easy,1,0.535206,0.293387,True,False,20.583,5.434,1.825,1,False,3,522.203,32.088,15.149,24.349,4,3,3.114,11,226.416,1
sim-00027,careful,12,concept-1-item-12,concept-1,easy,2,0.575004,0.314208,True,False,31.93,9.841,1.827,1,False,3,1113.853,23.347,22.09,24.349,4,3,2.672,12,383.165,1
sim-00028,fatigable,1,concept-1-item-1,concept-1,easy,1,0.427021,0.0,True,False,19.568,6.612,0.326,1,False,1,590.04,53.147,12.956,32.053,3,0,1.425,1,19.568,1
sim-00028,fatigable,2,concept-1-item-2,concept-1,easy,2,0.418032,0.055685,True,False,27.838,7.452,1.183,1,False,1,622.607,34.207,20.386,32.053,1,1,0.675,2,55.676,0
sim-00028,fatigable,3,concept-2-item-3,concept-2,easy,3,0.410752,0.116432,True,False,36.448,9.505,1.84,1,False,2,1055.968,18.757,26.943,32.053,3,0,1.446,3,109.344,1
sim-00028,fatigable,4,concept-2-item-4,concept-2,medium,4,0.404856,0.182241,True,False,40.771,13.596,2.239,1,False,2,489.925,16.879,27.175,32.053,2,1,1.64,4,163.084,0
sim-00028,fatigable,5,concept-3-item-5,concept-3,medium,5,0.400081,0.253113,True,False,49.057,12.214,2.417,1,False,2,697.756,15.512,36.842,32.053,3,3,1.728,5,245.284,0
sim-00028,fatigable,6,concept-3-item-6,concept-3,medium,6,0.396213,0.329047,True,False,56.394,18.351,1.932,1,False,2,656.75,22.354,38.043,32.053,3,1,2.207,6,338.364,1
sim-00028,fatigable,7,concept-4-item-7,concept-4,medium,7,0.393081,0.410043,False,True,57.353,20.467,3.208,1,True,2,0,0,36.886,32.053,3,2,3.884,7,401.47,1
sim-00028,fatigable,8,concept-4-item-8,concept-4,hard,8,0.324396,0.496102,False,False,67.265,22.738,3.215,1,True,3,140.582,1.698,44.527,32.053,4,2,4.356,8,538.12,1
sim-00028,fatigable,9,concept-5-item-9,concept-5,hard,9,0.26877,0.587222,False,False,74.686,22.207,4.084,1,True,3,0,0,52.478,32.053,3,2,4.32,9,672.171,1
sim-00028,fatigable,10,concept-5-item-10,concept-5,hard,10,0.223719,0.683405,False,False,84.309,20.416,4.934,2,True,3,0,0,63.893,32.053,4,2,5.801,10,843.088,1
sim-00028,fatigable,11,concept-1-item-11,concept-1,easy,1,0.187234,0.784651,True,False,48.749,18.411,4.661,1,True,4,0,0,30.338,32.053,4,4,6.922,11,536.236,1
sim-00028,fatigable,12,concept-1-item-12,concept-1,easy,2,0.223834,0.840336,False,False,50.041,19.604,5.646,2,True,4,0,0,30.437,32.053,4,5,5.783,12,600.494,1
sim-00029,steady,1,concept-1-item-1,concept-1,easy,1,0.227414,0.0,True,False,21.564,6.959,0.73,1,False,1,1123.99,79.794,14.605,54.629,1,0,0.48,1,21.564,1
sim-00029,steady,2,concept-1-item-2,concept-1,easy,2,0.299836,0.021034,True,False,20.986,6.677,0.914,1,False,1,493.262,40.333,14.309,54.629,3,1,0.644,2,41.972,0
sim-00029,steady,3,concept-2-item-3,concept-2,easy,3,0.368348,0.043981,False,False,34.703,11.886,0.656,2,False,1,1455.269,77.615,22.817,54.629,2,1,1.342,3,104.11,0
sim-00029,steady,4,concept-2-item-4,concept-2,medium,4,0.357636,0.06884,True,False,30.858,11.214,1.228,1,False,1,1343.698,45.038,19.644,54.629,1,0,0.446,4,123.433,0
sim-00029,steady,5,concept-3-item-5,concept-3,medium,5,0.423028,0.09561,False,False,39.595,9.983,1.292,1,False,2,1066.853,35.558,29.613,54.629,1,1,0.613,5,197.977,0
sim-00029,steady,6,concept-3-item-6,concept-3,medium,6,0.409364,0.124294,True,False,48.075,16.559,1.504,1,False,1,1078.199,76.631,31.516,54.629,3,0,1.633,6,288.451,0
sim-00029,steady,7,concept-4-item-7,concept-4,medium,7,0.471963,0.154889,False,False,54.156,19.851,1.445,2,False,1,1758.223,36.936,34.305,54.629,0,0,2.11,7,379.09,0
sim-00029,steady,8,concept-4-item-8,concept-4,hard,8,0.455657,0.187396,False,False,57.625,15.906,1.634,1,False,1,2224.141,72.623,41.719,54.629,1,2,1.612,8,461.002,0
sim-00029,steady,9,concept-5-item-9,concept-5,hard,9,0.440232,0.221816,False,False,66.36,19.957,1.652,1,False,2,1107.854,21.299,46.403,54.629,6,1,1.855,9,597.239,1
sim-00029,steady,10,concept-5-item-10,concept-5,hard,10,0.425639,0.258148,False,False,72.183,23.326,1.367,2,False,2,1381.158,28.163,48.858,54.629,1,1,2.196,10,721.832,1
sim-00029,steady,11,concept-1-item-11,concept-1,easy,1,0.411835,0.296392,False,False,30.715,7.786,2.414,1,False,1,657.144,32.401,22.929,54.629,0,0,2.432,11,337.87,0
sim-00029,steady,12,concept-1-item-12,concept-1,easy,2,0.398775,0.317427,True,False,37.721,11.912,2.861,1,False,2,495.523,28.715,25.809,54.629,2,0,3.091,12,452.648,0
sim-00030,rapid,1,concept-1-item-1,concept-1,easy,1,0.443984,0.0,True,False,24.609,9.099,0.489,1,False,1,810.887,102.412,15.51,54.184,3,2,0,1,24.609,0
sim-00030,rapid,2,concept-1-item-2,concept-1,easy,2,0.516022,0.025807,False,False,16.277,6.248,1.706,2,False,1,406.284,21.261,10.03,54.184,1,0,0.575,2,32.555,0
sim-00030,rapid,3,concept-2-item-3,concept-2,easy,3,0.471959,0.053959,True,False,23.53,7.472,1.876,1,False,1,851.409,61.943,16.058,54.184,1,0,0.652,3,70.591,0
sim-00030,rapid,4,concept-2-item-4,concept-2,medium,4,0.540538,0.084458,True,False,30.76,11.956,1.743,1,False,1,1292.554,19.814,18.804,54.184,2,1,1.017,4,123.038,0
sim-00030,rapid,5,concept-3-item-5,concept-3,medium,5,0.60064,0.117303,False,False,43.476,13.168,1.978,1,False,1,1734.534,18.267,30.309,54.184,1,3,0.792,5,217.381,0
sim-00030,rapid,6,concept-3-item-6,concept-3,medium,6,0.546116,0.152494,False,False,47.891,15.119,1.208,1,False,1,2257.544,76.114,32.772,54.184,1,2,1.441,6,287.347,0
sim-00030,rapid,7,concept-4-item-7,concept-4,medium,7,0.498332,0.190031,True,False,59.228,19.21,1.797,1,False,1,2326.849,18.988,40.018,54.184,1,0,1.121,7,414.597,0
sim-00030,rapid,8,concept-4-item-8,concept-4,hard,8,0.563651,0.229914,True,False,64.814,24.836,2.723,1,False,2,1666.07,56.616,39.979,54.184,2,0,1.59,8,518.515,0
sim-00030,rapid,9,concept-5-item-9,concept-5,hard,9,0.620895,0.272143,False,False,61.409,21.92,2.427,1,False,1,1944.231,39.597,39.489,54.184,2,1,2.496,9,552.682,0
sim-00030,rapid,10,concept-5-item-10,concept-5,hard,10,0.563867,0.316719,False,True,61.249,24.163,1.875,1,False,2,895.582,34.474,37.086,54.184,2,2,2.542,10,612.486,0
sim-00030,rapid,11,concept-1-item-11,concept-1,easy,1,0.513889,0.36364,True,False,31.832,12.452,2.745,1,False,1,723.846,20.667,19.379,54.184,0,0,3.35,11,350.151,0
sim-00030,rapid,12,concept-1-item-12,concept-1,easy,2,0.577285,0.389446,True,False,32.773,11.165,2.762,1,False,2,388.731,28.928,21.608,54.184,2,3,3.558,12,393.282,1
sim-00031,careful,1,concept-1-item-1,concept-1,easy,1,0.243064,0.0,True,False,24.88,9.209,0.086,1,False,2,907.318,79.509,15.671,19.717,1,1,0.228,1,24.88,1
sim-00031,careful,2,concept-1-item-2,concept-1,easy,2,0.279301,0.032257,False,False,26.849,9.511,0.904,1,False,2,1083.839,92.925,17.337,19.717,3,0,0.691,2,53.697,0
sim-00031,careful,3,concept-2-item-3,concept-2,easy,3,0.265904,0.067445,False,False,25.767,8.363,1.448,1,False,2,758.53,49.603,17.404,19.717,2,3,0.929,3,77.3,1
sim-00031,careful,4,concept-2-item-4,concept-2,medium,4,0.253149,0.105567,True,False,42.951,15.538,1.264,1,False,2,1015.994,44.191,27.413,19.717,2,0,1.397,4,171.805,1
sim-00031,careful,5,concept-3-item-5,concept-3,medium,5,0.288903,0.146621,False,False,47.838,15.651,1.319,1,False,2,1495.881,20.8,32.187,19.717,3,2,1.155,5,239.19,0
sim-00031,careful,6,concept-3-item-6,concept-3,medium,6,0.275047,0.190607,False,False,49.59,17.229,1.828,1,False,2,1542.326,44.556,32.361,19.717,4,1,1.969,6,297.539,0
sim-00031,careful,7,concept-4-item-7,concept-4,medium,7,0.261854,0.237525,True,False,58.869,17.292,2.17,1,False,3,1713.655,12.216,41.577,19.717,5,3,2.175,7,412.08,0
sim-00031,careful,8,concept-4-item-8,concept-4,hard,8,0.297192,0.287376,True,False,67.184,26.216,1.955,1,False,3,1456.126,23.201,40.968,19.717,4,2,2.307,8,537.468,1
sim-00031,careful,9,concept-5-item-9,concept-5,hard,9,0.330839,0.34016,False,False,71.405,23.932,2.816,1,False,3,1884.487,31.322,47.473,19.717,4,3,3.364,9,642.643,1
sim-00031,careful,10,concept-5-item-10,concept-5,hard,10,0.314977,0.395876,False,False,77.628,26.317,2.926,1,False,3,1081.1,26.634,51.312,19.717,4,3,3.385,10,776.28,1
sim-00031,careful,11,concept-1-item-11,concept-1,easy,1,0.299873,0.454524,True,False,31.498,10.976,3.735,1,False,3,281.84,23.804,20.522,19.717,3,2,2.565,11,346.483,1
sim-00031,careful,12,concept-1-item-12,concept-1,easy,2,0.333392,0.48678,False,False,39.173,11.611,2.781,1,False,3,192.999,5.588,27.562,19.717,3,1,4.281,12,470.075,1
sim-00032,fatigable,1,concept-1-item-1,concept-1,easy,1,0.488409,0.0,True,False,20.705,5.598,1.757,1,False,1,230.257,14.887,15.107,32.744,1,2,0.914,1,20.705,0
sim-00032,fatigable,2,concept-1-item-2,concept-1,easy,2,0.461852,0.070843,True,False,24.987,7.071,0.177,1,False,1,481.161,46.2,17.916,32.744,1,0,1.222,2,49.973,1
sim-00032,fatigable,3,concept-2-item-3,concept-2,easy,3,0.439897,0.148127,True,False,31.041,8.608,1.203,1,False,1,302.525,6.045,22.433,32.744,3,0,0.867,3,93.123,1
sim-00032,fatigable,4,concept-2-item-4,concept-2,medium,4,0.421748,0.231851,True,False,41.458,12.797,2.065,1,True,2,166.881,8.567,28.661,32.744,1,0,3.033,4,165.83,1
sim-00032,fatigable,5,concept-3-item-5,concept-3,medium,5,0.406745,0.322016,False,False,52.641,18.506,2.006,2,True,2,453.312,11.832,34.135,32.744,3,0,2.613,5,263.207,1
sim-00032,fatigable,6,concept-3-item-6,concept-3,medium,6,0.338769,0.418621,False,True,59.743,14.779,2.981,2,True,3,0,0,44.964,32.744,4,2,3.005,6,358.46,1
sim-00032,fatigable,7,concept-4-item-7,concept-4,medium,7,0.282575,0.521666,False,False,73.447,18.377,4.052,1,True,3,0,0,55.07,32.744,4,2,4.132,7,514.131,1
sim-00032,fatigable,8,concept-4-item-8,concept-4,hard,8,0.236121,0.631151,False,False,70.058,18.85,4.426,1,True,3,0,0,51.208,32.744,5,0,5.337,8,560.468,1
sim-00032,fatigable,9,concept-5-item-9,concept-5,hard,9,0.197719,0.747077,False,True,84.432,28.001,5.025,2,True,4,0,0,56.431,32.744,3,4,5.092,9,759.889,1
sim-00032,fatigable,10,concept-5-item-10,concept-5,hard,10,0.165973,0.869443,False,True,82.991,27.257,6.385,2,True,4,0,0,55.733,32.744,4,4,5.627,10,829.907,1
sim-00032,fatigable,11,concept-1-item-11,concept-1,easy,1,0.139729,0.998249,False,False,45.026,17.048,6.685,1,True,5,0,0,27.978,32.744,6,5,8.37,11,495.286,1
sim-00032,fatigable,12,concept-1-item-12,concept-1,easy,2,0.118035,1.0,False,False,59.348,17.281,6.093,2,True,4,0,0,42.066,32.744,5,4,7.479,12,712.173,1
sim-00033,steady,1,concept-1-item-1,concept-1,easy,1,0.200267,0.0,True,False,18.025,6.573,1.087,1,False,1,877.885,97.406,11.452,43.365,1,0,0.965,1,18.025,0
sim-00033,steady,2,concept-1-item-2,concept-1,easy,2,0.275508,0.039008,True,False,25.338,6.33,0.393,1,False,1,694.779,35.234,19.008,43.365,1,0,1.764,2,50.677,0
sim-00033,steady,3,concept-2-item-3,concept-2,easy,3,0.345981,0.081562,False,True,37.17,13.412,1.017,1,False,1,1674.068,61.69,23.758,43.365,1,1,1.016,3,111.51,0
sim-00033,steady,4,concept-2-item-4,concept-2,medium,4,0.334035,0.127662,False,False,44.955,12.836,1.275,1,False,1,2016.398,35.84,32.119,43.365,1,0,0.786,4,179.819,0
sim-00033,steady,5,concept-3-item-5,concept-3,medium,5,0.322846,0.177308,False,False,44.138,10.856,1.496,1,False,1,731.117,14.573,33.282,43.365,4,0,1.016,5,220.691,0
sim-00033,steady,6,concept-3-item-6,concept-3,medium,6,0.312367,0.230501,False,False,49.308,17.795,1.968,1,False,2,1621.962,49.573,31.513,43.365,3,2,2.875,6,295.849,1
sim-00033,steady,7,concept-4-item-7,concept-4,medium,7,0.302552,0.28724,False,False,59.46,21.094,2.06,1,False,2,1176.242,16.463,38.366,43.365,2,0,2.41,7,416.217,1
sim-00033,steady,8,concept-4-item-8,concept-4,hard,8,0.293359,0.347524,False,False,62.638,16.745,3.819,1,False,2,1257.503,39.494,45.893,43.365,1,1,1.961,8,501.105,1
sim-00033,steady,9,concept-5-item-9,concept-5,hard,9,0.284748,0.411356,False,True,76.533,20.912,2.643,1,False,2,1494.622,39.061,55.62,43.365,2,1,2.849,9,688.793,1
sim-00033,steady,10,concept-5-item-10,concept-5,hard,10,0.276684,0.478733,False,False,76.208,27.423,3.253,1,False,2,1789.438,19.97,48.785,43.365,1,1,4.158,10,762.078,0
sim-00033,steady,11,concept-1-item-11,concept-1,easy,1,0.26913,0.549656,True,False,28.933,11.568,4.616,1,True,3,271.268,11.378,17.365,43.365,3,3,3.889,11,318.26,0
sim-00033,steady,12,concept-1-item-12,concept-1,easy,2,0.340007,0.588664,True,False,38.706,11.17,4.397,1,False,3,480.408,19.978,27.537,43.365,2,2,4.417,12,464.477,1
sim-00034,rapid,1,concept-1-item-1,concept-1,easy,1,0.521893,0.0,True,False,17.634,5.343,0.465,1,False,1,788.814,58.395,12.292,51.232,0,1,0,1,17.634,0
sim-00034,rapid,2,concept-1-item-2,concept-1,easy,2,0.551184,0.024787,True,False,22.479,8.019,1.264,1,False,1,505.884,104.361,14.46,51.232,1,0,0.39,2,44.959,0
sim-00034,rapid,3,concept-2-item-3,concept-2,easy,3,0.575825,0.051828,False,False,37.367,10.157,1.057,1,False,1,2083.538,44.323,27.21,51.232,1,0,0.86,3,112.101,0
sim-00034,rapid,4,concept-2-item-4,concept-2,medium,4,0.500449,0.081123,False,False,40.544,13.194,1.571,2,False,1,1630.587,59.733,27.35,51.232,2,2,0.962,4,162.178,0
sim-00034,rapid,5,concept-3-item-5,concept-3,medium,5,0.437038,0.11267,True,False,48.751,17.779,1.504,1,False,1,2710.382,36.173,30.972,51.232,1,1,2.082,5,243.756,0
sim-00034,rapid,6,concept-3-item-6,concept-3,medium,6,0.4798,0.146471,False,False,47.881,14.001,1.378,2,False,1,1800.803,85.235,33.879,51.232,0,0,0.876,6,287.285,1
sim-00034,rapid,7,concept-4-item-7,concept-4,medium,7,0.419667,0.182526,True,False,51.877,20.658,1.86,1,False,2,2278.78,83.479,31.22,51.232,3,0,1.595,7,363.142,0
sim-00034,rapid,8,concept-4-item-8,concept-4,hard,8,0.465186,0.220834,False,False,56.957,21.369,1.721,1,False,1,1520.859,68.481,35.588,51.232,1,1,2.831,8,455.656,0
sim-00034,rapid,9,concept-5-item-9,concept-5,hard,9,0.407374,0.261395,False,False,69.853,20.939,3.125,1,False,1,2605.436,60.208,48.914,51.232,1,1,1.833,9,628.678,0
sim-00034,rapid,10,concept-5-item-10,concept-5,hard,10,0.358739,0.30421,False,False,69.042,21.421,2.206,1,False,2,2103.279,13.61,47.62,51.232,2,1,2.452,10,690.415,0
sim-00034,rapid,11,concept-1-item-11,concept-1,easy,1,0.317825,0.349278,True,False,30.369,8.408,2.966,1,False,1,738.75,38.971,21.961,51.232,2,1,3.771,11,334.055,0
sim-00034,rapid,12,concept-1-item-12,concept-1,easy,2,0.379511,0.374065,True,False,28.499,8.102,2.621,1,False,2,817.944,59.712,20.397,51.232,2,2,3.149,12,341.988,0
sim-00035,careful,1,concept-1-item-1,concept-1,easy,1,0.298964,0.0,True,False,30.227,10.281,0,1,False,2,912.255,64.516,19.946,33.066,2,0,0.804,1,30.227,0
sim-00035,careful,2,concept-1-item-2,concept-1,easy,2,0.314016,0.025448,False,False,23.117,7.397,0.59,1,False,2,893.277,77.382,15.72,33.066,2,0,0.684,2,46.233,1
sim-00035,careful,3,concept-2-item-3,concept-2,easy,3,0.280848,0.053209,True,False,31.446,8.536,0.465,1,False,2,1119.781,75.639,22.91,33.066,4,3,0.454,3,94.337,0
sim-00035,careful,4,concept-2-item-4,concept-2,medium,4,0.297787,0.083284,False,False,40.889,14.647,0.14,1,False,2,1664.334,33.58,26.242,33.066,2,2,1.192,4,163.557,0
sim-00035,careful,5,concept-3-item-5,concept-3,medium,5,0.26631,0.115673,False,False,44.236,15.641,0.527,1,False,2,1232.961,50.313,28.596,33.066,2,1,1.554,5,221.182,0
sim-00035,careful,6,concept-3-item-6,concept-3,medium,6,0.238113,0.150374,False,False,47.422,13.572,2.33,1,False,2,1262.76,78.545,33.849,33.066,2,3,2.92,6,284.53,0
sim-00035,careful,7,concept-4-item-7,concept-4,medium,7,0.212853,0.18739,False,False,58.05,22.684,1.664,1,False,2,1454.271,61.387,35.365,33.066,1,1,2.335,7,406.349,0
sim-00035,careful,8,concept-4-item-8,concept-4,hard,8,0.190226,0.226718,False,True,62.565,23.635,1.963,1,False,2,943.815,45.968,38.929,33.066,2,3,1.55,8,500.518,1
sim-00035,careful,9,concept-5-item-9,concept-5,hard,9,0.169956,0.268361,False,False,76.767,28.505,2.824,1,False,3,1758.322,20.926,48.262,33.066,2,1,2.397,9,690.905,0
sim-00035,careful,10,concept-5-item-10,concept-5,hard,10,0.151798,0.312316,False,False,75.096,29.894,2.998,1,False,3,1088.709,28.022,45.201,33.066,4,3,3.226,10,750.956,1
sim-00035,careful,11,concept-1-item-11,concept-1,easy,1,0.135532,0.358585,True,False,39.129,13.081,2.858,1,False,2,470.175,32.843,26.048,33.066,3,1,3.579,11,430.42,0
sim-00035,careful,12,concept-1-item-12,concept-1,easy,2,0.167613,0.384033,True,False,33.094,10.541,2.556,1,False,2,867.568,10.318,22.553,33.066,0,2,2.157,12,397.13,0
sim-00036,fatigable,1,concept-1-item-1,concept-1,easy,1,0.252556,0.0,True,False,19.212,7.164,0.235,1,False,2,610.361,27.464,12.048,37.966,2,2,0.158,1,19.212,1
sim-00036,fatigable,2,concept-1-item-2,concept-1,easy,2,0.285016,0.073512,False,False,28.901,9.34,1.654,2,False,2,871.873,34.182,19.561,37.966,3,1,0.708,2,57.801,0
sim-00036,fatigable,3,concept-2-item-3,concept-2,easy,3,0.248669,0.153707,True,False,37.235,13.394,2.143,1,False,2,445.449,32.263,23.841,37.966,4,1,1.908,3,111.705,1
sim-00036,fatigable,4,concept-2-item-4,concept-2,medium,4,0.281697,0.240585,False,True,42.574,13.65,1.779,2,False,2,256.267,20.327,28.924,37.966,5,1,1.961,4,170.295,1
sim-00036,fatigable,5,concept-3-item-5,concept-3,medium,5,0.245836,0.334146,False,False,53.612,17.369,2.858,2,False,2,248.091,5.912,36.243,37.966,2,1,2.514,5,268.058,1
sim-00036,fatigable,6,concept-3-item-6,concept-3,medium,6,0.215221,0.43439,False,False,57.762,20.49,2.641,1,True,3,397.45,16.175,37.273,37.966,2,0,3.476,6,346.573,1
sim-00036,fatigable,7,concept-4-item-7,concept-4,medium,7,0.189086,0.541317,False,False,62.998,18.12,3.996,2,True,4,0,0,44.878,37.966,5,2,3.96,7,440.985,1
sim-00036,fatigable,8,concept-4-item-8,concept-4,hard,8,0.166774,0.654927,False,False,77.129,24.922,4.765,1,True,3,0,0,52.208,37.966,4,3,4.37,8,617.035,1
sim-00036,fatigable,9,concept-5-item-9,concept-5,hard,9,0.147727,0.775219,False,False,84.43,21.674,4.984,1,True,4,0,0,62.756,37.966,5,3,6.011,9,759.866,1
sim-00036,fatigable,10,concept-5-item-10,concept-5,hard,10,0.131466,0.902195,False,False,88.29,24.139,6.199,1,True,4,0,0,64.151,37.966,6,3,7.205,10,882.898,1
sim-00036,fatigable,11,concept-1-item-11,concept-1,easy,1,0.117584,1.0,False,False,46.906,17.819,5.924,1,True,4,0,0,29.087,37.966,4,3,7.447,11,515.965,1
sim-00036,fatigable,12,concept-1-item-12,concept-1,easy,2,0.105734,1.0,False,True,50.769,18.404,6.453,2,True,5,0,0,32.364,37.966,4,4,7.649,12,609.222,1
sim-00037,steady,1,concept-1-item-1,concept-1,easy,1,0.416466,0.0,True,False,18.576,6.15,0.485,1,False,1,642.498,36.746,12.426,46.363,1,1,0.25,1,18.576,0
sim-00037,steady,2,concept-1-item-2,concept-1,easy,2,0.450531,0.018035,False,False,26.116,9.979,0.635,1,False,1,1101.276,54.761,16.137,46.363,2,0,0.067,2,52.233,0
sim-00037,steady,3,concept-2-item-3,concept-2,easy,3,0.418617,0.03771,True,False,32.167,12.567,1.301,1,False,1,951.189,65.485,19.6,46.363,3,0,0,3,96.501,0
sim-00037,steady,4,concept-2-item-4,concept-2,medium,4,0.452505,0.059024,True,False,39.704,12.112,0.526,1,False,1,689.366,62.007,27.592,46.363,1,1,1.415,4,158.815,0
sim-00037,steady,5,concept-3-item-5,concept-3,medium,5,0.483612,0.081978,True,False,42.734,14.431,0.837,1,False,1,1295.37,64.036,28.303,46.363,1,1,0.778,5,213.672,0
sim-00037,steady,6,concept-3-item-6,concept-3,medium,6,0.512166,0.106571,False,False,48.642,17.009,1.159,1,False,2,2269.655,64.575,31.633,46.363,1,3,0.389,6,291.85,0
sim-00037,steady,7,concept-4-item-7,concept-4,medium,7,0.475194,0.132804,False,False,49.824,18.15,1.736,1,False,2,1907.229,39.346,31.674,46.363,3,1,0.745,7,348.767,1
sim-00037,steady,8,concept-4-item-8,concept-4,hard,8,0.441257,0.160677,False,False,60.998,16.893,1.267,1,False,1,1655.399,18.885,44.105,46.363,3,1,1.565,8,487.985,0
sim-00037,steady,9,concept-5-item-9,concept-5,hard,9,0.410104,0.190189,False,True,62.225,23.213,0.866,1,False,2,1382.17,23.675,39.012,46.363,2,1,2.044,9,560.026,0
sim-00037,steady,10,concept-5-item-10,concept-5,hard,10,0.381509,0.22134,False,False,77.375,30.778,1.512,1,False,2,1309.411,56.899,46.596,46.363,4,1,1.582,10,773.747,1
sim-00037,steady,11,concept-1-item-11,concept-1,easy,1,0.35526,0.254131,True,False,32.775,9.556,2.383,1,False,2,803.846,57.877,23.219,46.363,3,0,2.895,11,360.521,0
sim-00037,steady,12,concept-1-item-12,concept-1,easy,2,0.394347,0.272166,True,False,29.234,10.908,2.684,1,False,2,648.364,22.648,18.326,46.363,2,1,1.72,12,350.809,0
sim-00038,rapid,1,concept-1-item-1,concept-1,easy,1,0.351668,0.0,True,False,24.33,6.181,0.2,1,False,1,512.784,42.237,18.149,66.668,2,1,0.553,1,24.33,0
sim-00038,rapid,2,concept-1-item-2,concept-1,easy,2,0.454982,0.022224,True,False,18.359,5.455,1.105,1,False,0,761.674,49.587,12.904,66.668,2,0,1.148,2,36.718,1
sim-00038,rapid,3,concept-2-item-3,concept-2,easy,3,0.550058,0.046469,False,False,33.441,12.156,0.701,2,False,1,1430.385,85.015,21.285,66.668,1,0,0.916,3,100.323,0
sim-00038,rapid,4,concept-2-item-4,concept-2,medium,4,0.527037,0.072734,False,False,33.678,11.149,1.118,2,False,1,1672.168,96.768,22.529,66.668,0,0,0.767,4,134.713,0
sim-00038,rapid,5,concept-3-item-5,concept-3,medium,5,0.505852,0.101019,True,False,47.669,12.575,0.936,1,False,1,943.114,75.364,35.094,66.668,2,1,0.762,5,238.344,1
sim-00038,rapid,6,concept-3-item-6,concept-3,medium,6,0.596872,0.131325,True,False,41.633,15.334,0.818,1,False,1,2324.918,59.4,26.299,66.668,0,3,1.279,6,249.8,0
sim-00038,rapid,7,concept-4-item-7,concept-4,medium,7,0.680635,0.163651,False,False,55.555,15.996,1.248,1,False,1,2278.236,48.853,39.558,66.668,1,2,0.822,7,388.882,0
sim-00038,rapid,8,concept-4-item-8,concept-4,hard,8,0.647202,0.197997,True,False,52.451,15.61,1.988,1,False,2,1437.381,30.892,36.842,66.668,2,2,1.421,8,419.611,0
sim-00038,rapid,9,concept-5-item-9,concept-5,hard,9,0.726952,0.234364,False,False,62.112,15.285,2.404,1,False,1,1220.54,38.197,46.827,66.668,2,0,1.82,9,559.012,1
sim-00038,rapid,10,concept-5-item-10,concept-5,hard,10,0.689826,0.272751,False,False,66.062,25.414,2.157,1,False,1,2769.599,42.006,40.648,66.668,3,1,2.995,10,660.618,1
sim-00038,rapid,11,concept-1-item-11,concept-1,easy,1,0.65566,0.313159,True,False,30.416,8.27,2.841,1,False,1,533.816,38.366,22.146,66.668,2,0,3.186,11,334.575,0
sim-00038,rapid,12,concept-1-item-12,concept-1,easy,2,0.734735,0.335383,True,False,34.956,13.952,2.037,1,False,2,923.833,33.631,21.005,66.668,2,2,2.212,12,419.476,0
sim-00039,careful,1,concept-1-item-1,concept-1,easy,1,0.221692,0.0,True,False,17.513,6.497,1.172,1,False,1,632.43,37.475,11.016,45.058,1,0,1.29,1,17.513,0
sim-00039,careful,2,concept-1-item-2,concept-1,easy,2,0.274785,0.039423,True,False,23.291,5.778,0.268,1,False,2,1046.526,83.13,17.514,45.058,2,1,0.884,2,46.583,1
sim-00039,careful,3,concept-2-item-3,concept-2,easy,3,0.323073,0.08243,True,False,37.6,14.728,1.175,1,False,2,1685.367,83.9,22.872,45.058,1,2,1.292,3,112.801,1
sim-00039,careful,4,concept-2-item-4,concept-2,medium,4,0.36699,0.129021,False,False,39.689,13.066,1.071,1,False,2,1771.463,82.272,26.623,45.058,3,0,1.65,4,158.756,0
sim-00039,careful,5,concept-3-item-5,concept-3,medium,5,0.340062,0.179196,False,False,37.598,14.409,1.616,1,False,1,982.975,56.477,23.188,45.058,0,0,1.391,5,187.989,0
sim-00039,careful,6,concept-3-item-6,concept-3,medium,6,0.315573,0.232955,False,False,47.64,17.848,2.091,1,False,2,1421.875,19.361,29.792,45.058,5,1,3.204,6,285.839,0
sim-00039,careful,7,concept-4-item-7,concept-4,medium,7,0.293299,0.290298,False,False,58.164,14.637,2.185,1,False,2,1536.164,23.413,43.527,45.058,3,2,2.414,7,407.146,0
sim-00039,careful,8,concept-4-item-8,concept-4,hard,8,0.273042,0.351225,False,False,64.88,20.614,2.206,1,False,3,1298.874,45.305,44.266,45.058,3,2,3.08,8,519.041,1
sim-00039,careful,9,concept-5-item-9,concept-5,hard,9,0.254618,0.415735,False,False,73.478,24.139,2.991,1,False,3,1448.014,47.63,49.339,45.058,4,5,3.438,9,661.298,0
sim-00039,careful,10,concept-5-item-10,concept-5,hard,10,0.237862,0.48383,False,False,72.909,18.038,3.584,1,False,2,1070.258,25.345,54.871,45.058,0,1,3.92,10,729.088,1
sim-00039,careful,11,concept-1-item-11,concept-1,easy,1,0.222622,0.555508,True,False,43.533,12.913,3.331,1,False,3,403.177,12.967,30.62,45.058,3,4,3.39,11,478.868,1
sim-00039,careful,12,concept-1-item-12,concept-1,easy,2,0.275631,0.594932,True,False,40.731,12.92,3.868,1,True,3,162.568,6.6,27.81,45.058,3,2,4.584,12,488.768,1
sim-00040,fatigable,1,concept-1-item-1,concept-1,easy,1,0.304928,0.0,True,False,19.557,4.901,0.701,1,False,1,474.509,29.777,14.656,47.135,0,0,0.024,1,19.557,0
sim-00040,fatigable,2,concept-1-item-2,concept-1,easy,2,0.315521,0.07806,True,False,28.019,7.798,1.045,1,False,2,880.171,54.223,20.221,47.135,2,0,1.395,2,56.039,0
sim-00040,fatigable,3,concept-2-item-3,concept-2,easy,3,0.32444,0.163216,True,False,32.089,7.749,1.346,1,False,2,745.293,36.552,24.34,47.135,2,1,2.033,3,96.268,0
sim-00040,fatigable,4,concept-2-item-4,concept-2,medium,4,0.331949,0.255468,True,False,42.622,12.384,2.13,1,False,2,569.014,32.125,30.239,47.135,2,2,2.877,4,170.489,1
sim-00040,fatigable,5,concept-3-item-5,concept-3,medium,5,0.338272,0.354817,True,False,53.441,18.434,2.375,1,False,3,762.614,44.242,35.008,47.135,4,2,2.541,5,267.206,1
sim-00040,fatigable,6,concept-3-item-6,concept-3,medium,6,0.343595,0.461262,False,False,51.99,17.765,4.315,2,False,3,307.738,7.664,34.225,47.135,4,2,4.006,6,311.94,0
sim-00040,fatigable,7,concept-4-item-7,concept-4,medium,7,0.291989,0.574803,False,True,69.203,21.378,4.288,1,True,4,0,0,47.825,47.135,4,4,4.682,7,484.419,1
sim-00040,fatigable,8,concept-4-item-8,concept-4,hard,8,0.248539,0.695441,False,False,74.084,18.896,3.869,2,True,3,0,0,55.188,47.135,2,1,5.723,8,592.67,1
sim-00040,fatigable,9,concept-5-item-9,concept-5,hard,9,0.211956,0.823175,False,False,86.303,25.875,5.323,2,True,4,0,0,60.428,47.135,3,3,6.33,9,776.726,1
sim-00040,fatigable,10,concept-5-item-10,concept-5,hard,10,0.181154,0.958005,False,False,93.91,26.03,6.577,1,True,5,0,0,67.88,47.135,4,4,7.324,10,939.099,1
sim-00040,fatigable,11,concept-1-item-11,concept-1,easy,1,0.15522,1.0,True,False,52.189,17.881,6.159,1,True,5,0,0,34.307,47.135,5,3,7.88,11,574.074,1
sim-00040,fatigable,12,concept-1-item-12,concept-1,easy,2,0.189473,1.0,False,True,53.991,14.701,6.7,1,True,4,0,0,39.29,47.135,4,3,7.06,12,647.886,1
sim-00041,steady,1,concept-1-item-1,concept-1,easy,1,0.469391,0.0,True,False,18.105,5.563,0.711,1,False,1,439.624,78.089,12.542,46.0,1,1,0.202,1,18.105,0
sim-00041,steady,2,concept-1-item-2,concept-1,easy,2,0.493061,0.023958,True,False,22.861,6.002,0.76,1,False,1,991.381,70.752,16.859,46.0,0,2,0.07,2,45.722,0
sim-00041,steady,3,concept-2-item-3,concept-2,easy,3,0.51496,0.050094,True,False,31.94,12.678,1.117,1,False,1,618.88,29.447,19.262,46.0,2,0,1.104,3,95.82,1
sim-00041,steady,4,concept-2-item-4,concept-2,medium,4,0.535222,0.078409,True,False,39.695,14.174,1.575,1,False,1,1776.184,55.103,25.52,46.0,3,0,0.757,4,158.778,0
sim-00041,steady,5,concept-3-item-5,concept-3,medium,5,0.553969,0.108901,True,False,41.89,13.678,2.076,1,False,2,1982.894,81.221,28.212,46.0,2,1,2.081,5,209.452,0
sim-00041,steady,6,concept-3-item-6,concept-3,medium,6,0.571314,0.141571,False,False,52.826,17.968,1.128,2,False,2,2316.594,83.035,34.857,46.0,2,3,1.579,6,316.953,0
sim-00041,steady,7,concept-4-item-7,concept-4,medium,7,0.531284,0.17642,True,False,51.478,20.031,1.689,1,False,1,1994.613,61.953,31.447,46.0,2,1,2.148,7,360.344,1
sim-00041,steady,8,concept-4-item-8,concept-4,hard,8,0.550326,0.213446,True,False,58.569,20.014,2.246,1,False,2,1036.047,24.281,38.555,46.0,4,0,2.884,8,468.553,1
sim-00041,steady,9,concept-5-item-9,concept-5,hard,9,0.567943,0.252651,False,False,66.043,22.323,2.165,1,False,2,1160.732,25.939,43.72,46.0,2,3,2.315,9,594.387,1
sim-00041,steady,10,concept-5-item-10,concept-5,hard,10,0.528165,0.294033,False,False,78.12,29.889,2.867,1,False,2,2075.835,19.35,48.231,46.0,3,0,3.184,10,781.2,0
sim-00041,steady,11,concept-1-item-11,concept-1,easy,1,0.491362,0.337593,True,False,30.299,11.94,2.597,1,False,2,738.602,40.159,18.359,46.0,3,1,2.374,11,333.286,1
sim-00041,steady,12,concept-1-item-12,concept-1,easy,2,0.513389,0.361552,False,False,36.713,9.759,2.754,1,False,2,717.915,9.378,26.955,46.0,1,2,2.805,12,440.56,0
sim-00042,rapid,1,concept-1-item-1,concept-1,easy,1,0.428614,0.0,True,False,16.579,4.321,2.061,1,False,0,388.881,52.651,12.258,57.681,1,0,0.544,1,16.579,0
sim-00042,rapid,2,concept-1-item-2,concept-1,easy,2,0.49966,0.019305,True,False,20.914,7.827,0.859,1,False,0,629.26,77.27,13.086,57.681,0,0,0.202,2,41.827,0
sim-00042,rapid,3,concept-2-item-3,concept-2,easy,3,0.561928,0.040364,True,False,34.725,12.661,1.612,1,False,0,657.155,62.334,22.064,57.681,1,0,0,3,104.174,1
sim-00042,rapid,4,concept-2-item-4,concept-2,medium,4,0.616502,0.063179,True,False,33.048,10.235,0.956,1,False,1,1071.129,74.302,22.813,57.681,2,0,1.319,4,132.191,1
sim-00042,rapid,5,concept-3-item-5,concept-3,medium,5,0.664332,0.087749,True,False,33.812,8.238,1.164,1,False,1,969.977,26.496,25.574,57.681,1,0,0.825,5,169.062,1
sim-00042,rapid,6,concept-3-item-6,concept-3,medium,6,0.706252,0.114074,True,False,46.342,12.571,2.446,1,False,1,711.763,68.107,33.771,57.681,2,2,1.442,6,278.053,1
sim-00042,rapid,7,concept-4-item-7,concept-4,medium,7,0.742993,0.142153,True,False,56.669,13.885,0.591,1,False,1,1942.86,37.23,42.785,57.681,2,1,2.053,7,396.684,0
sim-00042,rapid,8,concept-4-item-8,concept-4,hard,8,0.775194,0.171988,False,False,58.229,16.094,1.228,1,False,1,1665.099,27.386,42.135,57.681,1,0,0.727,8,465.829,0
sim-00042,rapid,9,concept-5-item-9,concept-5,hard,9,0.69841,0.203577,True,False,65.414,20.398,1.081,1,False,1,1635.449,33.088,45.016,57.681,2,0,2.605,9,588.727,1
sim-00042,rapid,10,concept-5-item-10,concept-5,hard,10,0.736119,0.236922,False,False,76.507,30.052,2.11,1,False,1,2321.98,16.025,46.455,57.681,1,3,1.076,10,765.069,0
sim-00042,rapid,11,concept-1-item-11,concept-1,easy,1,0.664164,0.272021,True,False,26.33,8.039,2.993,1,False,1,578.642,19.216,18.291,57.681,1,0,2.186,11,289.629,0
sim-00042,rapid,12,concept-1-item-12,concept-1,easy,2,0.706105,0.291326,True,False,26.475,7.307,2.825,1,False,1,573.213,9.394,19.168,57.681,2,1,3.708,12,317.696,0
sim-00043,careful,1,concept-1-item-1,concept-1,easy,1,0.141127,0.0,False,False,24.933,6.481,0.044,1,False,1,941.003,83.5,18.452,29.249,4,0,0.57,1,24.933,0
sim-00043,careful,2,concept-1-item-2,concept-1,easy,2,0.128678,0.037186,True,False,30.209,10.984,0,1,False,1,1003.427,21.837,19.225,29.249,3,0,0,2,60.419,0
sim-00043,careful,3,concept-2-item-3,concept-2,easy,3,0.164498,0.077753,False,False,35.446,10.06,1.042,1,False,2,793.078,61.352,25.386,29.249,2,1,0.503,3,106.338,1
sim-00043,careful,4,concept-2-item-4,concept-2,medium,4,0.150033,0.1217,True,False,37.375,12.831,1.717,1,False,2,1645.919,38.248,24.545,29.249,1,1,2.371,4,149.502,0
sim-00043,careful,5,concept-3-item-5,concept-3,medium,5,0.18401,0.169028,False,False,46.737,15.591,2.297,1,False,2,1444.004,19.605,31.146,29.249,2,4,1.558,5,233.686,0
sim-00043,careful,6,concept-3-item-6,concept-3,medium,6,0.16786,0.219736,False,False,56.093,15.321,2.33,1,False,2,2146.832,33.882,40.772,29.249,4,2,1.932,6,336.555,0
sim-00043,careful,7,concept-4-item-7,concept-4,medium,7,0.153104,0.273825,False,False,58.28,21.123,2.484,1,False,2,2129.046,17.252,37.157,29.249,2,1,2.771,7,407.963,0
sim-00043,careful,8,concept-4-item-8,concept-4,hard,8,0.139622,0.331294,False,False,70.152,26.015,1.397,1,False,2,2043.815,15.024,44.137,29.249,3,1,3.104,8,561.217,0
sim-00043,careful,9,concept-5-item-9,concept-5,hard,9,0.127303,0.392144,False,False,76.845,23.214,3.003,1,False,3,1736.937,48.988,53.631,29.249,3,3,2.769,9,691.603,1
sim-00043,careful,10,concept-5-item-10,concept-5,hard,10,0.116048,0.456375,False,False,80.787,30.64,3.646,1,False,2,1848.017,14.364,50.147,29.249,4,0,3.747,10,807.869,0
sim-00043,careful,11,concept-1-item-11,concept-1,easy,1,0.105764,0.523986,False,False,32.835,9.089,4.438,1,False,3,354.305,8.357,23.746,29.249,3,2,4.666,11,361.185,1
sim-00043,careful,12,concept-1-item-12,concept-1,easy,2,0.096367,0.561172,False,False,46.679,14.94,3.801,1,False,3,566.677,8.682,31.739,29.249,3,1,4.743,12,560.147,1
sim-00044,fatigable,1,concept-1-item-1,concept-1,easy,1,0.402377,0.0,True,False,17.262,6.014,0.535,1,False,1,478.996,32.239,11.248,43.82,0,0,0.561,1,17.262,0
sim-00044,fatigable,2,concept-1-item-2,concept-1,easy,2,0.408181,0.053249,True,False,32.155,11.902,0.17,1,False,1,587.574,17.299,20.253,43.82,0,0,0.706,2,64.309,0
sim-00044,fatigable,3,concept-2-item-3,concept-2,easy,3,0.412985,0.111339,True,False,32.077,8.315,1.28,1,False,2,501.046,22.577,23.762,43.82,1,2,0.951,3,96.23,0
sim-00044,fatigable,4,concept-2-item-4,concept-2,medium,4,0.416962,0.17427,False,False,37.897,10.022,2.067,1,False,2,863.404,17.649,27.875,43.82,2,2,2.006,4,151.589,1
sim-00044,fatigable,5,concept-3-item-5,concept-3,medium,5,0.351948,0.242042,False,False,45.808,15.908,2.192,2,False,2,785.645,35.83,29.9,43.82,3,1,2.581,5,229.04,1
sim-00044,fatigable,6,concept-3-item-6,concept-3,medium,6,0.298128,0.314655,False,False,46.275,17.641,1.977,1,False,2,962.325,42.58,28.634,43.82,3,0,2.187,6,277.65,0
sim-00044,fatigable,7,concept-4-item-7,concept-4,medium,7,0.253572,0.392109,False,False,66.017,22.219,2.549,1,False,2,984.982,24.485,43.798,43.82,3,1,2.57,7,462.122,1
sim-00044,fatigable,8,concept-4-item-8,concept-4,hard,8,0.216687,0.474403,False,False,69.447,21.338,3.708,1,False,3,449.146,20.772,48.109,43.82,4,3,4.599,8,555.578,1
sim-00044,fatigable,9,concept-5-item-9,concept-5,hard,9,0.186152,0.561538,False,False,75.495,21.284,4.741,2,True,2,0,0,54.211,43.82,2,3,4.419,9,679.455,1
sim-00044,fatigable,10,concept-5-item-10,concept-5,hard,10,0.160874,0.653514,False,True,82.908,31.766,4.471,1,True,3,0,0,51.142,43.82,4,3,5.464,10,829.079,1
sim-00044,fatigable,11,concept-1-item-11,concept-1,easy,1,0.139947,0.750331,True,False,38.595,13.746,5.008,1,True,3,0,0,24.848,43.82,3,3,5.959,11,424.544,1
sim-00044,fatigable,12,concept-1-item-12,concept-1,easy,2,0.190929,0.803581,False,False,47.188,12.388,5.276,1,True,3,0,0,34.8,43.82,4,1,6.818,12,566.259,1
sim-00045,steady,1,concept-1-item-1,concept-1,easy,1,0.468944,0.0,True,False,10.798,3.708,0.53,1,False,1,221.485,27.929,7.089,52.666,3,1,0.714,1,10.798,1
sim-00045,steady,2,concept-1-item-2,concept-1,easy,2,0.47054,0.033227,True,False,18.706,5.422,0,1,False,2,489.037,14.835,13.284,52.666,1,1,0.592,2,37.413,0
sim-00045,steady,3,concept-2-item-3,concept-2,easy,3,0.471929,0.069474,False,False,23.382,8.797,1.081,1,False,1,949.078,31.139,14.585,52.666,4,1,0.59,3,70.145,0
sim-00045,steady,4,concept-2-item-4,concept-2,medium,4,0.413975,0.108741,False,True,43.458,10.531,0.862,2,False,1,736.49,47.77,32.928,52.666,2,0,0.823,4,173.834,1
sim-00045,steady,5,concept-3-item-5,concept-3,medium,5,0.363594,0.15103,False,False,54.364,18.154,1.54,2,False,2,1556.923,41.507,36.21,52.666,3,2,1.174,5,271.819,0
sim-00045,steady,6,concept-3-item-6,concept-3,medium,6,0.319798,0.196339,False,False,46.826,11.349,2.1,2,False,1,1176.203,18.594,35.477,52.666,0,2,0.923,6,280.957,0
sim-00045,steady,7,concept-4-item-7,concept-4,medium,7,0.281726,0.244668,False,False,63.88,25.053,1.878,1,False,2,1300.048,35.305,38.827,52.666,4,2,1.897,7,447.161,0
sim-00045,steady,8,concept-4-item-8,concept-4,hard,8,0.248628,0.296018,False,False,60.208,19.81,1.747,1,False,2,1444.079,59.882,40.398,52.666,3,0,2.633,8,481.661,0
sim-00045,steady,9,concept-5-item-9,concept-5,hard,9,0.219856,0.350389,False,False,74.21,21.61,2.074,2,False,3,904.586,11.779,52.6,52.666,5,1,3.346,9,667.886,1
sim-00045,steady,10,concept-5-item-10,concept-5,hard,10,0.194845,0.40778,False,True,69.169,20.161,4.502,2,False,2,1543.543,14.617,49.008,52.666,2,1,3.459,10,691.689,1
sim-00045,steady,11,concept-1-item-11,concept-1,easy,1,0.173102,0.468192,False,False,36.513,11.062,3.591,1,False,2,543.876,33.061,25.451,52.666,4,1,4.294,11,401.641,0
sim-00045,steady,12,concept-1-item-12,concept-1,easy,2,0.1542,0.501419,False,True,41.515,14.778,3.151,1,False,3,321.145,4.034,26.737,52.666,4,3,4.253,12,498.181,1
sim-00046,rapid,1,concept-1-item-1,concept-1,easy,1,0.562641,0.0,True,False,21.714,6.0,0.117,1,False,1,874.956,27.446,15.714,67.274,1,1,0.714,1,21.714,0
sim-00046,rapid,2,concept-1-item-2,concept-1,easy,2,0.634269,0.020934,False,False,18.21,7.114,0.86,1,False,1,529.71,47.409,11.096,67.274,2,0,0.987,2,36.42,0
sim-00046,rapid,3,concept-2-item-3,concept-2,easy,3,0.591591,0.043772,True,False,19.929,5.091,0.067,1,False,1,804.053,68.173,14.838,67.274,1,1,0.888,3,59.786,0
sim-00046,rapid,4,concept-2-item-4,concept-2,medium,4,0.660369,0.068512,False,False,25.981,7.003,1.089,2,False,1,693.209,76.504,18.978,67.274,1,0,1.259,4,103.924,0
sim-00046,rapid,5,concept-3-item-5,concept-3,medium,5,0.615123,0.095156,True,False,36.537,13.895,0.834,1,False,1,714.645,17.896,22.641,67.274,2,0,1.61,5,182.683,0
sim-00046,rapid,6,concept-3-item-6,concept-3,medium,6,0.681584,0.123703,True,False,40.651,13.359,1.576,1,False,2,905.232,24.338,27.292,67.274,4,0,1.388,6,243.906,0
sim-00046,rapid,7,concept-4-item-7,concept-4,medium,7,0.741505,0.154152,True,False,47.981,12.016,2.257,1,False,1,1560.4,41.277,35.965,67.274,0,0,1.669,7,335.866,0
sim-00046,rapid,8,concept-4-item-8,concept-4,hard,8,0.795527,0.186505,False,False,57.993,14.815,1.298,1,False,1,2036.181,19.198,43.178,67.274,1,1,1.424,8,463.946,0
sim-00046,rapid,9,concept-5-item-9,concept-5,hard,9,0.736977,0.220761,True,False,57.302,19.926,2.015,1,False,2,1646.564,48.72,37.376,67.274,1,1,2.392,9,515.722,0
sim-00046,rapid,10,concept-5-item-10,concept-5,hard,10,0.791445,0.256921,False,False,62.754,24.81,2.265,2,False,2,2508.728,68.458,37.944,67.274,2,3,2.945,10,627.54,1
sim-00046,rapid,11,concept-1-item-11,concept-1,easy,1,0.733298,0.294983,True,False,23.948,6.869,2.659,1,False,1,550.502,29.424,17.08,67.274,1,2,3.193,11,263.433,1
sim-00046,rapid,12,concept-1-item-12,concept-1,easy,2,0.788128,0.315917,True,False,30.35,9.799,2.892,1,False,2,850.232,16.188,20.55,67.274,2,1,2.772,12,364.195,1
sim-00047,careful,1,concept-1-item-1,concept-1,easy,1,0.198437,0.0,True,False,23.339,9.093,0.977,1,False,2,691.183,91.301,14.246,33.435,2,1,0.14,1,23.339,0
sim-00047,careful,2,concept-1-item-2,concept-1,easy,2,0.231019,0.020783,False,False,26.287,10.485,0.285,1,False,2,765.501,33.609,15.803,33.435,3,2,1.401,2,52.575,0
sim-00047,careful,3,concept-2-item-3,concept-2,easy,3,0.205998,0.043455,True,False,28.871,9.164,0,1,False,2,701.363,36.466,19.707,33.435,2,2,0.103,3,86.614,0
sim-00047,careful,4,concept-2-item-4,concept-2,medium,4,0.237698,0.068017,True,False,34.46,10.816,1.563,1,False,2,1502.879,60.073,23.644,33.435,3,1,1.349,4,137.84,1
sim-00047,careful,5,concept-3-item-5,concept-3,medium,5,0.265699,0.094467,False,False,50.369,13.399,0.943,1,False,2,1838.561,84.493,36.97,33.435,4,3,1.529,5,251.845,0
sim-00047,careful,6,concept-3-item-6,concept-3,medium,6,0.236631,0.122808,False,False,52.565,15.305,1.413,1,False,2,1845.142,75.151,37.26,33.435,2,2,1.589,6,315.39,0
sim-00047,careful,7,concept-4-item-7,concept-4,medium,7,0.210955,0.153037,False,False,54.053,15.969,2.022,1,False,2,1201.716,32.04,38.084,33.435,4,1,2.523,7,378.374,0
sim-00047,careful,8,concept-4-item-8,concept-4,hard,8,0.188275,0.185156,False,False,58.226,14.938,0.925,1,False,2,1799.24,33.046,43.288,33.435,3,2,1.677,8,465.806,1
sim-00047,careful,9,concept-5-item-9,concept-5,hard,9,0.168241,0.219164,False,False,60.846,20.022,1.665,2,False,2,2358.79,40.896,40.824,33.435,4,1,2.075,9,547.615,0
sim-00047,careful,10,concept-5-item-10,concept-5,hard,10,0.150544,0.255062,False,False,75.825,28.598,2.696,1,False,2,1358.921,63.923,47.227,33.435,3,0,1.977,10,758.247,1
sim-00047,careful,11,concept-1-item-11,concept-1,easy,1,0.134913,0.292849,True,False,27.233,9.916,2.151,1,False,3,530.169,38.944,17.317,33.435,3,1,2.412,11,299.562,1
sim-00047,careful,12,concept-1-item-12,concept-1,easy,2,0.174907,0.313632,True,False,37.848,13.371,2.719,1,False,2,629.698,52.288,24.476,33.435,2,1,2.398,12,454.174,1
sim-00048,fatigable,1,concept-1-item-1,concept-1,easy,1,0.470584,0.0,True,False,29.707,8.987,0.43,1,False,1,1170.903,47.538,20.721,30.839,2,2,0.559,1,29.707,0
sim-00048,fatigable,2,concept-1-item-2,concept-1,easy,2,0.483894,0.073039,True,False,23.793,7.904,0.6,1,False,1,837.438,12.762,15.889,30.839,2,2,1.868,2,47.586,0
sim-00048,fatigable,3,concept-2-item-3,concept-2,easy,3,0.495121,0.152718,False,False,31.497,8.406,1.069,2,False,2,757.806,75.15,23.092,30.839,2,0,0.41,3,94.492,0
sim-00048,fatigable,4,concept-2-item-4,concept-2,medium,4,0.427388,0.239036,True,False,36.008,13.896,1.759,1,False,2,614.051,17.076,22.112,30.839,3,1,1.976,4,144.033,1
sim-00048,fatigable,5,concept-3-item-5,concept-3,medium,5,0.447457,0.331995,True,False,50.656,13.417,2.65,1,False,2,330.592,29.532,37.239,30.839,0,3,2.796,5,253.281,1
sim-00048,fatigable,6,concept-3-item-6,concept-3,medium,6,0.464385,0.431593,False,False,58.486,22.063,3.845,2,False,2,1147.98,12.778,36.423,30.839,1,2,2.856,6,350.919,0
sim-00048,fatigable,7,concept-4-item-7,concept-4,medium,7,0.401461,0.537832,False,False,60.774,22.279,4.038,1,True,3,276.852,8.827,38.494,30.839,3,3,3.854,7,425.417,1
sim-00048,fatigable,8,concept-4-item-8,concept-4,hard,8,0.348382,0.65071,True,False,75.489,26.014,4.851,1,True,3,0,0,49.475,30.839,5,1,3.943,8,603.911,1
sim-00048,fatigable,9,concept-5-item-9,concept-5,hard,9,0.380812,0.770228,False,True,78.294,20.923,4.866,2,True,4,0,0,57.371,30.839,3,3,6.198,9,704.647,1
sim-00048,fatigable,10,concept-5-item-10,concept-5,hard,10,0.330964,0.896386,False,False,90.117,26.107,5.745,1,True,4,0,0,64.01,30.839,3,3,7.361,10,901.168,1
sim-00048,fatigable,11,concept-1-item-11,concept-1,easy,1,0.288915,1.0,False,True,42.539,14.159,6.55,2,True,4,0,0,28.38,30.839,4,3,7.882,11,467.932,1
sim-00048,fatigable,12,concept-1-item-12,concept-1,easy,2,0.253445,1.0,True,False,54.752,15.671,5.631,1,True,4,0,0,39.08,30.839,4,3,7.495,12,657.02,1
sim-00049,steady,1,concept-1-item-1,concept-1,easy,1,0.28914,0.0,True,False,25.917,7.285,1.823,1,False,1,997.622,78.474,18.632,52.894,2,0,0.327,1,25.917,1
sim-00049,steady,2,concept-1-item-2,concept-1,easy,2,0.336815,0.018275,True,False,29.421,7.3,1.238,1,False,2,1067.827,59.815,22.121,52.894,2,1,0.552,2,58.842,1
sim-00049,steady,3,concept-2-item-3,concept-2,easy,3,0.382002,0.038211,False,False,36.208,13.464,0.398,1,False,1,1103.195,21.953,22.744,52.894,0,0,0.573,3,108.623,0
sim-00049,steady,4,concept-2-item-4,concept-2,medium,4,0.365755,0.059808,True,False,31.415,12.029,1.307,1,False,1,1677.115,22.008,19.386,52.894,1,0,0.9,4,125.66,0
sim-00049,steady,5,concept-3-item-5,concept-3,medium,5,0.409431,0.083067,False,False,35.042,12.511,1.309,1,False,1,1460.222,66.499,22.532,52.894,1,0,0.368,5,175.211,0
sim-00049,steady,6,concept-3-item-6,concept-3,medium,6,0.391752,0.107987,False,False,43.491,12.46,0.79,1,False,1,1426.515,17.74,31.031,52.894,0,1,1.119,6,260.945,0
sim-00049,steady,7,concept-4-item-7,concept-4,medium,7,0.374996,0.134569,False,False,52.74,12.81,1.71,1,False,2,1964.825,54.061,39.93,52.894,4,1,1.069,7,369.179,0
sim-00049,steady,8,concept-4-item-8,concept-4,hard,8,0.359114,0.162811,True,False,53.581,16.64,1.048,1,False,2,1241.247,18.996,36.941,52.894,3,3,1.112,8,428.647,0
sim-00049,steady,9,concept-5-item-9,concept-5,hard,9,0.403137,0.192716,False,False,70.924,26.848,1.572,1,False,2,2220.256,51.83,44.075,52.894,4,3,1.925,9,638.313,1
sim-00049,steady,10,concept-5-item-10,concept-5,hard,10,0.385786,0.224281,False,False,72.57,28.083,2.059,2,False,2,1714.429,31.939,44.487,52.894,3,0,1.745,10,725.704,0
sim-00049,steady,11,concept-1-item-11,concept-1,easy,1,0.369342,0.257508,True,False,23.04,8.805,1.56,1,False,2,910.155,35.582,14.236,52.894,2,0,2.833,11,253.443,0
sim-00049,steady,12,concept-1-item-12,concept-1,easy,2,0.412831,0.275783,False,False,35.652,10.454,1.878,1,False,2,1056.406,33.88,25.199,52.894,1,1,2.867,12,427.825,0
sim-00050,rapid,1,concept-1-item-1,concept-1,easy,1,0.358115,0.0,True,False,18.336,4.941,0.614,1,False,0,697.449,48.045,13.395,47.908,2,0,0.793,1,18.336,0
sim-00050,rapid,2,concept-1-item-2,concept-1,easy,2,0.440845,0.013542,True,False,32.198,8.396,0.54,1,False,1,1364.011,27.898,23.802,47.908,3,2,1.317,2,64.397,0
sim-00050,rapid,3,concept-2-item-3,concept-2,easy,3,0.516243,0.028315,True,False,25.923,8.979,1.171,1,False,1,1390.008,92.454,16.944,47.908,0,1,0.937,3,77.77,0
sim-00050,rapid,4,concept-2-item-4,concept-2,medium,4,0.584961,0.04432,False,False,34.462,10.006,1.475,2,False,0,1743.264,78.749,24.456,47.908,2,0,0.241,4,137.846,0
sim-00050,rapid,5,concept-3-item-5,concept-3,medium,5,0.549743,0.061555,False,False,36.813,13.289,0.954,2,False,1,1963.324,22.715,23.524,47.908,2,0,1.51,5,184.067,0
sim-00050,rapid,6,concept-3-item-6,concept-3,medium,6,0.517646,0.080022,True,False,45.36,12.438,0.996,1,False,1,1985.783,57.461,32.922,47.908,1,0,1.597,6,272.163,0
sim-00050,rapid,7,concept-4-item-7,concept-4,medium,7,0.586239,0.099719,True,False,58.493,14.277,0.307,1,False,1,2054.859,57.333,44.217,47.908,1,0,1.898,7,409.452,0
sim-00050,rapid,8,concept-4-item-8,concept-4,hard,8,0.648754,0.120648,True,False,51.08,17.226,1.167,1,False,1,1469.1,61.34,33.854,47.908,1,1,2.11,8,408.638,0
sim-00050,rapid,9,concept-5-item-9,concept-5,hard,9,0.70573,0.142808,False,False,59.199,15.191,1.564,2,False,1,2407.506,72.538,44.008,47.908,1,0,1.217,9,532.793,0
sim-00050,rapid,10,concept-5-item-10,concept-5,hard,10,0.659811,0.166199,False,False,69.808,20.498,1.073,2,False,1,3015.994,94.61,49.31,47.908,1,0,1.858,10,698.083,0
sim-00050,rapid,11,concept-1-item-11,concept-1,easy,1,0.617961,0.190821,True,False,30.349,8.39,2.533,1,False,1,484.584,15.554,21.958,47.908,4,0,2.286,11,333.836,1
sim-00050,rapid,12,concept-1-item-12,concept-1,easy,2,0.677665,0.204363,True,False,29.182,7.69,1.777,1,False,1,723.035,72.558,21.491,47.908,2,1,2.188,12,350.181,1
sim-00051,careful,1,concept-1-item-1,concept-1,easy,1,0.368958,0.0,True,False,17.75,4.573,0,1,False,1,719.047,59.355,13.177,36.99,2,0,0,1,17.75,0
sim-00051,careful,2,concept-1-item-2,concept-1,easy,2,0.409996,0.029892,True,False,26.042,6.301,1.334,1,False,2,559.171,69.586,19.742,36.99,3,1,0.738,2,52.085,0
sim-00051,careful,3,concept-2-item-3,concept-2,easy,3,0.44965,0.062502,True,False,30.902,11.155,1.528,1,False,1,1073.541,74.346,19.747,36.99,1,0,0.576,3,92.706,1
sim-00051,careful,4,concept-2-item-4,concept-2,medium,4,0.487967,0.09783,False,False,30.949,8.303,0.848,1,False,1,472.841,49.273,22.646,36.99,1,1,1.085,4,123.796,1
sim-00051,careful,5,concept-3-item-5,concept-3,medium,5,0.472884,0.135875,False,False,49.095,15.117,1.789,1,False,2,859.218,27.088,33.978,36.99,3,1,1.598,5,245.475,0
sim-00051,careful,6,concept-3-item-6,concept-3,medium,6,0.458309,0.176637,True,False,44.366,13.803,1.05,1,False,2,700.565,35.432,30.563,36.99,3,1,1.913,6,266.194,1
sim-00051,careful,7,concept-4-item-7,concept-4,medium,7,0.496334,0.220117,False,False,49.339,16.923,1.908,1,False,2,661.406,43.545,32.416,36.99,3,1,1.882,7,345.372,0
sim-00051,careful,8,concept-4-item-8,concept-4,hard,8,0.480969,0.266314,False,False,56.948,13.807,1.763,1,False,2,1142.387,43.285,43.141,36.99,1,0,2.307,8,455.582,0
sim-00051,careful,9,concept-5-item-9,concept-5,hard,9,0.466121,0.315229,False,False,77.585,19.504,3.43,1,False,2,1561.415,45.31,58.08,36.99,2,1,3.057,9,698.263,0
sim-00051,careful,10,concept-5-item-10,concept-5,hard,10,0.451774,0.366861,False,False,74.127,19.899,2.754,1,False,3,1088.172,10.985,54.228,36.99,4,3,4.077,10,741.273,1
sim-00051,careful,11,concept-1-item-11,concept-1,easy,1,0.437911,0.421211,False,False,33.424,11.733,2.246,1,False,3,833.746,31.173,21.691,36.99,2,2,2.615,11,367.663,1
sim-00051,careful,12,concept-1-item-12,concept-1,easy,2,0.424515,0.451104,True,False,34.934,9.099,3.255,1,False,2,753.075,23.715,25.835,36.99,4,0,4.187,12,419.212,0
sim-00052,fatigable,1,concept-1-item-1,concept-1,easy,1,0.228015,0.0,True,False,22.887,8.106,0.794,1,False,2,306.849,45.935,14.782,38.73,2,0,0.175,1,22.887,0
sim-00052,fatigable,2,concept-1-item-2,concept-1,easy,2,0.249584,0.066734,True,False,25.131,9.087,1.592,1,False,1,916.208,37.891,16.045,38.73,3,1,1.153,2,50.262,0
sim-00052,fatigable,3,concept-2-item-3,concept-2,easy,3,0.26737,0.139535,False,False,32.425,9.522,0.849,1,False,2,710.653,30.767,22.903,38.73,2,2,1.354,3,97.276,1
sim-00052,fatigable,4,concept-2-item-4,concept-2,medium,4,0.223867,0.218402,False,False,41.968,13.314,1.905,2,False,2,415.327,8.215,28.654,38.73,2,1,2.143,4,167.873,1
sim-00052,fatigable,5,concept-3-item-5,concept-3,medium,5,0.187993,0.303336,False,False,51.874,18.103,2.104,2,True,2,177.023,5.096,33.77,38.73,0,3,2.69,5,259.369,1
sim-00052,fatigable,6,concept-3-item-6,concept-3,medium,6,0.158412,0.394337,True,False,50.886,14.223,2.392,1,True,3,126.032,4.126,36.663,38.73,4,5,3.44,6,305.317,1
sim-00052,fatigable,7,concept-4-item-7,concept-4,medium,7,0.192188,0.491405,False,False,62.865,23.941,4.104,1,True,3,0.719,0.039,38.924,38.73,1,2,4.092,7,440.052,1
sim-00052,fatigable,8,concept-4-item-8,concept-4,hard,8,0.161871,0.594539,False,False,71.03,27.888,4.5,1,True,4,104.834,3.661,43.143,38.73,5,4,4.646,8,568.243,1
sim-00052,fatigable,9,concept-5-item-9,concept-5,hard,9,0.136871,0.70374,True,False,78.217,22.67,5.072,1,True,4,0,0,55.547,38.73,3,3,5.137,9,703.956,1
sim-00052,fatigable,10,concept-5-item-10,concept-5,hard,10,0.174425,0.819008,False,False,93.621,33.446,5.643,1,True,4,0,0,60.175,38.73,6,4,5.936,10,936.211,1
sim-00052,fatigable,11,concept-1-item-11,concept-1,easy,1,0.147223,0.940342,True,False,42.6,14.383,6.349,1,True,4,0,0,28.217,38.73,3,4,7.108,11,468.605,1
sim-00052,fatigable,12,concept-1-item-12,concept-1,easy,2,0.182961,1.0,False,False,51.288,13.772,5.814,1,True,5,0,0,37.516,38.73,5,4,7.921,12,615.452,1
sim-00053,steady,1,concept-1-item-1,concept-1,easy,1,0.507862,0.0,True,False,16.62,6.369,0.319,1,False,1,524.589,56.731,10.251,41.271,2,2,0.586,1,16.62,1
sim-00053,steady,2,concept-1-item-2,concept-1,easy,2,0.543577,0.03354,True,False,25.19,8.651,0.659,1,False,2,668.017,16.693,16.539,41.271,3,0,0,2,50.38,0
sim-00053,steady,3,concept-2-item-3,concept-2,easy,3,0.577189,0.070128,True,False,32.121,11.932,1.548,1,False,2,1020.513,43.715,20.189,41.271,3,2,1.53,3,96.363,0
sim-00053,steady,4,concept-2-item-4,concept-2,medium,4,0.608821,0.109766,False,True,34.512,10.511,1.311,1,False,1,926.787,43.555,24.001,41.271,0,1,1.321,4,138.049,1
sim-00053,steady,5,concept-3-item-5,concept-3,medium,5,0.577364,0.152453,True,False,42.325,13.753,1.017,1,False,1,1333.901,48.259,28.573,41.271,2,0,1.334,5,211.627,0
sim-00053,steady,6,concept-3-item-6,concept-3,medium,6,0.608985,0.198188,True,False,46.044,16.052,1.059,1,False,2,1321.663,56.185,29.993,41.271,3,4,2.148,6,276.265,0
sim-00053,steady,7,concept-4-item-7,concept-4,medium,7,0.638744,0.246973,False,False,50.412,18.002,2.414,1,False,2,551.053,27.972,32.41,41.271,2,0,2.176,7,352.882,1
sim-00053,steady,8,concept-4-item-8,concept-4,hard,8,0.605524,0.298807,True,False,56.335,17.606,2.091,1,False,2,1668.569,21.035,38.728,41.271,4,1,2.484,8,450.677,1
sim-00053,steady,9,concept-5-item-9,concept-5,hard,9,0.635487,0.35369,True,False,70.64,20.435,2.917,1,False,2,615.057,14.125,50.205,41.271,2,3,2.791,9,635.759,0
sim-00053,steady,10,concept-5-item-10,concept-5,hard,10,0.663684,0.411622,False,False,72.601,20.202,3.492,1,False,3,1060.735,36.091,52.399,41.271,4,3,3.285,10,726.006,0
sim-00053,steady,11,concept-1-item-11,concept-1,easy,1,0.628995,0.472603,False,False,34.166,13.25,3.721,1,False,3,559.87,16.312,20.916,41.271,4,3,3.646,11,375.824,1
sim-00053,steady,12,concept-1-item-12,concept-1,easy,2,0.596349,0.506143,True,False,42.97,16.175,4.195,1,False,3,581.867,23.881,26.795,41.271,3,2,4.112,12,515.638,1
sim-00054,rapid,1,concept-1-item-1,concept-1,easy,1,0.623588,0.0,True,False,22.249,5.845,0.478,1,False,1,739.329,47.354,16.404,50.584,1,1,0.185,1,22.249,1
sim-00054,rapid,2,concept-1-item-2,concept-1,easy,2,0.667039,0.024759,True,False,23.358,8.995,1.356,1,False,1,1066.881,98.414,14.363,50.584,2,2,0.515,2,46.715,0
sim-00054,rapid,3,concept-2-item-3,concept-2,easy,3,0.705851,0.051768,True,False,24.445,9.071,1.399,1,False,1,854.753,21.135,15.373,50.584,3,0,0.989,3,73.334,0
sim-00054,rapid,4,concept-2-item-4,concept-2,medium,4,0.740521,0.081029,False,True,33.543,8.279,0.472,1,False,1,1546.395,55.789,25.263,50.584,0,2,1.171,4,134.172,0
sim-00054,rapid,5,concept-3-item-5,concept-3,medium,5,0.676984,0.11254,False,False,42.892,11.969,1.302,2,False,1,1570.129,73.769,30.923,50.584,1,2,1.213,5,214.461,0
sim-00054,rapid,6,concept-3-item-6,concept-3,medium,6,0.620228,0.146302,False,False,43.927,11.708,2.36,2,False,2,691.166,48.853,32.219,50.584,3,2,1.527,6,263.562,1
sim-00054,rapid,7,concept-4-item-7,concept-4,medium,7,0.56953,0.182315,True,False,55.256,17.619,1.089,1,False,1,920.376,17.766,37.637,50.584,1,1,2.125,7,386.792,1
sim-00054,rapid,8,concept-4-item-8,concept-4,hard,8,0.618751,0.220578,False,False,58.059,19.347,2.219,1,False,1,2062.04,40.697,38.712,50.584,1,0,1.595,8,464.469,0
sim-00054,rapid,9,concept-5-item-9,concept-5,hard,9,0.56821,0.261093,False,False,71.72,19.78,1.688,1,False,2,2894.8,73.483,51.94,50.584,3,2,2.12,9,645.484,0
sim-00054,rapid,10,concept-5-item-10,concept-5,hard,10,0.523065,0.303858,False,False,71.949,20.363,2.365,1,False,2,1991.873,29.473,51.586,50.584,4,0,1.846,10,719.488,0
sim-00054,rapid,11,concept-1-item-11,concept-1,easy,1,0.482738,0.348874,False,False,20.976,6.202,1.772,1,False,2,436.403,9.87,14.774,50.584,2,1,2.247,11,230.736,1
sim-00054,rapid,12,concept-1-item-12,concept-1,easy,2,0.446715,0.373633,False,False,33.318,9.361,3.351,1,False,2,786.822,46.128,23.957,50.584,3,2,3.074,12,399.819,0
sim-00055,careful,1,concept-1-item-1,concept-1,easy,1,0.336121,0.0,True,False,29.114,10.642,0.745,1,False,1,856.01,51.461,18.472,19.937,1,1,0.285,1,29.114,0
sim-00055,careful,2,concept-1-item-2,concept-1,easy,2,0.345337,0.020051,True,False,19.912,5.836,2.344,1,False,2,395.108,64.197,14.076,19.937,1,1,0.982,2,39.824,1
sim-00055,careful,3,concept-2-item-3,concept-2,easy,3,0.35357,0.041926,False,False,28.918,7.275,0.825,1,False,1,918.751,21.862,21.644,19.937,3,0,1.214,3,86.755,0
sim-00055,careful,4,concept-2-item-4,concept-2,medium,4,0.315112,0.065623,True,False,38.021,11.262,1.726,1,False,2,1164.265,42.395,26.758,19.937,2,0,1.225,4,152.082,1
sim-00055,careful,5,concept-3-item-5,concept-3,medium,5,0.32657,0.091143,True,False,34.839,9.041,0.964,1,False,2,877.291,62.722,25.798,19.937,3,3,0.936,5,174.195,0
sim-00055,careful,6,concept-3-item-6,concept-3,medium,6,0.336806,0.118486,True,False,51.156,16.861,0.983,1,False,2,1418.925,24.501,34.296,19.937,1,2,0.742,6,306.939,1
sim-00055,careful,7,concept-4-item-7,concept-4,medium,7,0.345949,0.147651,False,True,54.098,17.358,1.263,1,False,2,765.986,14.336,36.74,19.937,4,3,1.386,7,378.686,1
sim-00055,careful,8,concept-4-item-8,concept-4,hard,8,0.308305,0.17864,True,False,59.079,18.049,2.276,1,False,2,1358.84,51.352,41.03,19.937,2,1,1.4,8,472.633,1
sim-00055,careful,9,concept-5-item-9,concept-5,hard,9,0.320489,0.211451,False,False,65.918,22.062,1.896,1,False,2,1719.281,25.476,43.857,19.937,2,1,1.477,9,593.265,1
sim-00055,careful,10,concept-5-item-10,concept-5,hard,10,0.285561,0.246085,False,True,76.306,19.711,2.734,1,False,3,718.183,16.201,56.595,19.937,3,2,1.332,10,763.058,1
sim-00055,careful,11,concept-1-item-11,concept-1,easy,1,0.254361,0.282543,True,False,30.968,7.707,1.481,1,False,2,347.52,10.984,23.261,19.937,1,2,1.855,11,340.65,1
sim-00055,careful,12,concept-1-item-12,concept-1,easy,2,0.272301,0.302594,True,False,30.782,11.453,2.081,1,False,2,431.356,37.639,19.329,19.937,3,0,3.705,12,369.384,0
sim-00056,fatigable,1,concept-1-item-1,concept-1,easy,1,0.498513,0.0,True,False,16.044,4.271,0.179,1,False,2,379.385,21.882,11.773,41.596,3,1,0.866,1,16.044,1
sim-00056,fatigable,2,concept-1-item-2,concept-1,easy,2,0.498919,0.065288,True,False,25.716,9.893,1.515,1,False,2,554.537,21.71,15.824,41.596,5,2,1.204,2,51.432,1
sim-00056,fatigable,3,concept-2-item-3,concept-2,easy,3,0.499264,0.136511,True,False,25.269,7.788,0.683,1,False,1,280.908,13.043,17.482,41.596,0,0,1.482,3,75.808,0
sim-00056,fatigable,4,concept-2-item-4,concept-2,medium,4,0.499557,0.21367,True,False,40.022,10.439,2.302,1,False,2,587.035,23.926,29.583,41.596,2,2,1.191,4,160.09,0
sim-00056,fatigable,5,concept-3-item-5,concept-3,medium,5,0.499805,0.296763,False,True,46.58,12.89,1.824,2,True,2,284.024,12.819,33.69,41.596,1,0,1.622,5,232.901,1
sim-00056,fatigable,6,concept-3-item-6,concept-3,medium,6,0.431218,0.385792,True,False,56.575,15.42,3.352,1,False,3,520.007,7.068,41.155,41.596,2,2,2.526,6,339.449,1
sim-00056,fatigable,7,concept-4-item-7,concept-4,medium,7,0.441793,0.480756,False,False,56.104,20.277,3.72,2,True,3,286.595,7.219,35.827,41.596,2,1,4.096,7,392.729,1
sim-00056,fatigable,8,concept-4-item-8,concept-4,hard,8,0.381971,0.581656,True,False,73.613,27.474,4.246,1,True,3,0,0,46.139,41.596,4,4,5.434,8,588.904,1
sim-00056,fatigable,9,concept-5-item-9,concept-5,hard,9,0.399987,0.688491,True,False,82.265,25.22,4.755,1,True,4,0,0,57.045,41.596,4,2,5.575,9,740.386,1
sim-00056,fatigable,10,concept-5-item-10,concept-5,hard,10,0.41528,0.801261,False,True,87.774,29.801,5.217,2,True,4,0,0,57.972,41.596,6,3,5.767,10,877.735,1
sim-00056,fatigable,11,concept-1-item-11,concept-1,easy,1,0.359465,0.919966,True,False,48.053,18.416,6.501,1,True,4,0,0,29.638,41.596,5,3,7.081,11,528.585,1
sim-00056,fatigable,12,concept-1-item-12,concept-1,easy,2,0.380881,0.985254,True,False,56.096,19.013,6.797,1,True,4,0,0,37.083,41.596,5,4,6.79,12,673.156,1
sim-00057,steady,1,concept-1-item-1,concept-1,easy,1,0.388694,0.0,True,False,22.132,6.373,0.002,1,False,1,713.079,47.761,15.759,38.838,2,0,0,1,22.132,0
sim-00057,steady,2,concept-1-item-2,concept-1,easy,2,0.418473,0.040312,True,False,17.964,5.424,0.511,1,False,2,294.669,18.558,12.539,38.838,0,4,0.209,2,35.927,1
sim-00057,steady,3,concept-2-item-3,concept-2,easy,3,0.444455,0.084289,True,False,35.182,10.393,1.068,1,False,2,886.123,37.434,24.79,38.838,2,1,1.087,3,105.547,1
sim-00057,steady,4,concept-2-item-4,concept-2,medium,4,0.467122,0.131931,True,False,33.715,8.166,1.895,1,False,2,1232.62,58.329,25.549,38.838,2,2,0.678,4,134.86,1
sim-00057,steady,5,concept-3-item-5,concept-3,medium,5,0.486899,0.183237,False,False,40.739,10.214,1.25,1,False,2,1018.17,47.256,30.525,38.838,4,1,1.173,5,203.693,0
sim-00057,steady,6,concept-3-item-6,concept-3,medium,6,0.43264,0.238208,False,False,53.619,14.374,1.811,1,False,2,1117.164,47.213,39.245,38.838,4,2,3.078,6,321.715,1
sim-00057,steady,7,concept-4-item-7,concept-4,medium,7,0.385301,0.296844,False,False,48.7,16.921,2.515,2,False,2,1210.354,52.299,31.779,38.838,3,2,2.433,7,340.902,1
sim-00057,steady,8,concept-4-item-8,concept-4,hard,8,0.343999,0.359144,False,False,65.04,18.52,3.614,1,False,3,1706.29,52.025,46.52,38.838,3,2,3.417,8,520.32,1
sim-00057,steady,9,concept-5-item-9,concept-5,hard,9,0.307965,0.425109,False,False,70.125,27.027,3.498,1,False,3,1826.993,8.903,43.098,38.838,4,2,3.255,9,631.124,1
sim-00057,steady,10,concept-5-item-10,concept-5,hard,10,0.276526,0.494739,False,False,79.816,29.835,2.872,1,False,3,1162.669,11.15,49.981,38.838,4,4,3.656,10,798.165,1
sim-00057,steady,11,concept-1-item-11,concept-1,easy,1,0.249097,0.568034,True,False,40.262,15.526,3.849,1,True,3,157.494,5.532,24.736,38.838,3,3,4.182,11,442.885,1
sim-00057,steady,12,concept-1-item-12,concept-1,easy,2,0.29668,0.608346,False,False,38.537,14.322,4.951,1,False,3,350.814,14.414,24.215,38.838,2,1,4.458,12,462.449,1
sim-00058,rapid,1,concept-1-item-1,concept-1,easy,1,0.561414,0.0,True,False,13.554,3.508,1.13,1,False,1,674.065,107.934,10.046,63.043,0,0,0,1,13.554,0
sim-00058,rapid,2,concept-1-item-2,concept-1,easy,2,0.628512,0.009933,True,False,22.591,6.033,0.911,1,False,0,566.775,94.696,16.558,63.043,1,1,0.461,2,45.181,0
sim-00058,rapid,3,concept-2-item-3,concept-2,easy,3,0.690098,0.02077,True,False,29.329,7.734,1.101,1,False,1,1110.257,106.579,21.595,63.043,3,1,0.955,3,87.988,0
sim-00058,rapid,4,concept-2-item-4,concept-2,medium,4,0.746625,0.032509,True,False,25.408,6.398,0.333,1,False,1,468.099,61.453,19.01,63.043,1,1,1.23,4,101.633,0
sim-00058,rapid,5,concept-3-item-5,concept-3,medium,5,0.79851,0.045152,True,False,39.799,14.512,0.257,1,False,1,1484.405,53.622,25.286,63.043,2,1,0,5,198.993,0
sim-00058,rapid,6,concept-3-item-6,concept-3,medium,6,0.846132,0.058697,True,False,47.599,14.34,0.484,1,False,0,1577.273,75.245,33.259,63.043,0,0,0.729,6,285.593,0
sim-00058,rapid,7,concept-4-item-7,concept-4,medium,7,0.889843,0.073146,True,False,46.174,15.243,1.188,1,False,0,965.041,15.937,30.931,63.043,1,0,1.876,7,323.217,0
sim-00058,rapid,8,concept-4-item-8,concept-4,hard,8,0.929964,0.088497,True,False,50.572,19.585,0.398,1,False,1,2109.776,74.513,30.987,63.043,1,0,1.047,8,404.578,0
sim-00058,rapid,9,concept-5-item-9,concept-5,hard,9,0.966789,0.104752,True,False,57.857,20.039,1.653,1,False,1,1767.638,93.555,37.818,63.043,0,0,1.023,9,520.711,1
sim-00058,rapid,10,concept-5-item-10,concept-5,hard,10,1.0,0.121909,True,False,64.598,19.038,1.272,1,False,1,2043.195,68.956,45.559,63.043,2,1,1.328,10,645.979,0
sim-00058,rapid,11,concept-1-item-11,concept-1,easy,1,1.0,0.13997,True,False,15.887,6.123,1.247,1,False,1,543.088,81.578,9.764,63.043,1,0,1.54,11,174.753,0
sim-00058,rapid,12,concept-1-item-12,concept-1,easy,2,1.0,0.149903,True,False,29.18,8.683,1.943,1,False,1,648.586,54.064,20.497,63.043,1,0,1.851,12,350.158,0
sim-00059,careful,1,concept-1-item-1,concept-1,easy,1,0.488191,0.0,True,False,15.728,5.983,1.393,1,False,2,354.015,72.182,9.745,36.224,2,2,0.824,1,15.728,1
sim-00059,careful,2,concept-1-item-2,concept-1,easy,2,0.510766,0.03299,False,False,21.638,6.378,1.536,1,False,2,386.775,43.886,15.261,36.224,3,2,1.681,2,43.277,1
sim-00059,careful,3,concept-2-item-3,concept-2,easy,3,0.460287,0.068978,True,False,33.355,9.564,0.686,1,False,2,1069.945,66.204,23.792,36.224,1,1,0.791,3,100.066,0
sim-00059,careful,4,concept-2-item-4,concept-2,medium,4,0.48603,0.107966,True,False,33.92,10.188,1.344,1,False,2,1091.853,53.671,23.732,36.224,0,2,1.685,4,135.679,0
sim-00059,careful,5,concept-3-item-5,concept-3,medium,5,0.508851,0.149953,True,False,42.156,16.676,1.616,1,False,2,643.64,23.449,25.48,36.224,4,2,2.706,5,210.781,0
sim-00059,careful,6,concept-3-item-6,concept-3,medium,6,0.529081,0.194939,True,False,50.268,16.921,2.449,1,False,2,1270.814,26.126,33.347,36.224,0,0,2.065,6,301.607,0
sim-00059,careful,7,concept-4-item-7,concept-4,medium,7,0.547015,0.242924,True,False,57.438,14.963,1.83,1,False,2,674.123,30.631,42.474,36.224,2,2,3.238,7,402.063,1
sim-00059,careful,8,concept-4-item-8,concept-4,hard,8,0.562914,0.293908,False,False,66.295,19.945,3.353,2,False,2,909.662,12.985,46.35,36.224,2,3,3.273,8,530.359,1
sim-00059,careful,9,concept-5-item-9,concept-5,hard,9,0.506515,0.347891,False,False,72.022,17.568,2.863,1,False,3,1068.272,23.762,54.454,36.224,2,3,2.614,9,648.201,1
sim-00059,careful,10,concept-5-item-10,concept-5,hard,10,0.456519,0.404873,False,False,73.969,29.425,2.289,1,False,3,1315.334,28.432,44.544,36.224,5,3,3.086,10,739.693,1
sim-00059,careful,11,concept-1-item-11,concept-1,easy,1,0.412197,0.464854,False,False,30.211,9.257,3.202,2,True,3,179.994,5.678,20.954,36.224,1,3,3.988,11,332.32,1
sim-00059,careful,12,concept-1-item-12,concept-1,easy,2,0.372906,0.497844,True,False,37.466,9.71,3.448,1,True,4,119.029,10.078,27.757,36.224,4,3,3.97,12,449.598,1
sim-00060,fatigable,1,concept-1-item-1,concept-1,easy,1,0.392722,0.0,True,False,23.564,6.73,0.364,1,False,1,518.544,55.325,16.834,46.521,1,1,1.053,1,23.564,1
sim-00060,fatigable,2,concept-1-item-2,concept-1,easy,2,0.374535,0.066815,True,False,21.829,7.175,1.051,1,False,1,309.498,27.92,14.654,46.521,1,0,1.324,2,43.658,1
sim-00060,fatigable,3,concept-2-item-3,concept-2,easy,3,0.359994,0.139705,True,False,32.299,11.081,0.893,1,False,2,944.28,45.191,21.218,46.521,3,0,0.874,3,96.897,1
sim-00060,fatigable,4,concept-2-item-4,concept-2,medium,4,0.348368,0.218669,True,False,42.865,14.151,1.508,1,False,2,586.273,43.229,28.714,46.521,2,1,1.567,4,171.459,1
sim-00060,fatigable,5,concept-3-item-5,concept-3,medium,5,0.339072,0.303706,True,False,46.5,18.313,2.831,1,False,2,658.098,7.089,28.187,46.521,3,1,2.611,5,232.499,1
sim-00060,fatigable,6,concept-3-item-6,concept-3,medium,6,0.33164,0.394818,False,False,58.739,14.452,3.137,2,True,3,337.613,13.39,44.287,46.521,4,4,2.815,6,352.433,1
sim-00060,fatigable,7,concept-4-item-7,concept-4,medium,7,0.268296,0.492004,False,False,64.037,23.331,4.092,1,False,3,844.908,8.397,40.706,46.521,4,3,4.968,7,448.261,1
sim-00060,fatigable,8,concept-4-item-8,concept-4,hard,8,0.21765,0.595264,False,True,75.55,25.685,4.693,1,True,2,0,0,49.865,46.521,2,0,4.209,8,604.4,1
sim-00060,fatigable,9,concept-5-item-9,concept-5,hard,9,0.177156,0.704599,False,True,88.401,33.293,4.445,1,True,3,0,0,55.108,46.521,1,3,5.214,9,795.609,1
sim-00060,fatigable,10,concept-5-item-10,concept-5,hard,10,0.144779,0.820007,False,False,89.959,23.685,6.406,2,True,3,0,0,66.274,46.521,4,1,6.292,10,899.589,1
sim-00060,fatigable,11,concept-1-item-11,concept-1,easy,1,0.118891,0.94149,True,False,47.499,13.268,6.306,1,True,4,0,0,34.231,46.521,4,4,6.918,11,522.486,1
sim-00060,fatigable,12,concept-1-item-12,concept-1,easy,2,0.155594,1.0,False,False,49.785,13.094,6.608,1,True,4,0,0,36.691,46.521,5,2,8.793,12,597.422,1
sim-00061,steady,1,concept-1-item-1,concept-1,easy,1,0.296634,0.0,True,False,26.127,10.281,0,1,False,2,843.396,68.402,15.846,58.378,4,1,0.421,1,26.127,0
sim-00061,steady,2,concept-1-item-2,concept-1,easy,2,0.316283,0.026504,False,False,30.469,8.872,0.391,2,False,2,901.358,53.42,21.596,58.378,4,2,1.432,2,60.937,0
sim-00061,steady,3,concept-2-item-3,concept-2,easy,3,0.275416,0.055417,False,True,29.942,9.658,1.489,2,False,1,1361.337,60.141,20.284,58.378,2,0,0.694,3,89.826,0
sim-00061,steady,4,concept-2-item-4,concept-2,medium,4,0.24025,0.086739,True,False,40.003,10.53,1.263,1,False,2,964.43,67.312,29.473,58.378,2,2,1.247,4,160.013,0
sim-00061,steady,5,concept-3-item-5,concept-3,medium,5,0.267765,0.120471,False,True,47.808,13.176,0.949,2,False,2,679.002,35.69,34.632,58.378,3,2,1.529,5,239.041,1
sim-00061,steady,6,concept-3-item-6,concept-3,medium,6,0.233666,0.156612,False,False,54.66,21.707,1.336,1,False,2,1665.383,42.36,32.953,58.378,1,3,1.355,6,327.959,0
sim-00061,steady,7,concept-4-item-7,concept-4,medium,7,0.204325,0.195163,False,False,58.249,17.988,1.518,1,False,2,1402.402,32.533,40.261,58.378,4,2,1.761,7,407.742,0
sim-00061,steady,8,concept-4-item-8,concept-4,hard,8,0.179078,0.236123,False,True,65.57,24.833,1.991,1,False,2,1814.745,27.848,40.737,58.378,3,2,1.992,8,524.563,0
sim-00061,steady,9,concept-5-item-9,concept-5,hard,9,0.157352,0.279492,False,False,69.543,27.816,2.536,2,False,3,1211.377,21.968,41.727,58.378,3,2,2.54,9,625.887,1
sim-00061,steady,10,concept-5-item-10,concept-5,hard,10,0.138658,0.325271,False,False,75.836,28.463,3.005,2,False,3,1450.077,23.009,47.373,58.378,4,6,2.856,10,758.363,1
sim-00061,steady,11,concept-1-item-11,concept-1,easy,1,0.122572,0.373459,True,False,28.269,9.155,2.904,1,False,2,736.21,44.185,19.114,58.378,3,2,2.986,11,310.955,1
sim-00061,steady,12,concept-1-item-12,concept-1,easy,2,0.166504,0.399963,False,True,34.309,8.413,3.508,1,False,3,457.503,27.604,25.895,58.378,3,3,4.015,12,411.703,0
sim-00062,rapid,1,concept-1-item-1,concept-1,easy,1,0.440482,0.0,True,False,15.443,5.558,0.524,1,False,1,825.304,34.58,9.885,58.051,1,3,0.563,1,15.443,0
sim-00062,rapid,2,concept-1-item-2,concept-1,easy,2,0.511104,0.02619,True,False,25.503,8.266,0.952,1,False,1,1297.384,65.449,17.237,58.051,1,1,1.258,2,51.006,0
sim-00062,rapid,3,concept-2-item-3,concept-2,easy,3,0.576445,0.054761,True,False,28.658,7.227,1.537,1,False,1,910.124,61.545,21.431,58.051,1,1,1.19,3,85.973,1
sim-00062,rapid,4,concept-2-item-4,concept-2,medium,4,0.636898,0.085713,True,False,39.386,13.57,0.758,1,False,2,987.123,60.804,25.815,58.051,2,1,1.386,4,157.542,0
sim-00062,rapid,5,concept-3-item-5,concept-3,medium,5,0.69283,0.119046,True,False,34.659,10.268,1.121,1,False,2,966.377,37.442,24.391,58.051,4,2,1.388,5,173.295,0
sim-00062,rapid,6,concept-3-item-6,concept-3,medium,6,0.744579,0.154759,False,False,44.619,17.362,1.478,1,False,2,1644.483,41.45,27.257,58.051,4,3,0.427,6,267.711,0
sim-00062,rapid,7,concept-4-item-7,concept-4,medium,7,0.70278,0.192854,True,False,51.303,20.389,1.999,1,False,2,781.653,16.992,30.914,58.051,3,1,1.093,7,359.124,0
sim-00062,rapid,8,concept-4-item-8,concept-4,hard,8,0.753784,0.233329,True,False,56.075,22.239,1.864,1,False,2,1403.587,29.587,33.836,58.051,2,3,1.917,8,448.602,0
sim-00062,rapid,9,concept-5-item-9,concept-5,hard,9,0.800974,0.276186,True,False,67.118,19.08,2.263,1,False,2,944.726,12.885,48.038,58.051,2,2,2.548,9,604.06,0
sim-00062,rapid,10,concept-5-item-10,concept-5,hard,10,0.844633,0.321423,True,False,77.304,20.586,2.625,1,False,2,1146.109,26.615,56.718,58.051,1,1,2.593,10,773.038,1
sim-00062,rapid,11,concept-1-item-11,concept-1,easy,1,0.885028,0.369041,True,False,25.754,7.01,2.398,1,False,2,368.964,20.758,18.745,58.051,2,1,3.069,11,283.299,0
sim-00062,rapid,12,concept-1-item-12,concept-1,easy,2,0.922401,0.395231,True,False,31.877,7.832,3.43,1,False,2,664.181,39.877,24.045,58.051,3,2,3.404,12,382.523,0
sim-00063,careful,1,concept-1-item-1,concept-1,easy,1,0.471222,0.0,True,False,20.954,7.012,0.026,1,False,1,709.594,53.708,13.942,28.804,3,1,0.644,1,20.954,0
sim-00063,careful,2,concept-1-item-2,concept-1,easy,2,0.512185,0.022568,True,False,21.335,7.449,1.075,1,False,2,751.438,91.674,13.887,28.804,2,2,0.573,2,42.671,0
sim-00063,careful,3,concept-2-item-3,concept-2,easy,3,0.551218,0.047188,True,False,24.647,6.731,1.304,1,False,1,1002.527,21.345,17.915,28.804,1,1,1.973,3,73.94,0
sim-00063,careful,4,concept-2-item-4,concept-2,medium,4,0.588413,0.07386,True,False,37.146,13.506,0.996,1,False,2,1144.409,78.327,23.64,28.804,1,2,0.889,4,148.583,0
sim-00063,careful,5,concept-3-item-5,concept-3,medium,5,0.623855,0.102583,True,False,34.27,12.098,1.397,1,False,2,909.792,31.839,22.173,28.804,3,1,2.079,5,171.352,0
sim-00063,careful,6,concept-3-item-6,concept-3,medium,6,0.657628,0.133358,False,False,47.286,16.43,1.827,1,False,2,1398.132,64.152,30.856,28.804,3,2,0.914,6,283.714,0
sim-00063,careful,7,concept-4-item-7,concept-4,medium,7,0.63044,0.166185,True,False,56.64,21.119,1.126,1,False,2,1608.251,68.184,35.521,28.804,3,2,1.851,7,396.479,0
sim-00063,careful,8,concept-4-item-8,concept-4,hard,8,0.663903,0.201063,True,False,50.211,18.199,1.428,1,False,2,931.786,33.766,32.011,28.804,2,1,1.707,8,401.684,1
sim-00063,careful,9,concept-5-item-9,concept-5,hard,9,0.69579,0.237993,False,False,56.421,20.573,2.649,1,False,3,1355.746,41.657,35.849,28.804,2,4,2.317,9,507.792,1
sim-00063,careful,10,concept-5-item-10,concept-5,hard,10,0.666804,0.276974,True,False,71.443,20.246,2.742,1,False,2,2053.224,34.112,51.197,28.804,3,2,2.123,10,714.427,0
sim-00063,careful,11,concept-1-item-11,concept-1,easy,1,0.698554,0.318008,True,False,21.603,7.355,1.997,1,False,2,492.703,28.692,14.248,28.804,3,1,2.77,11,237.635,0
sim-00063,careful,12,concept-1-item-12,concept-1,easy,2,0.728808,0.340576,True,False,24.568,8.853,1.722,1,False,3,330.002,11.29,15.715,28.804,5,1,2.777,12,294.813,0
sim-00064,fatigable,1,concept-1-item-1,concept-1,easy,1,0.429047,0.0,True,False,19.406,5.958,0.415,1,False,2,359.851,13.013,13.448,34.684,1,2,0.947,1,19.406,1
sim-00064,fatigable,2,concept-1-item-2,concept-1,easy,2,0.453304,0.060861,True,False,20.853,7.547,1.767,1,False,2,291.432,44.833,13.306,34.684,2,1,0.706,2,41.706,0
sim-00064,fatigable,3,concept-2-item-3,concept-2,easy,3,0.473984,0.127254,True,False,35.036,9.355,1.433,1,False,2,878.829,27.952,25.682,34.684,2,2,1.465,3,105.109,1
sim-00064,fatigable,4,concept-2-item-4,concept-2,medium,4,0.491616,0.19918,True,False,42.929,14.944,2.373,1,False,2,232.298,21.496,27.984,34.684,3,2,1.682,4,171.714,1
sim-00064,fatigable,5,concept-3-item-5,concept-3,medium,5,0.506648,0.276639,True,False,44.434,16.949,1.797,1,False,2,563.888,19.113,27.484,34.684,3,2,3.493,5,222.168,1
sim-00064,fatigable,6,concept-3-item-6,concept-3,medium,6,0.519465,0.359631,True,False,48.41,12.492,3.596,1,True,3,268.508,2.816,35.918,34.684,4,2,3.837,6,290.461,1
sim-00064,fatigable,7,concept-4-item-7,concept-4,medium,7,0.530391,0.448155,False,False,59.345,15.503,2.506,2,True,3,188.472,6.115,43.842,34.684,4,0,3.609,7,415.416,1
sim-00064,fatigable,8,concept-4-item-8,concept-4,hard,8,0.462075,0.542213,False,False,71.645,22.621,3.609,1,True,3,0,0,49.024,34.684,4,3,4.611,8,573.161,1
sim-00064,fatigable,9,concept-5-item-9,concept-5,hard,9,0.40383,0.641803,False,False,77.307,29.171,4.86,2,True,4,0,0,48.136,34.684,5,5,5.096,9,695.762,1
sim-00064,fatigable,10,concept-5-item-10,concept-5,hard,10,0.354172,0.746926,False,False,83.711,27.901,4.682,2,True,4,0,0,55.81,34.684,5,4,5.503,10,837.113,1
sim-00064,fatigable,11,concept-1-item-11,concept-1,easy,1,0.311835,0.857581,True,False,46.551,12.052,5.295,1,True,4,0,0,34.499,34.684,4,2,5.911,11,512.058,1
sim-00064,fatigable,12,concept-1-item-12,concept-1,easy,2,0.353372,0.918442,True,False,52.331,20.283,6.028,1,True,5,0,0,32.048,34.684,5,6,7.325,12,627.975,1
sim-00065,steady,1,concept-1-item-1,concept-1,easy,1,0.333862,0.0,True,False,20.843,6.676,0.347,1,False,1,819.247,25.97,14.168,42.367,0,0,1.022,1,20.843,0
sim-00065,steady,2,concept-1-item-2,concept-1,easy,2,0.389079,0.014683,True,False,23.525,9.217,0.701,1,False,1,975.308,28.093,14.307,42.367,2,1,0.414,2,47.049,0
sim-00065,steady,3,concept-2-item-3,concept-2,easy,3,0.438891,0.030702,True,False,31.735,7.892,1.009,1,False,1,1045.888,65.059,23.843,42.367,0,0,0.148,3,95.205,0
sim-00065,steady,4,concept-2-item-4,concept-2,medium,4,0.483827,0.048055,True,False,38.9,11.577,0.981,1,False,1,1114.438,76.516,27.323,42.367,2,1,1.658,4,155.6,0
sim-00065,steady,5,concept-3-item-5,concept-3,medium,5,0.524363,0.066743,False,False,36.449,9.117,1.048,1,False,1,979.949,58.926,27.332,42.367,1,1,1.302,5,182.247,0
sim-00065,steady,6,concept-3-item-6,concept-3,medium,6,0.483006,0.086766,False,False,45.218,17.798,0.509,2,False,1,962.975,40.602,27.42,42.367,1,1,1.411,6,271.308,1
sim-00065,steady,7,concept-4-item-7,concept-4,medium,7,0.445697,0.108123,False,False,50.107,14.829,1.518,1,False,1,1006.32,57.297,35.278,42.367,3,0,1.215,7,350.749,0
sim-00065,steady,8,concept-4-item-8,concept-4,hard,8,0.41204,0.130816,False,False,56.877,21.516,1.791,2,False,2,2184.764,54.346,35.361,42.367,1,0,1.322,8,455.015,0
sim-00065,steady,9,concept-5-item-9,concept-5,hard,9,0.381679,0.154843,False,False,54.907,20.705,1.438,1,False,2,1284.361,39.66,34.202,42.367,2,2,1.49,9,494.162,0
sim-00065,steady,10,concept-5-item-10,concept-5,hard,10,0.354289,0.180206,True,False,73.898,29.136,2.367,1,False,2,1934.389,37.297,44.762,42.367,3,0,2.24,10,738.984,0
sim-00065,steady,11,concept-1-item-11,concept-1,easy,1,0.407507,0.206903,True,False,23.614,6.748,2.913,1,False,2,279.205,17.77,16.866,42.367,2,2,2.182,11,259.755,0
sim-00065,steady,12,concept-1-item-12,concept-1,easy,2,0.455515,0.221586,True,False,30.069,8.316,1.928,1,False,1,786.508,18.859,21.754,42.367,2,0,1.852,12,360.83,0
sim-00066,rapid,1,concept-1-item-1,concept-1,easy,1,0.409742,0.0,True,False,23.626,7.322,0.731,1,False,0,868.247,33.988,16.303,51.961,0,0,0.967,1,23.626,0
sim-00066,rapid,2,concept-1-item-2,concept-1,easy,2,0.445508,0.028108,True,False,25.072,8.546,0.044,1,False,0,495.929,55.498,16.526,51.961,0,1,1.336,2,50.144,1
sim-00066,rapid,3,concept-2-item-3,concept-2,easy,3,0.475448,0.058772,False,False,30.824,11.128,0.88,1,False,1,1241.359,84.703,19.696,51.961,0,0,2.26,3,92.471,0
sim-00066,rapid,4,concept-2-item-4,concept-2,medium,4,0.411628,0.091991,True,False,31.771,9.876,1.487,1,False,1,1105.266,32.815,21.895,51.961,2,0,0.387,4,127.083,0
sim-00066,rapid,5,concept-3-item-5,concept-3,medium,5,0.447087,0.127766,False,False,40.057,10.779,0.642,1,False,1,553.348,26.391,29.278,51.961,2,1,1.218,5,200.285,1
sim-00066,rapid,6,concept-3-item-6,concept-3,medium,6,0.387886,0.166095,True,False,56.161,17.626,2.113,1,False,2,2407.087,71.02,38.536,51.961,2,0,1.568,6,336.968,0
sim-00066,rapid,7,concept-4-item-7,concept-4,medium,7,0.427213,0.20698,False,False,51.717,18.407,2.121,1,False,1,1563.276,16.424,33.31,51.961,1,1,2.058,7,362.02,1
sim-00066,rapid,8,concept-4-item-8,concept-4,hard,8,0.37125,0.250421,False,False,58.501,18.867,1.467,2,False,2,945.281,21.102,39.635,51.961,2,1,3.067,8,468.011,1
sim-00066,rapid,9,concept-5-item-9,concept-5,hard,9,0.324403,0.296417,False,False,70.707,24.358,1.713,2,False,1,2248.415,50.813,46.349,51.961,1,0,3.038,9,636.362,1
sim-00066,rapid,10,concept-5-item-10,concept-5,hard,10,0.285187,0.344967,False,True,76.574,28.965,2.112,1,False,2,707.414,28.064,47.609,51.961,2,0,3.63,10,765.741,1
sim-00066,rapid,11,concept-1-item-11,concept-1,easy,1,0.252359,0.396074,False,False,34.252,8.553,2.717,1,False,1,303.758,24.105,25.699,51.961,5,0,3.318,11,376.774,1
sim-00066,rapid,12,concept-1-item-12,concept-1,easy,2,0.224879,0.424182,True,False,41.159,9.935,2.603,1,False,1,744.531,34.2,31.224,51.961,2,0,3.914,12,493.905,0
sim-00067,careful,1,concept-1-item-1,concept-1,easy,1,0.272869,0.0,True,False,19.742,4.952,0.958,1,False,2,778.716,56.016,14.79,36.994,4,1,0.253,1,19.742,1
sim-00067,careful,2,concept-1-item-2,concept-1,easy,2,0.300548,0.025778,True,False,28.074,9.082,0.999,1,False,2,928.932,58.5,18.992,36.994,2,1,0.621,2,56.149,0
sim-00067,careful,3,concept-2-item-3,concept-2,easy,3,0.325575,0.0539,False,False,33.64,11.818,0,1,False,2,699.429,57.885,21.822,36.994,4,1,0.747,3,100.919,0
sim-00067,careful,4,concept-2-item-4,concept-2,medium,4,0.295835,0.084366,False,False,44.096,14.838,1.389,1,False,1,1374.288,35.14,29.258,36.994,2,0,1.581,4,176.384,1
sim-00067,careful,5,concept-3-item-5,concept-3,medium,5,0.268945,0.117175,True,False,36.252,11.8,0,1,False,2,1065.677,76.948,24.452,36.994,1,0,1.522,5,181.26,1
sim-00067,careful,6,concept-3-item-6,concept-3,medium,6,0.296999,0.152327,False,False,51.505,15.05,1.227,1,False,2,1565.058,15.04,36.455,36.994,2,3,1.631,6,309.031,0
sim-00067,careful,7,concept-4-item-7,concept-4,medium,7,0.269998,0.189823,True,False,53.679,21.097,1.842,1,False,2,1251.774,23.876,32.582,36.994,3,2,1.704,7,375.754,1
sim-00067,careful,8,concept-4-item-8,concept-4,hard,8,0.297951,0.229662,False,False,68.642,19.788,1.097,1,False,2,966.942,30.295,48.854,36.994,4,2,1.305,8,549.138,0
sim-00067,careful,9,concept-5-item-9,concept-5,hard,9,0.270859,0.271845,False,False,73.505,25.353,1.531,1,False,2,1154.552,40.897,48.152,36.994,5,2,3.364,9,661.544,1
sim-00067,careful,10,concept-5-item-10,concept-5,hard,10,0.246362,0.316371,False,False,76.745,22.328,2.479,1,False,2,966.239,32.34,54.417,36.994,3,1,2.446,10,767.449,1
sim-00067,careful,11,concept-1-item-11,concept-1,easy,1,0.224212,0.363241,True,False,34.096,13.564,3.256,1,False,3,436.217,16.764,20.532,36.994,6,3,2.654,11,375.053,1
sim-00067,careful,12,concept-1-item-12,concept-1,easy,2,0.256553,0.38902,True,False,38.112,10.313,2.938,1,False,3,596.837,18.698,27.799,36.994,3,1,4.024,12,457.347,1
sim-00068,fatigable,1,concept-1-item-1,concept-1,easy,1,0.442627,0.0,True,False,20.405,7.132,0,1,False,2,818.776,68.459,13.273,27.078,3,3,0.474,1,20.405,0
sim-00068,fatigable,2,concept-1-item-2,concept-1,easy,2,0.433656,0.060168,True,False,22.91,8.262,0.316,1,False,2,597.367,32.884,14.648,27.078,4,3,0.399,2,45.819,1
sim-00068,fatigable,3,concept-2-item-3,concept-2,easy,3,0.426029,0.125805,True,False,30.991,9.673,1.268,1,False,2,617.242,22.977,21.318,27.078,3,0,1.254,3,92.973,1
sim-00068,fatigable,4,concept-2-item-4,concept-2,medium,4,0.419546,0.196912,True,False,37.088,14.022,2.265,1,False,2,408.402,14.564,23.066,27.078,4,1,1.776,4,148.352,1
sim-00068,fatigable,5,concept-3-item-5,concept-3,medium,5,0.414034,0.273489,False,True,45.74,17.214,2.919,1,False,3,443.298,7.794,28.525,27.078,3,3,3.136,5,228.699,1
sim-00068,fatigable,6,concept-3-item-6,concept-3,medium,6,0.354319,0.355535,False,False,60.025,23.507,2.733,2,False,3,432.344,25.098,36.518,27.078,2,4,3.066,6,360.15,1
sim-00068,fatigable,7,concept-4-item-7,concept-4,medium,7,0.303554,0.443052,False,False,64.309,24.269,3.369,2,False,3,920.111,9.369,40.041,27.078,2,2,3.895,7,450.164,1
sim-00068,fatigable,8,concept-4-item-8,concept-4,hard,8,0.260399,0.536038,False,False,73.156,20.833,4.187,2,True,3,0,0,52.323,27.078,3,2,3.975,8,585.244,1
sim-00068,fatigable,9,concept-5-item-9,concept-5,hard,9,0.223712,0.634494,False,False,73.445,26.857,4.948,1,True,4,0,0,46.588,27.078,5,2,4.6,9,661.006,1
sim-00068,fatigable,10,concept-5-item-10,concept-5,hard,10,0.192523,0.73842,False,False,91.583,24.713,5.601,1,True,4,0,0,66.87,27.078,3,3,5.579,10,915.83,1
sim-00068,fatigable,11,concept-1-item-11,concept-1,easy,1,0.16601,0.847815,False,False,44.007,11.261,6.14,1,True,4,0,0,32.746,27.078,5,1,6.252,11,484.073,1
sim-00068,fatigable,12,concept-1-item-12,concept-1,easy,2,0.14347,0.907983,False,False,48.847,14.077,5.26,2,True,5,0,0,34.77,27.078,7,7,6.535,12,586.161,1
sim-00069,steady,1,concept-1-item-1,concept-1,easy,1,0.215942,0.0,False,False,15.13,5.677,0.433,1,False,1,299.944,81.076,9.453,45.064,2,0,1.124,1,15.13,0
sim-00069,steady,2,concept-1-item-2,concept-1,easy,2,0.209896,0.025192,False,False,25.521,6.254,0.919,1,False,1,763.876,79.22,19.267,45.064,0,0,0.342,2,51.042,1
sim-00069,steady,3,concept-2-item-3,concept-2,easy,3,0.204295,0.052674,False,False,31.384,12.102,0,1,False,2,576.258,50.761,19.282,45.064,1,1,1.839,3,94.151,0
sim-00069,steady,4,concept-2-item-4,concept-2,medium,4,0.199106,0.082446,True,False,42.586,16.344,0.88,1,False,1,1353.98,28.348,26.243,45.064,0,0,0.56,4,170.346,1
sim-00069,steady,5,concept-3-item-5,concept-3,medium,5,0.271872,0.114508,False,False,45.404,16.439,1.393,1,False,1,766.339,24.387,28.965,45.064,2,0,2.085,5,227.022,0
sim-00069,steady,6,concept-3-item-6,concept-3,medium,6,0.261706,0.148861,False,False,52.598,14.315,0.875,1,False,2,2317.094,26.579,38.284,45.064,2,1,1.499,6,315.59,0
sim-00069,steady,7,concept-4-item-7,concept-4,medium,7,0.25229,0.185504,False,False,61.771,22.533,1.455,1,False,2,1521.843,36.556,39.238,45.064,2,3,1.64,7,432.398,0
sim-00069,steady,8,concept-4-item-8,concept-4,hard,8,0.243566,0.224436,False,False,63.838,17.494,1.741,1,False,2,1100.862,54.871,46.344,45.064,2,1,2.593,8,510.701,1
sim-00069,steady,9,concept-5-item-9,concept-5,hard,9,0.235486,0.265659,False,False,68.772,25.802,2.307,2,False,2,2356.875,70.99,42.969,45.064,3,1,1.686,9,618.944,0
sim-00069,steady,10,concept-5-item-10,concept-5,hard,10,0.228,0.309173,False,True,68.616,18.293,2.223,2,False,2,1864.96,50.71,50.323,45.064,3,2,2.701,10,686.157,1
sim-00069,steady,11,concept-1-item-11,concept-1,easy,1,0.221066,0.354976,True,False,30.24,11.66,3.011,1,False,2,292.589,11.046,18.58,45.064,3,1,3.197,11,332.64,0
sim-00069,steady,12,concept-1-item-12,concept-1,easy,2,0.292214,0.380168,True,False,40.425,13.118,2.249,1,False,2,532.858,31.473,27.307,45.064,3,1,3.569,12,485.097,0
sim-00070,rapid,1,concept-1-item-1,concept-1,easy,1,0.722947,0.0,True,False,17.034,5.623,0.439,1,False,1,470.183,36.117,11.411,47.378,2,0,0.745,1,17.034,0
sim-00070,rapid,2,concept-1-item-2,concept-1,easy,2,0.76244,0.032183,True,False,19.108,7.365,0.518,1,False,1,636.943,37.262,11.743,47.378,1,1,0.228,2,38.216,0
sim-00070,rapid,3,concept-2-item-3,concept-2,easy,3,0.79791,0.067292,False,False,25.294,6.864,0.581,1,False,1,806.121,79.62,18.43,47.378,1,1,0,3,75.882,0
sim-00070,rapid,4,concept-2-item-4,concept-2,medium,4,0.732901,0.105327,True,False,38.421,10.425,1.064,1,False,1,675.449,13.741,27.995,47.378,1,2,1.813,4,153.683,0
sim-00070,rapid,5,concept-3-item-5,concept-3,medium,5,0.771381,0.146288,True,False,39.907,13.248,1.232,1,False,2,775.39,56.941,26.659,47.378,2,1,1.696,5,199.535,0
sim-00070,rapid,6,concept-3-item-6,concept-3,medium,6,0.80594,0.190174,True,False,53.611,16.575,0.675,1,False,2,1825.069,40.403,37.037,47.378,3,3,1.458,6,321.668,0
sim-00070,rapid,7,concept-4-item-7,concept-4,medium,7,0.836978,0.236987,True,False,53.384,17.751,2.49,1,False,2,1020.999,33.416,35.633,47.378,4,2,1.078,7,373.686,1
sim-00070,rapid,8,concept-4-item-8,concept-4,hard,8,0.864853,0.286725,True,False,62.383,18.78,1.83,1,False,1,1263.204,50.039,43.603,47.378,3,0,3.454,8,499.064,1
sim-00070,rapid,9,concept-5-item-9,concept-5,hard,9,0.889888,0.339388,True,False,69.289,20.1,2.916,1,False,2,2326.671,28.938,49.189,47.378,3,1,2.943,9,623.601,0
sim-00070,rapid,10,concept-5-item-10,concept-5,hard,10,0.912373,0.394978,False,False,72.816,26.182,2.595,2,False,2,2137.886,51.459,46.634,47.378,3,0,2.996,10,728.162,0
sim-00070,rapid,11,concept-1-item-11,concept-1,easy,1,0.835702,0.453493,True,False,35.022,10.33,2.925,1,False,2,589.764,42.978,24.692,47.378,2,0,3.471,11,385.238,0
sim-00070,rapid,12,concept-1-item-12,concept-1,easy,2,0.863707,0.485676,True,False,38.355,14.541,3.964,1,False,2,790.152,33.287,23.813,47.378,3,1,4.406,12,460.255,1
sim-00071,careful,1,concept-1-item-1,concept-1,easy,1,0.299747,0.0,True,False,8.195,3.053,0,1,False,1,286.248,24.129,5.142,46.053,2,1,0.909,1,8.195,0
sim-00071,careful,2,concept-1-item-2,concept-1,easy,2,0.314978,0.023414,True,False,17.667,6.837,1.261,1,False,1,503.191,24.729,10.83,46.053,1,0,0,2,35.333,0
sim-00071,careful,3,concept-2-item-3,concept-2,easy,3,0.328599,0.048956,True,False,32.176,10.524,0,1,False,1,1000.293,48.527,21.652,46.053,2,0,0.996,3,96.528,0
sim-00071,careful,4,concept-2-item-4,concept-2,medium,4,0.340782,0.076627,False,False,32.674,8.232,0.649,1,False,2,975.586,63.635,24.442,46.053,3,0,1.75,4,130.696,1
sim-00071,careful,5,concept-3-item-5,concept-3,medium,5,0.304501,0.106426,True,False,40.388,14.922,1.531,1,False,2,1299.506,48.835,25.466,46.053,3,3,1.159,5,201.942,0
sim-00071,careful,6,concept-3-item-6,concept-3,medium,6,0.319229,0.138354,False,False,48.615,18.122,2.558,1,False,2,1436.899,66.361,30.492,46.053,2,2,0.783,6,291.688,0
sim-00071,careful,7,concept-4-item-7,concept-4,medium,7,0.285226,0.17241,True,False,57.926,18.313,1.799,1,False,2,2041.096,23.501,39.614,46.053,3,0,1.142,7,405.483,1
sim-00071,careful,8,concept-4-item-8,concept-4,hard,8,0.301991,0.208595,False,False,65.247,20.691,1.885,1,False,2,1511.245,18.552,44.556,46.053,2,0,2.376,8,521.976,0
sim-00071,careful,9,concept-5-item-9,concept-5,hard,9,0.269808,0.246908,False,False,66.529,24.331,2.312,1,False,3,1630.882,43.069,42.198,46.053,3,3,2.84,9,598.76,0
sim-00071,careful,10,concept-5-item-10,concept-5,hard,10,0.241026,0.28735,False,False,71.149,19.804,2.648,1,False,3,1706.842,24.837,51.345,46.053,4,2,2.575,10,711.494,1
sim-00071,careful,11,concept-1-item-11,concept-1,easy,1,0.215285,0.32992,True,False,23.734,6.746,2.101,1,False,2,676.961,9.698,16.988,46.053,0,1,2.457,11,261.076,0
sim-00071,careful,12,concept-1-item-12,concept-1,easy,2,0.23944,0.353334,True,False,37.694,14.776,2.152,1,False,3,966.763,46.796,22.918,46.053,4,2,2.998,12,452.329,1
sim-00072,fatigable,1,concept-1-item-1,concept-1,easy,1,0.250334,0.0,True,False,15.436,4.945,1.156,1,False,2,313.681,48.065,10.491,44.503,2,0,0,1,15.436,0
sim-00072,fatigable,2,concept-1-item-2,concept-1,easy,2,0.270466,0.07369,True,False,36.289,13.124,1.309,1,False,2,934.368,43.308,23.165,44.503,2,2,1.197,2,72.578,1
sim-00072,fatigable,3,concept-2-item-3,concept-2,easy,3,0.286781,0.154079,True,False,38.831,13.836,1.161,1,False,2,905.546,21.446,24.995,44.503,2,2,1.679,3,116.493,1
sim-00072,fatigable,4,concept-2-item-4,concept-2,medium,4,0.300004,0.241168,True,False,42.625,14.359,1.761,1,False,2,395.114,24.156,28.266,44.503,4,3,1.531,4,170.499,0
sim-00072,fatigable,5,concept-3-item-5,concept-3,medium,5,0.31072,0.334955,False,False,46.457,13.305,2.566,2,False,2,234.199,6.615,33.152,44.503,3,1,2.105,5,232.285,1
sim-00072,fatigable,6,concept-3-item-6,concept-3,medium,6,0.256714,0.435442,False,False,50.29,18.74,2.135,1,True,3,185.901,1.718,31.55,44.503,4,3,3.164,6,301.742,1
sim-00072,fatigable,7,concept-4-item-7,concept-4,medium,7,0.212945,0.542627,False,False,64.208,22.661,3.418,1,True,3,0,0,41.547,44.503,5,3,3.852,7,449.454,1
sim-00072,fatigable,8,concept-4-item-8,concept-4,hard,8,0.177474,0.656512,False,False,80.817,30.334,5.057,2,True,3,58.669,0.915,50.484,44.503,3,2,5.337,8,646.539,1
sim-00072,fatigable,9,concept-5-item-9,concept-5,hard,9,0.148727,0.777096,False,False,87.762,25.425,6.353,2,True,4,0,0,62.338,44.503,5,2,6.137,9,789.86,1
sim-00072,fatigable,10,concept-5-item-10,concept-5,hard,10,0.12543,0.904379,False,False,87.364,34.641,6.696,2,True,4,0,0,52.723,44.503,3,4,6.394,10,873.641,1
sim-00072,fatigable,11,concept-1-item-11,concept-1,easy,1,0.106549,1.0,False,False,54.77,19.872,6.62,2,True,5,0,0,34.899,44.503,5,5,6.955,11,602.475,1
sim-00072,fatigable,12,concept-1-item-12,concept-1,easy,2,0.091248,1.0,False,False,55.76,19.587,7.071,1,True,5,0,0,36.173,44.503,5,6,7.185,12,669.124,1
sim-00073,steady,1,concept-1-item-1,concept-1,easy,1,0.551018,0.0,True,False,19.328,7.654,0.63,1,False,1,756.224,40.949,11.674,47.76,1,1,1.02,1,19.328,0
sim-00073,steady,2,concept-1-item-2,concept-1,easy,2,0.553667,0.028215,False,False,25.992,9.277,0.144,1,False,1,502.085,22.699,16.714,47.76,0,1,0,2,51.983,1
sim-00073,steady,3,concept-2-item-3,concept-2,easy,3,0.490122,0.058995,True,False,38.015,9.841,0.623,1,False,1,839.24,67.375,28.174,47.76,1,1,0.192,3,114.046,0
sim-00073,steady,4,concept-2-item-4,concept-2,medium,4,0.500415,0.09234,True,False,32.961,9.321,1.548,1,False,1,1153.853,57.664,23.641,47.76,1,0,1.575,4,131.846,0
sim-00073,steady,5,concept-3-item-5,concept-3,medium,5,0.509416,0.12825,True,False,41.632,14.882,1.572,1,False,2,734.435,50.286,26.75,47.76,0,2,1.888,5,208.161,0
sim-00073,steady,6,concept-3-item-6,concept-3,medium,6,0.517287,0.166725,False,False,45.901,11.412,2.105,1,False,1,1391.273,14.427,34.489,47.76,2,0,1.777,6,275.405,1
sim-00073,steady,7,concept-4-item-7,concept-4,medium,7,0.458308,0.207765,True,False,53.757,15.516,1.715,1,False,2,972.368,22.122,38.241,47.76,4,1,2.933,7,376.302,1
sim-00073,steady,8,concept-4-item-8,concept-4,hard,8,0.472595,0.251369,False,False,63.69,20.997,2.703,1,False,2,995.041,48.333,42.693,47.76,2,2,2.782,8,509.523,1
sim-00073,steady,9,concept-5-item-9,concept-5,hard,9,0.419226,0.297539,False,False,63.002,22.678,1.49,1,False,2,1557.587,53.71,40.324,47.76,0,2,2.072,9,567.02,1
sim-00073,steady,10,concept-5-item-10,concept-5,hard,10,0.372556,0.346274,False,False,73.754,27.935,2.895,2,False,2,1064.321,49.016,45.819,47.76,3,3,3.342,10,737.539,0
sim-00073,steady,11,concept-1-item-11,concept-1,easy,1,0.331745,0.397574,True,False,32.227,10.169,2.247,1,False,2,331.992,28.812,22.058,47.76,4,3,3.388,11,354.497,1
sim-00073,steady,12,concept-1-item-12,concept-1,easy,2,0.361919,0.425789,True,False,36.47,13.46,3.375,1,False,2,309.4,16.907,23.01,47.76,3,2,3.41,12,437.638,0
sim-00074,rapid,1,concept-1-item-1,concept-1,easy,1,0.555343,0.0,True,False,19.712,5.231,0.702,1,False,1,1073.633,69.3,14.48,52.58,2,1,1.299,1,19.712,0
sim-00074,rapid,2,concept-1-item-2,concept-1,easy,2,0.622099,0.017069,True,False,21.737,7.827,0.412,1,False,1,533.717,48.129,13.91,52.58,2,2,0,2,43.474,0
sim-00074,rapid,3,concept-2-item-3,concept-2,easy,3,0.681566,0.03569,True,False,30.97,10.742,1.164,1,False,1,1235.872,85.437,20.228,52.58,1,2,0.361,3,92.909,0
sim-00074,rapid,4,concept-2-item-4,concept-2,medium,4,0.73454,0.055863,True,False,39.757,13.77,1.073,1,False,1,1776.792,57.447,25.987,52.58,3,0,0.261,4,159.029,0
sim-00074,rapid,5,concept-3-item-5,concept-3,medium,5,0.781731,0.077588,True,False,42.328,15.759,0.924,1,False,1,1324.26,81.372,26.569,52.58,2,0,1.274,5,211.639,0
sim-00074,rapid,6,concept-3-item-6,concept-3,medium,6,0.823769,0.100864,False,False,45.424,17.222,1.503,2,False,1,1822.945,39.754,28.203,52.58,2,1,1.224,6,272.545,1
sim-00074,rapid,7,concept-4-item-7,concept-4,medium,7,0.753675,0.125692,True,False,44.467,16.852,2.087,1,False,1,1223.054,100.669,27.615,52.58,2,1,1.186,7,311.272,0
sim-00074,rapid,8,concept-4-item-8,concept-4,hard,8,0.798776,0.152072,True,False,52.126,14.092,1.522,1,False,1,1877.77,49.419,38.034,52.58,1,0,1.312,8,417.008,1
sim-00074,rapid,9,concept-5-item-9,concept-5,hard,9,0.838953,0.180003,True,False,64.077,17.898,2.056,1,False,2,2095.969,79.636,46.179,52.58,3,0,2.938,9,576.689,0
sim-00074,rapid,10,concept-5-item-10,concept-5,hard,10,0.874743,0.209487,False,False,60.738,23.18,2.34,1,False,1,2436.767,47.002,37.558,52.58,2,1,1.296,10,607.378,0
sim-00074,rapid,11,concept-1-item-11,concept-1,easy,1,0.799084,0.240522,True,False,18.576,6.492,1.672,1,False,1,732.053,24.4,12.084,52.58,0,0,2.063,11,204.334,1
sim-00074,rapid,12,concept-1-item-12,concept-1,easy,2,0.839227,0.257591,True,False,28.346,9.462,1.862,1,False,1,1086.768,61.178,18.884,52.58,0,1,3.061,12,340.148,0
sim-00075,careful,1,concept-1-item-1,concept-1,easy,1,0.362549,0.0,False,False,24.173,8.656,1.21,1,False,2,581.444,47.361,15.517,31.133,3,2,0.96,1,24.173,0
sim-00075,careful,2,concept-1-item-2,concept-1,easy,2,0.348565,0.032098,True,False,27.356,8.534,0.766,1,False,2,973.889,40.204,18.822,31.133,2,2,0,2,54.711,0
sim-00075,careful,3,concept-2-item-3,concept-2,easy,3,0.397916,0.067114,True,False,36.314,12.694,1.543,1,False,2,580.699,29.46,23.62,31.133,3,2,1.501,3,108.942,1
sim-00075,careful,4,concept-2-item-4,concept-2,medium,4,0.4447,0.105048,True,False,32.902,10.762,0.363,1,False,2,767.624,32.294,22.14,31.133,1,1,0.374,4,131.609,0
sim-00075,careful,5,concept-3-item-5,concept-3,medium,5,0.489051,0.1459,False,False,45.461,12.288,0.994,1,False,2,1376.786,42.367,33.173,31.133,4,1,0.876,5,227.305,0
sim-00075,careful,6,concept-3-item-6,concept-3,medium,6,0.468489,0.189671,False,False,49.47,14.419,1.497,1,False,3,706.647,24.091,35.051,31.133,3,3,1.074,6,296.819,1
sim-00075,careful,7,concept-4-item-7,concept-4,medium,7,0.448997,0.236359,True,False,55.493,16.439,2.938,1,False,3,937.934,39.688,39.055,31.133,4,3,2.374,7,388.453,0
sim-00075,careful,8,concept-4-item-8,concept-4,hard,8,0.493125,0.285965,False,False,58.489,22.374,2.454,1,False,3,1218.604,31.288,36.115,31.133,2,4,2.039,8,467.909,1
sim-00075,careful,9,concept-5-item-9,concept-5,hard,9,0.472352,0.338489,False,False,69.703,18.925,2.882,1,False,3,641.876,14.155,50.778,31.133,3,1,2.798,9,627.326,1
sim-00075,careful,10,concept-5-item-10,concept-5,hard,10,0.452658,0.393931,False,False,81.906,20.057,2.703,1,False,3,559.983,6.397,61.849,31.133,5,3,3.46,10,819.061,1
sim-00075,careful,11,concept-1-item-11,concept-1,easy,1,0.433989,0.452291,False,False,33.894,12.871,2.639,1,False,3,325.779,5.649,21.023,31.133,2,3,4.19,11,372.83,0
sim-00075,careful,12,concept-1-item-12,concept-1,easy,2,0.416291,0.484389,False,False,37.815,12.851,3.702,1,True,3,98.247,1.093,24.964,31.133,5,2,3.535,12,453.776,1
sim-00076,fatigable,1,concept-1-item-1,concept-1,easy,1,0.41316,0.0,False,False,17.486,6.844,0.657,2,False,2,378.921,19.382,10.642,43.108,3,3,0.688,1,17.486,0
sim-00076,fatigable,2,concept-1-item-2,concept-1,easy,2,0.369311,0.061253,True,False,30.628,10.427,1.29,1,False,2,873.821,17.006,20.2,43.108,2,2,0.968,2,61.255,1
sim-00076,fatigable,3,concept-2-item-3,concept-2,easy,3,0.384995,0.128075,True,False,35.795,12.087,0.753,1,False,2,700.305,48.665,23.708,43.108,4,1,1.396,3,107.385,0
sim-00076,fatigable,4,concept-2-item-4,concept-2,medium,4,0.39893,0.200466,True,False,41.226,12.332,1.241,1,False,2,442.435,29.51,28.894,43.108,4,2,2.271,4,164.903,0
sim-00076,fatigable,5,concept-3-item-5,concept-3,medium,5,0.411311,0.278425,True,False,39.542,12.917,1.779,1,False,2,572.685,34.092,26.625,43.108,3,3,1.988,5,197.71,0
sim-00076,fatigable,6,concept-3-item-6,concept-3,medium,6,0.422312,0.361952,False,False,47.92,17.513,2.508,1,True,2,427.025,8.058,30.407,43.108,0,2,2.848,6,287.521,1
sim-00076,fatigable,7,concept-4-item-7,concept-4,medium,7,0.377443,0.451048,False,False,63.417,16.698,2.414,1,True,2,496.499,16.544,46.719,43.108,3,1,4.13,7,443.918,1
sim-00076,fatigable,8,concept-4-item-8,concept-4,hard,8,0.337576,0.545713,False,True,70.475,25.662,4.574,1,True,3,45.646,0.963,44.814,43.108,3,3,4.525,8,563.803,1
sim-00076,fatigable,9,concept-5-item-9,concept-5,hard,9,0.302154,0.645946,False,False,72.867,19.763,5.135,1,True,4,0,0,53.104,43.108,4,2,4.082,9,655.803,1
sim-00076,fatigable,10,concept-5-item-10,concept-5,hard,10,0.270682,0.751747,False,False,85.488,34.023,4.715,1,True,3,0,0,51.465,43.108,4,2,6.491,10,854.878,1
sim-00076,fatigable,11,concept-1-item-11,concept-1,easy,1,0.242718,0.863117,True,False,45.388,12.421,5.934,1,True,4,0,0,32.967,43.108,5,4,6.013,11,499.268,1
sim-00076,fatigable,12,concept-1-item-12,concept-1,easy,2,0.272515,0.924371,True,False,58.061,18.277,6.081,1,True,5,0,0,39.784,43.108,6,4,6.147,12,696.73,1
sim-00077,steady,1,concept-1-item-1,concept-1,easy,1,0.224152,0.0,True,False,19.729,4.848,0.09,1,False,0,735.326,69.863,14.881,26.336,0,0,0,1,19.729,0
sim-00077,steady,2,concept-1-item-2,concept-1,easy,2,0.262858,0.037182,True,False,29.782,7.482,0.328,1,False,1,972.646,54.994,22.299,26.336,2,1,1.277,2,59.563,1
sim-00077,steady,3,concept-2-item-3,concept-2,easy,3,0.295765,0.077743,True,False,36.187,12.043,0.958,1,False,1,988.046,20.497,24.144,26.336,3,1,0.369,3,108.561,1
sim-00077,steady,4,concept-2-item-4,concept-2,medium,4,0.323742,0.121685,True,False,43.868,17.217,1.155,1,False,2,1335.507,56.258,26.651,26.336,1,1,1.058,4,175.472,0
sim-00077,steady,5,concept-3-item-5,concept-3,medium,5,0.347527,0.169007,True,False,47.463,18.164,1.449,1,False,1,1474.806,33.193,29.3,26.336,3,1,2.117,5,237.317,0
sim-00077,steady,6,concept-3-item-6,concept-3,medium,6,0.367748,0.219709,True,False,43.919,14.476,2.437,1,False,1,1002.645,29.774,29.443,26.336,2,2,0.614,6,263.515,1
sim-00077,steady,7,concept-4-item-7,concept-4,medium,7,0.384939,0.273791,False,False,61.783,23.784,2.779,1,False,1,870.55,40.023,37.999,26.336,2,1,1.949,7,432.478,1
sim-00077,steady,8,concept-4-item-8,concept-4,hard,8,0.333337,0.331254,True,False,63.729,23.136,2.581,1,False,2,765.631,34.547,40.593,26.336,3,2,2.776,8,509.833,1
sim-00077,steady,9,concept-5-item-9,concept-5,hard,9,0.355684,0.392096,False,False,69.816,17.997,3.785,1,False,2,1335.656,15.635,51.819,26.336,2,1,4.073,9,628.346,1
sim-00077,steady,10,concept-5-item-10,concept-5,hard,10,0.308465,0.456319,False,False,79.081,29.127,3.804,1,False,3,917.705,18.669,49.954,26.336,5,3,3.389,10,790.807,1
sim-00077,steady,11,concept-1-item-11,concept-1,easy,1,0.26832,0.523922,True,False,41.126,13.736,4.076,1,True,2,222.889,10.112,27.391,26.336,2,2,3.559,11,452.391,1
sim-00077,steady,12,concept-1-item-12,concept-1,easy,2,0.300409,0.561103,True,False,40.669,13.82,3.92,1,True,2,27.273,1.046,26.849,26.336,4,2,4.39,12,488.032,1
sim-00078,rapid,1,concept-1-item-1,concept-1,easy,1,0.425318,0.0,True,False,12.466,4.413,0.802,1,False,1,452.259,83.943,8.053,48.087,0,0,1.374,1,12.466,0
sim-00078,rapid,2,concept-1-item-2,concept-1,easy,2,0.505781,0.034449,True,False,25.664,9.982,0.27,1,False,1,725.683,25.727,15.682,48.087,1,1,1.024,2,51.328,0
sim-00078,rapid,3,concept-2-item-3,concept-2,easy,3,0.578738,0.07203,True,False,29.662,9.794,0,1,False,1,860.09,47.26,19.869,48.087,2,1,0.559,3,88.987,0
sim-00078,rapid,4,concept-2-item-4,concept-2,medium,4,0.64489,0.112742,False,False,33.553,11.612,0.942,2,False,1,917.341,79.304,21.941,48.087,1,1,1.57,4,134.212,1
sim-00078,rapid,5,concept-3-item-5,concept-3,medium,5,0.602773,0.156586,True,False,45.299,18.077,1.169,1,False,2,831.347,68.413,27.221,48.087,3,2,2.404,5,226.493,0
sim-00078,rapid,6,concept-3-item-6,concept-3,medium,6,0.666683,0.203562,False,False,53.636,20.042,1.364,2,False,1,1494.534,39.807,33.594,48.087,1,0,1.569,6,321.818,1
sim-00078,rapid,7,concept-4-item-7,concept-4,medium,7,0.622533,0.25367,True,False,55.127,15.064,3.106,1,False,1,1066.094,15.34,40.063,48.087,2,1,2.729,7,385.89,1
sim-00078,rapid,8,concept-4-item-8,concept-4,hard,8,0.6846,0.306909,False,False,64.466,25.138,2.132,1,False,2,959.755,53.9,39.327,48.087,3,3,1.755,8,515.727,0
sim-00078,rapid,9,concept-5-item-9,concept-5,hard,9,0.638779,0.36328,False,False,72.073,22.014,2.19,1,False,2,1432.171,46.61,50.059,48.087,3,3,2.897,9,648.66,0
sim-00078,rapid,10,concept-5-item-10,concept-5,hard,10,0.597231,0.422783,False,False,73.638,24.551,3.287,1,False,2,995.49,7.249,49.087,48.087,3,0,3.231,10,736.383,1
sim-00078,rapid,11,concept-1-item-11,concept-1,easy,1,0.559559,0.485417,True,False,39.736,9.987,2.786,1,False,2,606.291,28.994,29.749,48.087,3,2,4.56,11,437.097,0
sim-00078,rapid,12,concept-1-item-12,concept-1,easy,2,0.6275,0.519866,True,False,33.936,8.296,3.499,1,False,3,892.134,36.949,25.64,48.087,2,2,4.383,12,407.233,0
sim-00079,careful,1,concept-1-item-1,concept-1,easy,1,0.127746,0.0,True,False,24.426,7.144,0.655,1,False,2,507.045,48.629,17.282,32.424,2,3,0.369,1,24.426,0
sim-00079,careful,2,concept-1-item-2,concept-1,easy,2,0.187652,0.023037,True,False,22.178,8.126,0.258,1,False,2,834.803,37.162,14.052,32.424,3,1,0.15,2,44.356,0
sim-00079,careful,3,concept-2-item-3,concept-2,easy,3,0.243377,0.048169,False,False,37.772,13.223,1.345,1,False,2,783.288,70.336,24.548,32.424,4,2,0,3,113.315,0
sim-00079,careful,4,concept-2-item-4,concept-2,medium,4,0.231599,0.075395,False,True,39.822,12.24,1.059,1,False,2,861.133,24.319,27.582,32.424,0,1,0.813,4,159.289,1
sim-00079,careful,5,concept-3-item-5,concept-3,medium,5,0.220643,0.104715,False,False,40.907,14.297,1.529,1,False,2,1005.877,28.127,26.609,32.424,3,2,0.623,5,204.533,0
sim-00079,careful,6,concept-3-item-6,concept-3,medium,6,0.210451,0.136129,True,False,43.932,10.838,1.115,1,False,3,1211.965,67.514,33.094,32.424,3,2,1.061,6,263.593,0
sim-00079,careful,7,concept-4-item-7,concept-4,medium,7,0.264586,0.169638,False,False,60.078,16.956,2.242,1,False,2,1778.93,69.583,43.122,32.424,0,3,2.459,7,420.545,0
sim-00079,careful,8,concept-4-item-8,concept-4,hard,8,0.251328,0.205241,False,False,59.219,14.525,1.664,1,False,2,1295.073,25.754,44.694,32.424,3,3,1.862,8,473.748,0
sim-00079,careful,9,concept-5-item-9,concept-5,hard,9,0.238995,0.242938,False,True,72.953,23.674,2.044,1,False,3,2062.272,11.092,49.279,32.424,4,3,1.983,9,656.575,0
sim-00079,careful,10,concept-5-item-10,concept-5,hard,10,0.227522,0.28273,False,False,74.928,27.119,3.355,1,False,2,1051.519,42.356,47.809,32.424,3,1,2.493,10,749.283,0
sim-00079,careful,11,concept-1-item-11,concept-1,easy,1,0.21685,0.324615,True,False,36.976,9.768,3.218,1,False,3,967.482,14.435,27.208,32.424,5,3,2.492,11,406.734,0
sim-00079,careful,12,concept-1-item-12,concept-1,easy,2,0.270539,0.347653,True,False,36.428,9.528,2.094,1,False,3,906.473,39.019,26.899,32.424,2,2,2.844,12,437.134,0
sim-00080,fatigable,1,concept-1-item-1,concept-1,easy,1,0.394555,0.0,True,False,22.001,5.561,0,1,False,1,1118.284,51.648,16.44,37.332,1,0,0,1,22.001,0
sim-00080,fatigable,2,concept-1-item-2,concept-1,easy,2,0.388937,0.05397,True,False,24.708,8.168,0.547,1,False,2,757.918,52.999,16.54,37.332,3,2,0,2,49.416,0
sim-00080,fatigable,3,concept-2-item-3,concept-2,easy,3,0.384459,0.112846,False,False,38.784,14.52,1.948,2,False,1,1212.878,49.467,24.265,37.332,1,1,1.528,3,116.353,1
sim-00080,fatigable,4,concept-2-item-4,concept-2,medium,4,0.313075,0.176629,True,False,41.417,14.737,2.213,1,False,2,804.147,36.894,26.679,37.332,1,3,2.792,4,165.667,1
sim-00080,fatigable,5,concept-3-item-5,concept-3,medium,5,0.323986,0.245318,False,False,38.995,10.594,2.266,1,False,2,532.984,30.233,28.401,37.332,3,0,2.838,5,194.977,1
sim-00080,fatigable,6,concept-3-item-6,concept-3,medium,6,0.264869,0.318914,False,False,49.708,16.486,2.842,1,False,2,354.459,27.128,33.222,37.332,2,0,2.675,6,298.249,1
sim-00080,fatigable,7,concept-4-item-7,concept-4,medium,7,0.217745,0.397416,False,False,61.146,20.022,3.014,1,False,3,806.622,23.129,41.125,37.332,3,3,2.997,7,428.024,1
sim-00080,fatigable,8,concept-4-item-8,concept-4,hard,8,0.180179,0.480824,False,False,70.165,27.37,4.103,1,True,3,233.054,2.436,42.795,37.332,4,3,4.309,8,561.316,1
sim-00080,fatigable,9,concept-5-item-9,concept-5,hard,9,0.150234,0.569139,False,False,85.481,29.304,4.257,1,True,3,161.835,2.556,56.177,37.332,4,2,4.269,9,769.33,1
sim-00080,fatigable,10,concept-5-item-10,concept-5,hard,10,0.126363,0.66236,False,False,81.74,29.416,4.846,1,True,3,0,0,52.324,37.332,5,5,5.315,10,817.398,1
sim-00080,fatigable,11,concept-1-item-11,concept-1,easy,1,0.107335,0.760487,False,False,46.064,13.429,5.344,1,True,4,0,0,32.635,37.332,5,4,5.221,11,506.703,1
sim-00080,fatigable,12,concept-1-item-12,concept-1,easy,2,0.092167,0.814457,False,False,46.391,12.472,4.982,1,True,4,0,0,33.918,37.332,4,3,6.431,12,556.69,1
