learner_id,archetype,event_index,question_id,concept_id,difficulty,difficulty_score,knowledge_before,fatigue_before,correct,guessed,total_response_time,reading_time,time_after_last_interaction,attempts,skip,option_changes,mouse_distance,mouse_speed,hover_time,typing_speed,backspaces,delete_frequency,pause_duration,question_number,session_duration,tab_switches
sim-00001,steady,1,concept-1-item-1,concept-1,easy,1,0.292511,0.0,True,False,13.787,3.972,0.425,1,False,1,560.872,25.986,9.815,44.29,2,3,1.125,1,13.787,0
sim-00001,steady,2,concept-1-item-2,concept-1,easy,2,0.338277,0.015978,True,False,23.175,7.166,0.941,1,False,1,821.709,68.447,16.009,44.29,3,1,0.245,2,46.351,1
sim-00001,steady,3,concept-2-item-3,concept-2,easy,3,0.381714,0.033409,False,False,25.418,7.062,1.766,1,False,1,1089.056,32.469,18.355,44.29,2,0,0.763,3,76.253,0
sim-00001,steady,4,concept-2-item-4,concept-2,medium,4,0.365458,0.052292,True,False,35.084,12.338,1.775,1,False,1,807.234,16.928,22.746,44.29,1,0,1.238,4,140.337,0
sim-00001,steady,5,concept-3-item-5,concept-3,medium,5,0.407512,0.072628,True,False,33.836,9.155,1.426,1,False,1,1417.214,42.858,24.681,44.29,2,0,1.39,5,169.181,1
sim-00001,steady,6,concept-3-item-6,concept-3,medium,6,0.447427,0.094417,True,False,44.146,12.262,1.54,1,False,1,2094.206,95.466,31.884,44.29,1,1,1.236,6,264.876,0
sim-00001,steady,7,concept-4-item-7,concept-4,medium,7,0.485312,0.117658,False,False,49.663,16.921,1.944,1,False,2,1311.639,28.502,32.742,44.29,1,1,1.57,7,347.641,0
sim-00001,steady,8,concept-4-item-8,concept-4,hard,8,0.463786,0.142351,True,False,62.278,21.13,0.371,1,False,1,2133.708,49.574,41.148,44.29,1,1,2.187,8,498.225,0
sim-00001,steady,9,concept-5-item-9,concept-5,hard,9,0.500839,0.168497,False,False,66.813,20.073,1.069,1,False,1,3351.995,90.826,46.741,44.29,1,0,2.442,9,601.318,1
sim-00001,steady,10,concept-5-item-10,concept-5,hard,10,0.478523,0.196096,False,False,71.6,25.074,2.023,1,False,2,3005.776,25.999,46.526,44.29,4,0,2.601,10,716.004,0
sim-00001,steady,11,concept-1-item-11,concept-1,easy,1,0.457343,0.225147,True,False,18.395,6.32,2.02,1,False,1,483.886,22.913,12.074,44.29,1,1,1.925,11,202.34,0
sim-00001,steady,12,concept-1-item-12,concept-1,easy,2,0.494723,0.241126,True,False,33.548,9.468,2.392,1,False,1,1314.863,71.682,24.079,44.29,1,0,2.554,12,402.57,0
sim-00001,steady,13,concept-2-item-13,concept-2,easy,3,0.530202,0.258556,True,False,39.327,11.439,2.474,1,False,2,994.458,76.191,27.888,44.29,4,1,2.764,13,511.25,0
sim-00001,steady,14,concept-2-item-14,concept-2,medium,4,0.563876,0.27744,True,False,37.049,10.505,2.778,1,False,1,1654.672,32.237,26.544,44.29,3,1,2.426,14,518.681,1
sim-00001,steady,15,concept-3-item-15,concept-3,medium,5,0.595838,0.297776,False,False,42.699,16.0,2.775,1,False,1,1757.407,70.921,26.699,44.29,1,0,2.744,15,640.492,0
sim-00001,steady,16,concept-3-item-16,concept-3,medium,6,0.56869,0.319564,True,False,48.784,18.294,2.085,1,False,2,1418.866,58.817,30.49,44.29,3,2,2.673,16,780.54,1
sim-00002,rapid,1,concept-1-item-1,concept-1,easy,1,0.566178,0.0,False,False,16.319,4.251,0,1,False,2,537.754,81.31,12.067,66.903,2,0,0.749,1,16.319,0
sim-00002,rapid,2,concept-1-item-2,concept-1,easy,2,0.532642,0.013061,True,False,21.038,5.769,1.1,1,False,1,767.297,71.104,15.27,66.903,3,2,0.774,2,42.077,0
sim-00002,rapid,3,concept-2-item-3,concept-2,easy,3,0.59769,0.027309,True,False,20.971,8.32,0.171,1,False,1,488.558,16.735,12.651,66.903,0,2,0.495,3,62.913,1
sim-00002,rapid,4,concept-2-item-4,concept-2,medium,4,0.657059,0.042745,False,False,31.375,7.881,0.528,1,False,1,610.187,43.06,23.494,66.903,0,1,1.105,4,125.501,1
sim-00002,rapid,5,concept-3-item-5,concept-3,medium,5,0.615591,0.059368,True,False,48.745,13.25,0.372,1,False,1,964.964,41.162,35.495,66.903,1,0,0.211,5,243.725,0
sim-00002,rapid,6,concept-3-item-6,concept-3,medium,6,0.673398,0.077178,True,False,46.136,13.111,0.975,1,False,1,1031.324,18.062,33.025,66.903,1,0,1.539,6,276.816,1
sim-00002,rapid,7,concept-4-item-7,concept-4,medium,7,0.726159,0.096176,True,False,45.681,11.632,1.792,1,False,2,864.225,62.199,34.049,66.903,3,2,0.321,7,319.767,1
sim-00002,rapid,8,concept-4-item-8,concept-4,hard,8,0.774315,0.116361,True,False,45.947,12.331,1.689,1,False,2,646.196,27.247,33.616,66.903,3,1,1.945,8,367.578,1
sim-00002,rapid,9,concept-5-item-9,concept-5,hard,9,0.818267,0.137733,False,False,67.782,16.693,1.784,1,False,2,1199.371,56.008,51.089,66.903,3,3,1.109,9,610.042,0
sim-00002,rapid,10,concept-5-item-10,concept-5,hard,10,0.762727,0.160293,True,False,70.454,18.553,1.658,1,False,2,1446.999,78.742,51.901,66.903,3,1,1.355,10,704.54,1
sim-00002,rapid,11,concept-1-item-11,concept-1,easy,1,0.807691,0.18404,True,False,22.519,5.608,1.983,1,False,2,449.745,12.81,16.91,66.903,4,1,1.648,11,247.706,0
sim-00002,rapid,12,concept-1-item-12,concept-1,easy,2,0.84873,0.197101,False,False,27.354,8.546,3.366,1,False,1,492.656,10.978,18.808,66.903,2,0,2.826,12,328.248,1
sim-00002,rapid,13,concept-2-item-13,concept-2,easy,3,0.79053,0.211349,True,False,29.238,9.647,1.474,1,False,2,718.581,19.205,19.591,66.903,4,1,0.814,13,380.092,0
sim-00002,rapid,14,concept-2-item-14,concept-2,medium,4,0.833067,0.226784,True,False,38.973,14.173,2.187,1,False,2,902.448,27.31,24.8,66.903,1,3,2.655,14,545.627,1
sim-00002,rapid,15,concept-3-item-15,concept-3,medium,5,0.871891,0.243407,True,False,48.212,12.649,1.83,1,False,1,1101.951,44.809,35.563,66.903,2,2,1.629,15,723.184,1
sim-00002,rapid,16,concept-3-item-16,concept-3,medium,6,0.907326,0.261218,True,False,42.895,13.731,3.241,1,False,2,506.604,14.251,29.164,66.903,3,0,2.262,16,686.326,0
sim-00003,careful,1,concept-1-item-1,concept-1,easy,1,0.292101,0.0,True,False,16.512,5.814,0.54,1,False,2,728.686,26.9,10.698,33.744,2,1,1.832,1,16.512,0
sim-00003,careful,2,concept-1-item-2,concept-1,easy,2,0.322846,0.035571,True,False,23.084,6.802,1.691,1,False,1,1112.11,53.726,16.282,33.744,2,0,0.737,2,46.168,0
sim-00003,careful,3,concept-2-item-3,concept-2,easy,3,0.350968,0.074376,False,False,27.715,8.54,0,1,False,2,941.152,78.61,19.175,33.744,2,1,1.792,3,83.146,0
sim-00003,careful,4,concept-2-item-4,concept-2,medium,4,0.322942,0.116414,False,False,39.497,12.893,1.296,1,False,1,805.679,35.633,26.604,33.744,0,0,1.124,4,157.989,0
sim-00003,careful,5,concept-3-item-5,concept-3,medium,5,0.297308,0.161686,True,False,50.819,13.497,1.788,1,False,1,1726.71,42.951,37.322,33.744,2,0,1.11,5,254.094,0
sim-00003,careful,6,concept-3-item-6,concept-3,medium,6,0.327609,0.210192,True,False,49.102,19.625,2.046,1,False,2,1126.471,63.07,29.477,33.744,3,2,2.339,6,294.611,0
sim-00003,careful,7,concept-4-item-7,concept-4,medium,7,0.355324,0.261932,False,False,57.893,22.584,1.932,1,False,3,973.292,48.848,35.308,33.744,5,3,1.931,7,405.249,0
sim-00003,careful,8,concept-4-item-8,concept-4,hard,8,0.326927,0.316905,False,False,65.637,25.124,2.556,1,False,2,2090.342,59.178,40.513,33.744,3,1,3.015,8,525.093,1
sim-00003,careful,9,concept-5-item-9,concept-5,hard,9,0.300953,0.375112,True,False,66.025,16.136,2.19,1,False,2,1903.625,14.686,49.889,33.744,3,4,2.68,9,594.228,0
sim-00003,careful,10,concept-5-item-10,concept-5,hard,10,0.330943,0.436553,False,False,80.214,30.328,3.686,1,False,2,1294.142,38.619,49.886,33.744,4,1,3.761,10,802.142,1
sim-00003,careful,11,concept-1-item-11,concept-1,easy,1,0.304626,0.501227,False,False,33.241,8.059,3.825,1,False,3,349.885,14.306,25.182,33.744,2,3,3.951,11,365.648,1
sim-00003,careful,12,concept-1-item-12,concept-1,easy,2,0.280554,0.536798,True,False,39.831,15.084,3.345,1,False,3,422.571,10.045,24.748,33.744,2,1,4.765,12,477.977,0
sim-00003,careful,13,concept-2-item-13,concept-2,easy,3,0.312284,0.575603,False,False,49.699,17.129,3.438,1,False,3,869.916,12.374,32.57,33.744,3,3,3.434,13,646.085,1
sim-00003,careful,14,concept-2-item-14,concept-2,medium,4,0.287559,0.617642,False,False,59.054,16.724,4.499,1,False,3,538.031,19.843,42.329,33.744,5,3,5.205,14,826.752,0
sim-00003,careful,15,concept-3-item-15,concept-3,medium,5,0.264943,0.662914,False,False,61.303,16.046,4.407,1,True,3,241.992,12.829,45.258,33.744,3,3,4.812,15,919.552,1
sim-00003,careful,16,concept-3-item-16,concept-3,medium,6,0.244257,0.71142,False,False,65.156,25.235,4.965,1,True,3,639.759,7.133,39.921,33.744,6,2,5.83,16,1042.49,1
sim-00004,fatigable,1,concept-1-item-1,concept-1,easy,1,0.360447,0.0,True,False,22.3,6.786,0.713,1,False,1,392.193,42.184,15.514,40.757,2,4,0.547,1,22.3,0
sim-00004,fatigable,2,concept-1-item-2,concept-1,easy,2,0.35459,0.075212,True,False,26.304,7.218,1.147,1,False,2,467.838,39.067,19.086,40.757,2,2,1.187,2,52.607,0
sim-00004,fatigable,3,concept-2-item-3,concept-2,easy,3,0.349693,0.157262,False,False,38.659,15.234,1.705,2,False,1,912.144,11.376,23.425,40.757,1,1,1.778,3,115.977,0
sim-00004,fatigable,4,concept-2-item-4,concept-2,medium,4,0.293641,0.246149,False,False,46.891,16.515,2.535,1,False,2,640.579,30.888,30.376,40.757,2,2,2.374,4,187.563,1
sim-00004,fatigable,5,concept-3-item-5,concept-3,medium,5,0.246785,0.341873,False,False,50.994,15.984,0.856,1,False,2,710.003,14.965,35.009,40.757,1,1,2.914,5,254.968,0
sim-00004,fatigable,6,concept-3-item-6,concept-3,medium,6,0.207616,0.444436,False,False,65.694,23.76,2.948,2,True,3,0,0,41.934,40.757,3,3,4.315,6,394.166,1
sim-00004,fatigable,7,concept-4-item-7,concept-4,medium,7,0.174874,0.553835,False,True,68.435,25.613,3.425,2,True,3,0,0,42.823,40.757,4,4,4.295,7,479.047,1
sim-00004,fatigable,8,concept-4-item-8,concept-4,hard,8,0.147503,0.670072,False,False,79.162,25.772,5.38,1,True,3,0,0,53.391,40.757,3,2,4.619,8,633.3,1
sim-00004,fatigable,9,concept-5-item-9,concept-5,hard,9,0.124623,0.793146,False,False,77.96,29.455,5.418,1,True,4,0,0,48.505,40.757,4,4,6.282,9,701.641,1
sim-00004,fatigable,10,concept-5-item-10,concept-5,hard,10,0.105496,0.923058,False,False,94.998,31.048,6.058,1,True,4,0,0,63.951,40.757,4,2,6.263,10,949.981,1
sim-00004,fatigable,11,concept-1-item-11,concept-1,easy,1,0.089508,1.0,False,False,52.487,14.376,6.188,1,True,5,0,0,38.111,40.757,4,6,7.806,11,577.355,1
sim-00004,fatigable,12,concept-1-item-12,concept-1,easy,2,0.076143,1.0,False,False,53.879,18.313,6.751,2,True,4,0,0,35.566,40.757,4,4,7.48,12,646.552,1
sim-00004,fatigable,13,concept-2-item-13,concept-2,easy,3,0.06497,1.0,False,True,59.406,14.715,6.866,1,True,5,0,0,44.692,40.757,5,4,7.25,13,772.284,1
sim-00004,fatigable,14,concept-2-item-14,concept-2,medium,4,0.055631,1.0,True,False,66.882,20.491,6.753,1,True,4,0,0,46.39,40.757,3,3,7.71,14,936.341,1
sim-00004,fatigable,15,concept-3-item-15,concept-3,medium,5,0.099782,1.0,False,False,69.953,27.328,7.358,1,True,4,0,0,42.625,40.757,3,3,6.82,15,1049.295,1
sim-00004,fatigable,16,concept-3-item-16,concept-3,medium,6,0.084731,1.0,False,False,74.783,29.742,6.743,1,True,4,0,0,45.041,40.757,4,4,8.19,16,1196.526,1
sim-00005,steady,1,concept-1-item-1,concept-1,easy,1,0.246777,0.0,True,False,22.013,7.973,0.45,1,False,1,875.365,18.401,14.04,51.437,0,0,0,1,22.013,1
sim-00005,steady,2,concept-1-item-2,concept-1,easy,2,0.303777,0.024976,True,False,26.636,9.601,0.886,1,False,2,856.137,64.255,17.035,51.437,1,1,1.252,2,53.273,0
sim-00005,steady,3,concept-2-item-3,concept-2,easy,3,0.357019,0.052223,True,False,35.272,13.438,0.152,1,False,2,1052.467,46.59,21.834,51.437,1,1,0.61,3,105.817,1
sim-00005,steady,4,concept-2-item-4,concept-2,medium,4,0.406752,0.081741,False,False,40.089,13.347,1.67,1,False,1,1188.009,77.796,26.742,51.437,0,0,0.593,4,160.356,0
sim-00005,steady,5,concept-3-item-5,concept-3,medium,5,0.386254,0.113529,True,False,45.12,17.652,0.601,1,False,1,902.999,85.049,27.468,51.437,1,2,0.92,5,225.598,0
sim-00005,steady,6,concept-3-item-6,concept-3,medium,6,0.434059,0.147587,True,False,46.539,17.696,1.429,1,False,1,1167.245,26.479,28.843,51.437,3,4,1.02,6,279.234,0
sim-00005,steady,7,concept-4-item-7,concept-4,medium,7,0.478713,0.183916,False,False,52.337,20.053,1.468,1,False,1,975.562,34.647,32.284,51.437,1,0,1.517,7,366.358,0
sim-00005,steady,8,concept-4-item-8,concept-4,hard,8,0.453471,0.222516,False,False,63.112,19.675,1.6,2,False,2,2107.435,57.801,43.437,51.437,1,1,1.516,8,504.899,0
sim-00005,steady,9,concept-5-item-9,concept-5,hard,9,0.429893,0.263386,False,False,71.748,17.536,2.028,1,False,1,1083.776,22.065,54.212,51.437,1,1,1.877,9,645.73,0
sim-00005,steady,10,concept-5-item-10,concept-5,hard,10,0.40787,0.306527,False,False,76.91,25.734,2.655,2,False,2,976.364,35.501,51.177,51.437,2,3,2.228,10,769.103,1
sim-00005,steady,11,concept-1-item-11,concept-1,easy,1,0.387298,0.351939,True,False,27.127,9.7,3.091,1,False,2,456.136,41.805,17.427,51.437,3,3,2.073,11,298.397,0
sim-00005,steady,12,concept-1-item-12,concept-1,easy,2,0.435035,0.376915,True,False,40.325,11.633,2.1,1,False,2,462.371,13.495,28.692,51.437,5,2,3.876,12,483.901,1
sim-00005,steady,13,concept-2-item-13,concept-2,easy,3,0.479624,0.404162,False,False,38.978,11.101,2.265,1,False,3,355.367,22.748,27.878,51.437,3,2,4.364,13,506.72,1
sim-00005,steady,14,concept-2-item-14,concept-2,medium,4,0.454322,0.433679,False,False,41.834,12.544,3.226,2,False,2,397.192,14.382,29.29,51.437,2,1,3.795,14,585.67,0
sim-00005,steady,15,concept-3-item-15,concept-3,medium,5,0.430688,0.465467,False,False,55.752,19.513,3.761,2,False,2,1262.74,24.817,36.239,51.437,3,3,3.643,15,836.275,0
sim-00005,steady,16,concept-3-item-16,concept-3,medium,6,0.408612,0.499526,True,False,62.867,19.728,3.059,1,False,3,463.107,27.645,43.139,51.437,3,3,4.497,16,1005.877,1
sim-00006,rapid,1,concept-1-item-1,concept-1,easy,1,0.588819,0.0,True,False,18.311,6.199,0.214,1,False,0,539.587,42.433,12.112,52.546,1,0,0,1,18.311,0
sim-00006,rapid,2,concept-1-item-2,concept-1,easy,2,0.639803,0.012483,True,False,24.191,6.886,0.592,1,False,1,1107.142,24.589,17.305,52.546,1,0,0,2,48.382,0
sim-00006,rapid,3,concept-2-item-3,concept-2,easy,3,0.686299,0.0261,True,False,28.436,9.254,0.856,1,False,1,1036.045,92.877,19.182,52.546,4,0,0.243,3,85.307,1
sim-00006,rapid,4,concept-2-item-4,concept-2,medium,4,0.728701,0.040853,True,False,34.799,8.809,1.196,1,False,1,855.345,23.539,25.99,52.546,4,0,0.783,4,139.195,1
sim-00006,rapid,5,concept-3-item-5,concept-3,medium,5,0.767372,0.05674,True,False,34.447,13.651,0.774,1,False,1,1391.732,69.25,20.796,52.546,0,1,0.57,5,172.234,0
sim-00006,rapid,6,concept-3-item-6,concept-3,medium,6,0.802638,0.073762,False,False,44.136,12.517,1.219,1,False,1,1838.625,81.384,31.619,52.546,0,2,0.267,6,264.816,0
sim-00006,rapid,7,concept-4-item-7,concept-4,medium,7,0.745687,0.091918,False,False,47.883,18.544,0.764,2,False,1,1793.93,74.964,29.34,52.546,1,1,1.908,7,335.183,0
sim-00006,rapid,8,concept-4-item-8,concept-4,hard,8,0.693749,0.11121,True,False,62.488,20.555,0.812,1,False,1,2107.271,59.561,41.933,52.546,2,1,1.155,8,499.905,0
sim-00006,rapid,9,concept-5-item-9,concept-5,hard,9,0.735496,0.131636,False,False,60.436,21.419,0.741,2,False,1,1493.691,51.072,39.017,52.546,0,1,1.581,9,543.925,0
sim-00006,rapid,10,concept-5-item-10,concept-5,hard,10,0.684456,0.153197,True,False,74.496,17.897,2.299,1,False,1,2545.312,69.218,56.599,52.546,2,1,1.17,10,744.962,1
sim-00006,rapid,11,concept-1-item-11,concept-1,easy,1,0.727021,0.175893,True,False,12.866,3.594,2.125,1,False,1,562.439,42.548,9.272,52.546,2,0,2.018,11,141.521,0
sim-00006,rapid,12,concept-1-item-12,concept-1,easy,2,0.765839,0.188376,True,False,24.076,7.404,1.725,1,False,1,778.062,33.424,16.672,52.546,2,1,1.517,12,288.911,0
sim-00006,rapid,13,concept-2-item-13,concept-2,easy,3,0.80124,0.201993,True,False,29.128,8.636,2.292,1,False,2,651.18,43.162,20.492,52.546,2,1,1.441,13,378.668,1
sim-00006,rapid,14,concept-2-item-14,concept-2,medium,4,0.833524,0.216746,True,False,41.134,14.875,1.515,1,False,1,1195.883,19.69,26.259,52.546,3,0,1.495,14,575.882,0
sim-00006,rapid,15,concept-3-item-15,concept-3,medium,5,0.862967,0.232633,True,False,38.316,14.697,2.226,1,False,2,938.712,16.612,23.618,52.546,2,3,2.933,15,574.733,0
sim-00006,rapid,16,concept-3-item-16,concept-3,medium,6,0.889818,0.249655,True,False,51.715,14.687,2.556,1,False,1,2108.725,59.435,37.028,52.546,0,0,2.189,16,827.444,1
sim-00007,careful,1,concept-1-item-1,concept-1,easy,1,0.185941,0.0,True,False,19.367,5.741,0.285,1,False,2,534.791,91.861,13.626,54.091,4,2,0.31,1,19.367,0
sim-00007,careful,2,concept-1-item-2,concept-1,easy,2,0.23924,0.022722,True,False,32.128,11.001,0.117,1,False,1,918.093,79.002,21.127,54.091,1,0,0,2,64.256,1
sim-00007,careful,3,concept-2-item-3,concept-2,easy,3,0.286874,0.04751,True,False,29.8,8.159,0.442,1,False,1,700.556,82.457,21.64,54.091,1,2,0.899,3,89.399,0
sim-00007,careful,4,concept-2-item-4,concept-2,medium,4,0.329448,0.074364,False,False,38.577,13.458,0.792,1,False,2,959.838,60.572,25.119,54.091,3,1,0.824,4,154.308,1
sim-00007,careful,5,concept-3-item-5,concept-3,medium,5,0.300706,0.103283,False,False,42.634,12.387,1.195,1,False,1,2226.966,93.723,30.247,54.091,1,1,0.663,5,213.17,0
sim-00007,careful,6,concept-3-item-6,concept-3,medium,6,0.275018,0.134268,True,False,49.116,14.394,1.473,1,False,2,1472.768,69.803,34.722,54.091,3,2,1.318,6,294.697,1
sim-00007,careful,7,concept-4-item-7,concept-4,medium,7,0.318851,0.167319,False,False,51.179,13.894,2.26,1,False,2,1842.51,82.986,37.284,54.091,3,0,1.342,7,358.251,0
sim-00007,careful,8,concept-4-item-8,concept-4,hard,8,0.291235,0.202435,True,False,66.533,19.682,2.324,1,False,2,1915.197,60.097,46.851,54.091,2,1,3.211,8,532.266,0
sim-00007,careful,9,concept-5-item-9,concept-5,hard,9,0.333345,0.239617,False,False,72.714,25.566,2.132,1,False,3,2173.731,56.347,47.148,54.091,5,2,3.179,9,654.426,0
sim-00007,careful,10,concept-5-item-10,concept-5,hard,10,0.304189,0.278865,False,False,79.897,25.075,2.635,1,False,2,808.829,24.795,54.822,54.091,4,2,3.075,10,798.966,1
sim-00007,careful,11,concept-1-item-11,concept-1,easy,1,0.278131,0.320179,True,False,30.088,9.967,1.982,1,False,3,641.089,21.362,20.121,54.091,4,2,3.184,11,330.964,0
sim-00007,careful,12,concept-1-item-12,concept-1,easy,2,0.321633,0.342901,False,False,24.989,6.481,2.348,1,False,3,751.752,37.536,18.508,54.091,3,3,3.083,12,299.867,1
sim-00007,careful,13,concept-2-item-13,concept-2,easy,3,0.293722,0.367689,False,False,45.726,12.647,3.458,1,False,2,619.497,23.486,33.079,54.091,3,4,4.215,13,594.44,1
sim-00007,careful,14,concept-2-item-14,concept-2,medium,4,0.268776,0.394543,False,True,41.561,14.208,2.166,2,False,3,537.778,48.813,27.353,54.091,3,3,3.401,14,581.856,0
sim-00007,careful,15,concept-3-item-15,concept-3,medium,5,0.246481,0.423462,False,False,50.311,17.852,3.511,1,False,3,666.987,51.775,32.459,54.091,5,2,2.714,15,754.67,1
sim-00007,careful,16,concept-3-item-16,concept-3,medium,6,0.226554,0.454447,False,False,60.842,15.815,3.422,1,False,3,1162.498,15.963,45.026,54.091,5,2,3.323,16,973.466,1
sim-00008,fatigable,1,concept-1-item-1,concept-1,easy,1,0.246532,0.0,True,False,30.241,11.544,1.003,1,False,1,996.404,85.862,18.696,40.351,0,1,1.099,1,30.241,1
sim-00008,fatigable,2,concept-1-item-2,concept-1,easy,2,0.282712,0.071112,True,False,30.05,9.879,0.869,1,False,1,522.176,45.171,20.171,40.351,1,1,1.193,2,60.1,1
sim-00008,fatigable,3,concept-2-item-3,concept-2,easy,3,0.314123,0.148688,True,False,31.441,9.408,0.378,1,False,2,378.878,39.757,22.032,40.351,2,1,1.619,3,94.322,1
sim-00008,fatigable,4,concept-2-item-4,concept-2,medium,4,0.341393,0.232729,False,False,44.05,16.388,1.78,2,False,2,561.04,17.166,27.662,40.351,3,0,2.101,4,176.2,0
sim-00008,fatigable,5,concept-3-item-5,concept-3,medium,5,0.301565,0.323234,False,False,44.646,13.352,1.677,2,False,2,894.055,30.084,31.293,40.351,2,1,2.862,5,223.228,0
sim-00008,fatigable,6,concept-3-item-6,concept-3,medium,6,0.266986,0.420205,False,False,62.486,20.42,2.943,1,False,2,767.212,7.281,42.066,40.351,2,3,3.35,6,374.917,1
sim-00008,fatigable,7,concept-4-item-7,concept-4,medium,7,0.236965,0.52364,False,False,67.907,16.972,3.304,2,True,3,117.793,1.426,50.935,40.351,3,1,5.173,7,475.35,1
sim-00008,fatigable,8,concept-4-item-8,concept-4,hard,8,0.210901,0.633539,False,False,78.957,22.254,4.175,1,True,3,0,0,56.704,40.351,3,4,4.741,8,631.658,1
sim-00008,fatigable,9,concept-5-item-9,concept-5,hard,9,0.188272,0.749904,False,False,79.675,20.238,5.886,1,True,3,0,0,59.437,40.351,3,3,6.163,9,717.076,1
sim-00008,fatigable,10,concept-5-item-10,concept-5,hard,10,0.168625,0.872733,False,False,96.202,33.367,5.513,1,True,3,0,0,62.835,40.351,3,4,6.526,10,962.022,1
sim-00008,fatigable,11,concept-1-item-11,concept-1,easy,1,0.151568,1.0,True,False,44.327,14.577,7.263,1,True,4,0,0,29.75,40.351,5,5,6.241,11,487.6,1
sim-00008,fatigable,12,concept-1-item-12,concept-1,easy,2,0.200264,1.0,False,False,56.872,17.253,5.852,1,True,4,0,0,39.619,40.351,4,4,7.602,12,682.469,1
sim-00008,fatigable,13,concept-2-item-13,concept-2,easy,3,0.179037,1.0,False,False,66.318,22.783,6.656,1,True,4,0,0,43.535,40.351,4,4,7.674,13,862.13,1
sim-00008,fatigable,14,concept-2-item-14,concept-2,medium,4,0.160608,1.0,False,False,64.898,19.597,7.254,2,True,4,0,0,45.301,40.351,2,5,7.604,14,908.572,1
sim-00008,fatigable,15,concept-3-item-15,concept-3,medium,5,0.144607,1.0,True,False,66.816,17.057,7.805,1,True,5,0,0,49.759,40.351,5,5,7.479,15,1002.236,1
sim-00008,fatigable,16,concept-3-item-16,concept-3,medium,6,0.194221,1.0,False,False,81.31,27.026,7.155,1,True,4,0,0,54.283,40.351,4,5,6.535,16,1300.953,1
sim-00009,steady,1,concept-1-item-1,concept-1,easy,1,0.39438,0.0,True,False,20.419,6.126,0,1,False,2,761.187,29.387,14.294,40.935,2,0,0.897,1,20.419,0
sim-00009,steady,2,concept-1-item-2,concept-1,easy,2,0.435507,0.022436,True,False,20.283,5.543,1.01,1,False,1,829.636,57.835,14.74,40.935,2,1,0.826,2,40.566,1
sim-00009,steady,3,concept-2-item-3,concept-2,easy,3,0.474205,0.046912,True,False,31.623,8.547,0.63,1,False,2,675.629,60.009,23.076,40.935,2,1,0.493,3,94.869,0
sim-00009,steady,4,concept-2-item-4,concept-2,medium,4,0.510617,0.073428,True,False,34.758,10.345,1.564,1,False,1,808.411,29.316,24.414,40.935,2,0,0.692,4,139.033,0
sim-00009,steady,5,concept-3-item-5,concept-3,medium,5,0.544879,0.101983,True,False,39.647,9.854,0.644,1,False,2,933.906,17.155,29.792,40.935,2,2,1.276,5,198.233,1
sim-00009,steady,6,concept-3-item-6,concept-3,medium,6,0.577117,0.132578,False,True,46.439,16.086,1.548,1,False,2,1058.904,65.021,30.353,40.935,3,1,1.304,6,278.633,0
sim-00009,steady,7,concept-4-item-7,concept-4,medium,7,0.547138,0.165213,False,False,51.741,16.263,1.601,2,False,2,958.04,28.036,35.477,40.935,3,1,1.266,7,362.185,1
sim-00009,steady,8,concept-4-item-8,concept-4,hard,8,0.518929,0.199888,False,True,63.402,19.7,0.897,2,False,2,1342.379,28.203,43.703,40.935,0,2,2.206,8,507.22,1
sim-00009,steady,9,concept-5-item-9,concept-5,hard,9,0.492386,0.236602,True,False,67.302,22.727,1.797,1,False,2,1021.988,37.355,44.575,40.935,2,2,2.624,9,605.714,0
sim-00009,steady,10,concept-5-item-10,concept-5,hard,10,0.527724,0.275355,False,False,72.343,20.114,2.265,1,False,2,879.066,26.776,52.229,40.935,4,1,1.3,10,723.427,1
sim-00009,steady,11,concept-1-item-11,concept-1,easy,1,0.500662,0.316149,True,False,27.949,9.758,1.736,1,False,3,603.261,22.582,18.191,40.935,4,3,2.525,11,307.443,1
sim-00009,steady,12,concept-1-item-12,concept-1,easy,2,0.535512,0.338585,True,False,33.628,9.047,3.119,1,False,2,512.039,28.04,24.581,40.935,2,1,3.036,12,403.533,1
sim-00009,steady,13,concept-2-item-13,concept-2,easy,3,0.568303,0.363061,True,False,36.238,13.052,3.19,1,False,2,598.057,35.157,23.186,40.935,2,0,2.495,13,471.1,0
sim-00009,steady,14,concept-2-item-14,concept-2,medium,4,0.599158,0.389577,True,False,41.13,15.215,3.076,1,False,2,469.745,13.846,25.915,40.935,2,2,3.483,14,575.823,1
sim-00009,steady,15,concept-3-item-15,concept-3,medium,5,0.628191,0.418132,True,False,49.328,11.946,3.386,1,False,3,414.883,9.016,37.382,40.935,2,1,3.323,15,739.922,1
sim-00009,steady,16,concept-3-item-16,concept-3,medium,6,0.655509,0.448727,False,False,54.908,14.49,3.338,2,False,3,961.366,13.744,40.418,40.935,4,4,3.215,16,878.53,1
sim-00010,rapid,1,concept-1-item-1,concept-1,easy,1,0.339398,0.0,True,False,22.674,6.251,0.597,1,False,0,946.508,37.827,16.423,46.807,1,0,0,1,22.674,0
sim-00010,rapid,2,concept-1-item-2,concept-1,easy,2,0.415282,0.016256,True,False,27.005,10.06,0.54,1,False,1,1467.053,57.451,16.945,46.807,1,2,0.915,2,54.01,0
sim-00010,rapid,3,concept-2-item-3,concept-2,easy,3,0.47866,0.03399,False,False,26.54,9.439,1.81,1,False,1,828.758,31.83,17.101,46.807,3,1,0.424,3,79.621,0
sim-00010,rapid,4,concept-2-item-4,concept-2,medium,4,0.420732,0.053201,True,False,31.357,10.144,1.044,1,False,1,1211.746,46.298,21.213,46.807,1,0,1.845,4,125.428,0
sim-00010,rapid,5,concept-3-item-5,concept-3,medium,5,0.483212,0.073891,False,False,42.769,11.825,0.753,1,False,2,1931.748,54.852,30.944,46.807,3,2,0.334,5,213.843,0
sim-00010,rapid,6,concept-3-item-6,concept-3,medium,6,0.424533,0.096058,False,False,40.189,11.573,2.257,1,False,1,1090.446,37.743,28.616,46.807,1,0,1.366,6,241.135,0
sim-00010,rapid,7,concept-4-item-7,concept-4,medium,7,0.375525,0.119703,False,False,61.782,19.772,1.164,1,False,1,1620.69,59.972,42.01,46.807,0,0,0,7,432.471,0
sim-00010,rapid,8,concept-4-item-8,concept-4,hard,8,0.334594,0.144826,True,False,57.446,19.88,1.944,1,False,2,2914.071,18.796,37.566,46.807,1,1,1.056,8,459.571,0
sim-00010,rapid,9,concept-5-item-9,concept-5,hard,9,0.411269,0.171426,False,False,63.138,22.951,1.735,1,False,2,3048.372,19.893,40.188,46.807,3,0,1.353,9,568.245,0
sim-00010,rapid,10,concept-5-item-10,concept-5,hard,10,0.364447,0.199505,False,False,64.893,16.395,2.473,1,False,2,1810.76,15.898,48.499,46.807,1,1,2.19,10,648.932,0
sim-00010,rapid,11,concept-1-item-11,concept-1,easy,1,0.325341,0.229061,True,False,22.819,7.676,1.392,1,False,2,381.888,20.347,15.143,46.807,2,1,1.967,11,251.004,0
sim-00010,rapid,12,concept-1-item-12,concept-1,easy,2,0.403541,0.245317,True,False,25.997,6.269,1.589,1,False,2,483.647,63.469,19.727,46.807,2,3,1.465,12,311.961,0
sim-00010,rapid,13,concept-2-item-13,concept-2,easy,3,0.468854,0.263051,False,False,36.699,11.462,1.51,2,False,2,1125.798,49.349,25.237,46.807,3,0,1.559,13,477.092,1
sim-00010,rapid,14,concept-2-item-14,concept-2,medium,4,0.412542,0.282262,False,False,41.306,10.025,1.482,1,False,2,1498.077,42.82,31.281,46.807,3,1,1.524,14,578.281,1
sim-00010,rapid,15,concept-3-item-15,concept-3,medium,5,0.36551,0.302952,False,False,48.863,12.099,2.406,1,False,2,1214.237,63.888,36.765,46.807,3,0,3.216,15,732.951,0
sim-00010,rapid,16,concept-3-item-16,concept-3,medium,6,0.326228,0.325119,False,False,53.716,17.351,2.702,1,False,2,1710.423,44.162,36.365,46.807,3,1,3.41,16,859.449,0
sim-00011,careful,1,concept-1-item-1,concept-1,easy,1,0.452166,0.0,True,False,23.54,7.432,1.146,1,False,1,727.91,15.711,16.108,25.465,1,2,0.872,1,23.54,0
sim-00011,careful,2,concept-1-item-2,concept-1,easy,2,0.472519,0.045734,False,False,34.588,8.693,1.006,2,False,1,1310.791,22.639,25.896,25.465,2,3,1.156,2,69.177,1
sim-00011,careful,3,concept-2-item-3,concept-2,easy,3,0.446733,0.095625,True,False,29.363,8.341,0.171,1,False,2,1155.629,43.023,21.022,25.465,2,2,1.002,3,88.09,0
sim-00011,careful,4,concept-2-item-4,concept-2,medium,4,0.467371,0.149674,False,True,36.171,13.025,2.165,1,False,2,505.174,11.052,23.146,25.465,2,2,1.132,4,144.683,1
sim-00011,careful,5,concept-3-item-5,concept-3,medium,5,0.441856,0.20788,True,False,53.779,13.412,2.463,1,False,2,714.463,43.8,40.367,25.465,3,3,1.103,5,268.895,1
sim-00011,careful,6,concept-3-item-6,concept-3,medium,6,0.46275,0.270244,False,False,51.889,13.225,3.026,1,False,2,748.058,23.101,38.664,25.465,3,3,2.68,6,311.335,1
sim-00011,careful,7,concept-4-item-7,concept-4,medium,7,0.437477,0.336766,False,False,62.964,17.166,2.351,2,False,2,907.712,35.338,45.798,25.465,4,2,3.199,7,440.748,1
sim-00011,careful,8,concept-4-item-8,concept-4,hard,8,0.413532,0.407445,True,False,67.988,24.787,3.788,1,False,2,771.21,10.107,43.202,25.465,2,1,3.822,8,543.908,1
sim-00011,careful,9,concept-5-item-9,concept-5,hard,9,0.435913,0.482282,False,False,68.418,18.958,3.705,1,False,2,611.564,12.852,49.459,25.465,2,2,3.732,9,615.758,1
sim-00011,careful,10,concept-5-item-10,concept-5,hard,10,0.412049,0.561277,False,True,76.533,19.786,3.541,1,True,3,0,0,56.747,25.465,3,2,5.656,10,765.33,1
sim-00011,careful,11,concept-1-item-11,concept-1,easy,1,0.389439,0.644429,True,False,36.576,12.137,4.616,1,True,4,0,0,24.439,25.465,5,2,5.194,11,402.332,1
sim-00011,careful,12,concept-1-item-12,concept-1,easy,2,0.413085,0.690162,False,False,37.323,11.786,5.261,1,True,4,0,0,25.538,25.465,3,3,5.624,12,447.882,1
sim-00011,careful,13,concept-2-item-13,concept-2,easy,3,0.39042,0.740054,True,False,42.353,14.405,4.269,1,True,3,0,0,27.948,25.465,2,3,5.865,13,550.591,1
sim-00011,careful,14,concept-2-item-14,concept-2,medium,4,0.414014,0.794103,False,False,57.57,22.135,5.568,1,True,4,0,0,35.434,25.465,6,3,6.085,14,805.977,1
sim-00011,careful,15,concept-3-item-15,concept-3,medium,5,0.3913,0.852309,False,True,70.345,23.894,6.439,1,True,4,0,0,46.451,25.465,3,3,6.896,15,1055.17,1
sim-00011,careful,16,concept-3-item-16,concept-3,medium,6,0.369779,0.914673,False,False,78.448,24.843,5.667,1,True,4,0,0,53.605,25.465,4,5,6.988,16,1255.161,1
sim-00012,fatigable,1,concept-1-item-1,concept-1,easy,1,0.287664,0.0,True,False,22.712,7.076,0.629,1,False,1,395.086,41.346,15.637,31.95,1,1,0.872,1,22.712,1
sim-00012,fatigable,2,concept-1-item-2,concept-1,easy,2,0.293521,0.077325,True,False,25.614,9.988,1.117,1,False,1,597.003,55.255,15.626,31.95,2,1,0.473,2,51.228,1
sim-00012,fatigable,3,concept-2-item-3,concept-2,easy,3,0.298165,0.16168,False,False,32.052,12.63,1.108,2,False,2,556.56,9.136,19.422,31.95,3,2,1.462,3,96.156,1
sim-00012,fatigable,4,concept-2-item-4,concept-2,medium,4,0.240776,0.253065,False,False,48.666,13.664,1.482,1,False,1,616.026,28.523,35.002,31.95,2,0,3.15,4,194.664,0
sim-00012,fatigable,5,concept-3-item-5,concept-3,medium,5,0.195271,0.351478,False,True,50.346,15.644,2.509,2,False,2,407.383,18.612,34.702,31.95,3,2,2.454,5,251.728,0
sim-00012,fatigable,6,concept-3-item-6,concept-3,medium,6,0.15919,0.456922,False,False,64.081,19.27,3.514,1,True,2,238.522,2.122,44.811,31.95,4,1,3.6,6,384.487,1
sim-00012,fatigable,7,concept-4-item-7,concept-4,medium,7,0.130581,0.569395,False,False,64.229,16.803,3.382,1,True,3,0,0,47.426,31.95,3,2,4.275,7,449.605,1
sim-00012,fatigable,8,concept-4-item-8,concept-4,hard,8,0.107896,0.688898,False,False,78.084,25.063,5.424,2,True,3,0,0,53.021,31.95,1,1,5.613,8,624.675,1
sim-00012,fatigable,9,concept-5-item-9,concept-5,hard,9,0.089909,0.81543,False,False,88.003,29.053,5.279,1,True,3,0,0,58.949,31.95,5,1,5.743,9,792.025,1
sim-00012,fatigable,10,concept-5-item-10,concept-5,hard,10,0.075647,0.948992,False,False,96.178,31.696,6.018,1,True,4,0,0,64.482,31.95,7,3,8.18,10,961.785,1
sim-00012,fatigable,11,concept-1-item-11,concept-1,easy,1,0.064339,1.0,False,False,48.6,15.107,6.351,2,True,4,0,0,33.493,31.95,5,3,8.14,11,534.595,1
sim-00012,fatigable,12,concept-1-item-12,concept-1,easy,2,0.055372,1.0,False,False,56.969,14.569,6.41,1,True,4,0,0,42.4,31.95,4,2,7.817,12,683.633,1
sim-00012,fatigable,13,concept-2-item-13,concept-2,easy,3,0.048263,1.0,False,True,58.906,18.127,6.382,2,True,4,0,0,40.779,31.95,3,1,7.617,13,765.781,1
sim-00012,fatigable,14,concept-2-item-14,concept-2,medium,4,0.042625,1.0,False,False,67.713,16.825,5.903,1,True,4,0,0,50.889,31.95,5,3,7.467,14,947.988,1
sim-00012,fatigable,15,concept-3-item-15,concept-3,medium,5,0.038155,1.0,False,False,72.396,23.379,6.664,1,True,4,0,0,49.016,31.95,4,4,6.924,15,1085.933,1
sim-00012,fatigable,16,concept-3-item-16,concept-3,medium,6,0.034611,1.0,False,True,70.855,27.264,6.196,1,True,4,0,0,43.592,31.95,6,3,7.072,16,1133.682,1
sim-00013,steady,1,concept-1-item-1,concept-1,easy,1,0.254304,0.0,True,False,17.869,4.508,0,1,False,1,553.646,35.661,13.361,42.085,1,0,0.415,1,17.869,1
sim-00013,steady,2,concept-1-item-2,concept-1,easy,2,0.298662,0.039277,True,False,27.054,9.441,0.815,1,False,1,917.743,62.096,17.613,42.085,3,1,1.219,2,54.108,1
sim-00013,steady,3,concept-2-item-3,concept-2,easy,3,0.336813,0.082126,True,False,35.275,13.909,0.475,1,False,1,908.797,35.185,21.366,42.085,3,1,0.892,3,105.825,1
sim-00013,steady,4,concept-2-item-4,concept-2,medium,4,0.369627,0.128544,False,False,39.963,13.379,1.794,2,False,2,1341.441,61.997,26.584,42.085,2,1,1.213,4,159.853,0
sim-00013,steady,5,concept-3-item-5,concept-3,medium,5,0.325894,0.178534,False,False,45.398,13.816,1.696,1,False,1,1630.417,46.085,31.581,42.085,2,0,1.493,5,226.989,0
sim-00013,steady,6,concept-3-item-6,concept-3,medium,6,0.28828,0.232094,False,False,59.665,20.256,2.155,1,False,2,1214.75,48.901,39.408,42.085,2,2,2.034,6,357.987,1
sim-00013,steady,7,concept-4-item-7,concept-4,medium,7,0.255929,0.289225,True,False,60.729,17.55,2.815,1,False,2,2035.49,15.521,43.179,42.085,2,1,2.678,7,425.105,0
sim-00013,steady,8,concept-4-item-8,concept-4,hard,8,0.30006,0.349927,False,True,65.504,18.379,2.669,1,False,2,634.43,27.855,47.125,42.085,2,2,2.975,8,524.035,0
sim-00013,steady,9,concept-5-item-9,concept-5,hard,9,0.266061,0.414199,False,False,71.793,26.373,3.227,1,False,2,730.737,33.652,45.42,42.085,2,2,4.323,9,646.138,1
sim-00013,steady,10,concept-5-item-10,concept-5,hard,10,0.236819,0.482042,False,False,87.065,29.246,3.602,1,False,2,771.657,21.098,57.819,42.085,2,3,3.415,10,870.654,1
sim-00013,steady,11,concept-1-item-11,concept-1,easy,1,0.211668,0.553455,False,False,31.926,10.686,3.539,1,True,3,159.47,10.713,21.239,42.085,4,3,4.846,11,351.184,0
sim-00013,steady,12,concept-1-item-12,concept-1,easy,2,0.190037,0.592733,True,False,43.499,13.952,3.59,1,True,3,119.199,4.477,29.547,42.085,3,0,4.943,12,521.991,0
sim-00013,steady,13,concept-2-item-13,concept-2,easy,3,0.243387,0.635581,True,False,43.77,16.145,3.967,1,False,3,358.94,4.306,27.625,42.085,4,4,5.205,13,569.009,1
sim-00013,steady,14,concept-2-item-14,concept-2,medium,4,0.289273,0.682,False,False,55.369,20.003,4.011,2,True,3,168.118,1.293,35.365,42.085,3,2,5.823,14,775.16,1
sim-00013,steady,15,concept-3-item-15,concept-3,medium,5,0.256783,0.731989,False,False,53.633,20.096,5.441,2,True,4,14.96,0.417,33.537,42.085,4,3,5.708,15,804.499,1
sim-00013,steady,16,concept-3-item-16,concept-3,medium,6,0.228839,0.78555,False,False,71.41,18.039,4.931,1,True,3,0,0,53.371,42.085,2,2,6.05,16,1142.565,1
sim-00014,rapid,1,concept-1-item-1,concept-1,easy,1,0.593572,0.0,True,False,27.544,7.202,0.536,1,False,1,1521.649,108.286,20.342,63.019,2,1,1.222,1,27.544,0
sim-00014,rapid,2,concept-1-item-2,concept-1,easy,2,0.634527,0.020103,True,False,18.035,5.459,0.725,1,False,1,886.637,23.86,12.576,63.019,1,1,1.253,2,36.071,0
sim-00014,rapid,3,concept-2-item-3,concept-2,easy,3,0.669707,0.042034,True,False,30.775,11.866,1.26,1,False,1,979.755,39.185,18.91,63.019,3,1,0.342,3,92.326,0
sim-00014,rapid,4,concept-2-item-4,concept-2,medium,4,0.699928,0.065792,True,False,32.08,11.568,1.861,1,False,2,896.556,30.093,20.512,63.019,3,0,0.979,4,128.319,0
sim-00014,rapid,5,concept-3-item-5,concept-3,medium,5,0.725887,0.091377,True,False,43.803,13.53,0.684,1,False,2,1584.906,24.264,30.273,63.019,0,1,0.69,5,219.014,0
sim-00014,rapid,6,concept-3-item-6,concept-3,medium,6,0.748187,0.11879,True,False,46.261,16.297,1.326,1,False,2,1592.711,50.586,29.964,63.019,5,2,1.336,6,277.566,0
sim-00014,rapid,7,concept-4-item-7,concept-4,medium,7,0.767342,0.148031,False,False,50.216,16.14,1.403,2,False,2,799.824,55.41,34.077,63.019,1,1,1.388,7,351.515,0
sim-00014,rapid,8,concept-4-item-8,concept-4,hard,8,0.678315,0.179099,True,False,58.008,15.705,1.924,1,False,1,1557.726,65.3,42.303,63.019,1,1,1.912,8,464.066,0
sim-00014,rapid,9,concept-5-item-9,concept-5,hard,9,0.707322,0.211995,True,False,59.061,14.828,1.142,1,False,2,1202.08,26.405,44.234,63.019,3,1,1.962,9,531.551,1
sim-00014,rapid,10,concept-5-item-10,concept-5,hard,10,0.732239,0.246719,True,False,67.777,25.48,2.479,1,False,2,2555.831,55.217,42.297,63.019,0,1,2.406,10,677.77,0
sim-00014,rapid,11,concept-1-item-11,concept-1,easy,1,0.753643,0.28327,True,False,26.935,9.484,1.707,1,False,2,794.589,30.155,17.451,63.019,2,2,3.511,11,296.288,1
sim-00014,rapid,12,concept-1-item-12,concept-1,easy,2,0.772029,0.303373,True,False,32.021,8.742,1.983,1,False,2,884.402,26.122,23.279,63.019,1,1,2.985,12,384.255,1
sim-00014,rapid,13,concept-2-item-13,concept-2,easy,3,0.787823,0.325303,True,False,38.011,11.361,2.77,1,False,2,942.678,44.156,26.65,63.019,2,1,3.365,13,494.141,0
sim-00014,rapid,14,concept-2-item-14,concept-2,medium,4,0.80139,0.349061,True,False,47.334,17.217,2.702,1,False,2,852.055,53.137,30.117,63.019,3,0,2.801,14,662.673,0
sim-00014,rapid,15,concept-3-item-15,concept-3,medium,5,0.813045,0.374647,True,False,43.563,11.613,2.653,1,False,2,1161.804,53.973,31.95,63.019,2,3,2.544,15,653.448,1
sim-00014,rapid,16,concept-3-item-16,concept-3,medium,6,0.823056,0.40206,False,False,59.383,16.807,3.111,1,False,2,1763.842,15.492,42.577,63.019,4,1,3.414,16,950.135,1
sim-00015,careful,1,concept-1-item-1,concept-1,easy,1,0.411405,0.0,True,False,16.359,6.209,1.321,1,False,2,478.448,24.001,10.15,39.44,3,2,0.366,1,16.359,0
sim-00015,careful,2,concept-1-item-2,concept-1,easy,2,0.456003,0.03461,True,False,25.613,6.93,0.849,1,False,2,686.913,44.941,18.682,39.44,2,0,0.428,2,51.225,0
sim-00015,careful,3,concept-2-item-3,concept-2,easy,3,0.498386,0.072367,False,False,28.742,8.617,0.374,1,False,2,1481.109,52.6,20.125,39.44,1,1,1.883,3,86.227,0
sim-00015,careful,4,concept-2-item-4,concept-2,medium,4,0.477884,0.11327,False,False,36.577,11.068,1.852,1,False,2,842.281,59.193,25.509,39.44,3,0,0.886,4,146.308,1
sim-00015,careful,5,concept-3-item-5,concept-3,medium,5,0.458402,0.157319,True,False,39.965,11.268,0.869,1,False,2,712.439,24.309,28.697,39.44,2,3,1.081,5,199.826,0
sim-00015,careful,6,concept-3-item-6,concept-3,medium,6,0.500665,0.204515,False,False,51.894,18.861,1.915,1,False,3,1923.111,46.124,33.034,39.44,2,4,1.42,6,311.365,1
sim-00015,careful,7,concept-4-item-7,concept-4,medium,7,0.480051,0.254857,False,False,55.286,14.873,1.572,1,False,2,815.333,22.086,40.414,39.44,2,2,2.859,7,387.005,0
sim-00015,careful,8,concept-4-item-8,concept-4,hard,8,0.46046,0.308346,False,False,61.36,19.127,1.941,1,False,2,1518.295,37.788,42.233,39.44,3,2,3.925,8,490.876,0
sim-00015,careful,9,concept-5-item-9,concept-5,hard,9,0.441843,0.36498,False,False,71.624,23.454,3.1,1,False,3,1197.92,9.864,48.169,39.44,5,1,3.443,9,644.612,1
sim-00015,careful,10,concept-5-item-10,concept-5,hard,10,0.424151,0.424762,False,False,78.582,26.517,2.368,1,False,4,1013.2,29.223,52.066,39.44,4,4,3.366,10,785.823,1
sim-00015,careful,11,concept-1-item-11,concept-1,easy,1,0.407338,0.487689,True,False,33.711,10.671,3.391,1,False,3,564.42,12.108,23.04,39.44,3,2,3.944,11,370.819,1
sim-00015,careful,12,concept-1-item-12,concept-1,easy,2,0.452138,0.5223,True,False,31.926,11.822,4.087,1,False,3,915.975,24.047,20.103,39.44,4,3,3.403,12,383.108,1
sim-00015,careful,13,concept-2-item-13,concept-2,easy,3,0.494713,0.560056,True,False,34.964,12.577,4.129,1,False,4,223.81,22.151,22.386,39.44,3,3,4.842,13,454.53,1
sim-00015,careful,14,concept-2-item-14,concept-2,medium,4,0.535172,0.600959,False,False,48.036,16.257,3.653,1,False,3,762.125,20.4,31.779,39.44,4,2,4.936,14,672.503,1
sim-00015,careful,15,concept-3-item-15,concept-3,medium,5,0.512843,0.645008,True,False,50.881,16.31,4.547,1,True,4,22.399,0.322,34.571,39.44,5,4,5.124,15,763.221,1
sim-00015,careful,16,concept-3-item-16,concept-3,medium,6,0.552401,0.692204,True,False,64.067,23.996,5.533,1,True,4,429.257,14.123,40.071,39.44,4,3,5.068,16,1025.072,1
sim-00016,fatigable,1,concept-1-item-1,concept-1,easy,1,0.411111,0.0,False,False,18.11,4.623,1.019,2,False,1,517.811,27.218,13.486,29.025,1,1,0.332,1,18.11,0
sim-00016,fatigable,2,concept-1-item-2,concept-1,easy,2,0.34717,0.060899,True,False,34.611,8.987,1.473,1,False,1,655.63,16.016,25.624,29.025,3,2,1.735,2,69.222,0
sim-00016,fatigable,3,concept-2-item-3,concept-2,easy,3,0.351772,0.127333,True,False,34.255,8.675,1.171,1,False,2,1052.94,25.549,25.58,29.025,3,2,1.359,3,102.764,1
sim-00016,fatigable,4,concept-2-item-4,concept-2,medium,4,0.35562,0.199304,True,False,35.051,13.734,1.279,1,False,1,856.929,31.801,21.317,29.025,1,2,2.6,4,140.205,1
sim-00016,fatigable,5,concept-3-item-5,concept-3,medium,5,0.358839,0.276812,False,False,51.78,16.76,1.069,1,False,2,1499.677,55.062,35.02,29.025,3,1,1.725,5,258.899,1
sim-00016,fatigable,6,concept-3-item-6,concept-3,medium,6,0.303455,0.359855,False,False,54.539,21.44,2.556,1,False,2,1080.897,35.799,33.099,29.025,1,3,3.494,6,327.236,1
sim-00016,fatigable,7,concept-4-item-7,concept-4,medium,7,0.257137,0.448435,False,False,60.064,21.435,2.962,1,True,3,416.0,9.973,38.63,29.025,3,3,3.262,7,420.45,1
sim-00016,fatigable,8,concept-4-item-8,concept-4,hard,8,0.218402,0.542551,True,False,68.195,25.371,4.672,1,True,3,111.443,1.795,42.824,29.025,5,2,3.534,8,545.558,1
sim-00016,fatigable,9,concept-5-item-9,concept-5,hard,9,0.244083,0.642203,False,True,79.329,30.966,4.185,1,True,3,127.767,4.902,48.363,29.025,4,2,4.892,9,713.961,1
sim-00016,fatigable,10,concept-5-item-10,concept-5,hard,10,0.207485,0.747391,False,False,92.313,32.689,4.552,1,True,3,0,0,59.624,29.025,2,3,5.924,10,923.135,1
sim-00016,fatigable,11,concept-1-item-11,concept-1,easy,1,0.176878,0.858116,True,False,52.22,18.706,5.429,1,True,4,0,0,33.513,29.025,5,3,7.286,11,574.418,1
sim-00016,fatigable,12,concept-1-item-12,concept-1,easy,2,0.209357,0.919015,False,False,57.193,19.026,5.195,2,True,4,0,0,38.167,29.025,6,6,7.357,12,686.319,1
sim-00016,fatigable,13,concept-2-item-13,concept-2,easy,3,0.178443,0.985449,False,False,64.556,21.77,6.639,1,True,4,0,0,42.786,29.025,4,3,7.127,13,839.234,1
sim-00016,fatigable,14,concept-2-item-14,concept-2,medium,4,0.15259,1.0,False,False,68.242,17.204,6.79,2,True,4,0,0,51.038,29.025,1,4,7.906,14,955.383,1
sim-00016,fatigable,15,concept-3-item-15,concept-3,medium,5,0.130969,1.0,False,False,68.366,26.836,7.225,1,True,5,0,0,41.531,29.025,6,5,7.391,15,1025.497,1
sim-00016,fatigable,16,concept-3-item-16,concept-3,medium,6,0.112888,1.0,False,True,79.761,20.962,6.106,1,True,4,0,0,58.799,29.025,6,4,7.569,16,1276.171,1
sim-00017,steady,1,concept-1-item-1,concept-1,easy,1,0.18594,0.0,True,False,19.066,5.451,0.516,1,False,2,832.436,51.978,13.614,44.86,3,3,0.685,1,19.066,1
sim-00017,steady,2,concept-1-item-2,concept-1,easy,2,0.25279,0.024092,True,False,30.888,12.336,1.323,1,False,1,666.029,49.904,18.552,44.86,3,0,1.002,2,61.775,0
sim-00017,steady,3,concept-2-item-3,concept-2,easy,3,0.313625,0.050375,True,False,34.901,10.928,1.244,1,False,1,958.734,44.626,23.973,44.86,1,0,1.047,3,104.703,0
sim-00017,steady,4,concept-2-item-4,concept-2,medium,4,0.368987,0.078847,True,False,34.726,9.676,1.346,1,False,2,1495.299,32.709,25.05,44.86,3,2,0.801,4,138.903,1
sim-00017,steady,5,concept-3-item-5,concept-3,medium,5,0.419368,0.10951,False,True,41.043,16.231,1.729,2,False,2,1881.534,62.075,24.813,44.86,3,1,1.464,5,205.216,0
sim-00017,steady,6,concept-3-item-6,concept-3,medium,6,0.390532,0.142363,False,False,48.922,14.408,1.291,1,False,2,710.054,35.735,34.515,44.86,2,2,2.343,6,293.534,0
sim-00017,steady,7,concept-4-item-7,concept-4,medium,7,0.36429,0.177406,False,False,54.101,21.546,1.332,1,False,2,1639.031,41.694,32.555,44.86,2,2,1.064,7,378.707,1
sim-00017,steady,8,concept-4-item-8,concept-4,hard,8,0.340409,0.21464,False,False,61.827,15.159,1.976,1,False,2,2305.099,38.096,46.668,44.86,3,1,2.257,8,494.62,0
sim-00017,steady,9,concept-5-item-9,concept-5,hard,9,0.318676,0.254063,False,False,65.798,15.878,1.87,1,False,2,2135.18,19.626,49.92,44.86,1,0,1.843,9,592.185,1
sim-00017,steady,10,concept-5-item-10,concept-5,hard,10,0.298899,0.295677,False,False,77.572,19.512,3.256,1,False,2,2736.185,29.791,58.06,44.86,2,2,2.577,10,775.722,1
sim-00017,steady,11,concept-1-item-11,concept-1,easy,1,0.280901,0.339481,True,False,26.108,8.363,2.239,1,False,2,582.405,14.016,17.746,44.86,2,3,3.056,11,287.193,0
sim-00017,steady,12,concept-1-item-12,concept-1,easy,2,0.339207,0.363574,True,False,38.325,12.559,3.288,1,False,2,583.733,10.211,25.766,44.86,4,0,3.865,12,459.901,1
sim-00017,steady,13,concept-2-item-13,concept-2,easy,3,0.392268,0.389856,False,False,45.091,13.138,2.297,2,False,3,389.392,25.344,31.953,44.86,2,3,1.989,13,586.185,0
sim-00017,steady,14,concept-2-item-14,concept-2,medium,4,0.365869,0.418329,True,False,45.827,14.086,3.624,1,False,2,590.818,7.606,31.741,44.86,2,1,2.649,14,641.571,1
sim-00017,steady,15,concept-3-item-15,concept-3,medium,5,0.416531,0.448991,False,False,50.834,19.18,3.61,1,False,3,955.618,26.818,31.653,44.86,3,3,3.697,15,762.505,1
sim-00017,steady,16,concept-3-item-16,concept-3,medium,6,0.38795,0.481844,True,False,58.679,21.772,4.092,1,False,3,449.024,29.088,36.907,44.86,5,2,4.202,16,938.863,1
sim-00018,rapid,1,concept-1-item-1,concept-1,easy,1,0.271364,0.0,False,False,22.625,6.984,0.098,2,False,1,533.407,75.957,15.64,54.029,2,0,0.923,1,22.625,0
sim-00018,rapid,2,concept-1-item-2,concept-1,easy,2,0.246468,0.01976,True,False,30.115,7.453,0.448,1,False,1,1451.163,24.722,22.662,54.029,2,0,0.379,2,60.229,1
sim-00018,rapid,3,concept-2-item-3,concept-2,easy,3,0.331466,0.041317,False,False,30.13,9.297,0.431,1,False,1,984.341,72.795,20.833,54.029,0,0,0.507,3,90.389,0
sim-00018,rapid,4,concept-2-item-4,concept-2,medium,4,0.296786,0.064671,True,False,34.064,10.117,0.99,1,False,1,574.11,25.525,23.948,54.029,1,1,0.76,4,136.257,1
sim-00018,rapid,5,concept-3-item-5,concept-3,medium,5,0.373593,0.08982,False,False,42.034,13.776,1.203,1,False,0,826.502,28.828,28.258,54.029,0,0,1.378,5,210.17,0
sim-00018,rapid,6,concept-3-item-6,concept-3,medium,6,0.332054,0.116767,False,False,52.456,18.361,1.013,1,False,1,970.712,68.97,34.095,54.029,2,1,1.68,6,314.734,0
sim-00018,rapid,7,concept-4-item-7,concept-4,medium,7,0.297278,0.145509,True,False,54.923,20.886,0.841,1,False,1,1179.946,12.781,34.037,54.029,1,2,1.125,7,384.46,1
sim-00018,rapid,8,concept-4-item-8,concept-4,hard,8,0.374005,0.176048,False,False,63.001,19.903,3.126,2,False,1,1782.365,43.792,43.098,54.029,1,0,1.384,8,504.006,0
sim-00018,rapid,9,concept-5-item-9,concept-5,hard,9,0.332399,0.208383,True,False,66.663,24.447,2.433,1,False,1,879.391,32.371,42.217,54.029,3,0,2.163,9,599.969,0
sim-00018,rapid,10,concept-5-item-10,concept-5,hard,10,0.403408,0.242515,False,False,71.965,25.187,2.2,1,False,1,2017.631,23.287,46.777,54.029,4,0,3.476,10,719.648,0
sim-00018,rapid,11,concept-1-item-11,concept-1,easy,1,0.357016,0.278443,True,False,19.588,5.642,2.277,1,False,2,489.995,52.041,13.947,54.029,2,2,2.466,11,215.472,0
sim-00018,rapid,12,concept-1-item-12,concept-1,easy,2,0.424018,0.298204,True,False,30.628,9.675,1.1,1,False,2,577.45,21.099,20.953,54.029,2,2,2.596,12,367.533,0
sim-00018,rapid,13,concept-2-item-13,concept-2,easy,3,0.480112,0.319761,True,False,38.271,10.682,3.347,1,False,1,697.382,28.799,27.589,54.029,2,0,2.268,13,497.524,0
sim-00018,rapid,14,concept-2-item-14,concept-2,medium,4,0.527074,0.343114,True,False,40.792,15.244,3.138,1,False,2,1116.965,25.7,25.548,54.029,2,1,2.006,14,571.082,1
sim-00018,rapid,15,concept-3-item-15,concept-3,medium,5,0.566391,0.368264,True,False,52.585,13.16,2.217,1,False,2,740.194,33.476,39.426,54.029,1,0,3.217,15,788.779,0
sim-00018,rapid,16,concept-3-item-16,concept-3,medium,6,0.599308,0.39521,True,False,55.042,18.77,2.169,1,False,2,908.802,14.164,36.272,54.029,3,1,3.225,16,880.676,0
sim-00019,careful,1,concept-1-item-1,concept-1,easy,1,0.449665,0.0,True,False,20.379,8.094,0.72,1,False,2,542.427,48.672,12.285,35.402,2,3,1.669,1,20.379,0
sim-00019,careful,2,concept-1-item-2,concept-1,easy,2,0.468208,0.045715,True,False,25.384,8.497,0.89,1,False,2,786.204,50.984,16.887,35.402,1,1,0.901,2,50.768,1
sim-00019,careful,3,concept-2-item-3,concept-2,easy,3,0.485377,0.095586,False,False,33.947,10.189,0.315,1,False,2,735.475,53.397,23.758,35.402,2,0,1.281,3,101.841,1
sim-00019,careful,4,concept-2-item-4,concept-2,medium,4,0.450399,0.149612,True,False,43.652,15.16,1.926,1,False,2,1509.983,32.942,28.492,35.402,2,2,1.459,4,174.61,0
sim-00019,careful,5,concept-3-item-5,concept-3,medium,5,0.468888,0.207795,False,False,47.613,16.407,1.838,1,False,2,774.975,35.481,31.206,35.402,3,2,1.661,5,238.064,1
sim-00019,careful,6,concept-3-item-6,concept-3,medium,6,0.43513,0.270133,False,False,53.304,18.844,1.653,1,False,2,624.652,32.384,34.459,35.402,1,2,1.526,6,319.823,1
sim-00019,careful,7,concept-4-item-7,concept-4,medium,7,0.403872,0.336627,False,False,62.902,18.746,2.563,1,False,3,670.991,32.029,44.156,35.402,2,4,2.975,7,440.312,0
sim-00019,careful,8,concept-4-item-8,concept-4,hard,8,0.374929,0.407277,False,False,64.491,18.169,2.808,1,False,3,1102.928,25.424,46.323,35.402,3,3,2.891,8,515.929,0
sim-00019,careful,9,concept-5-item-9,concept-5,hard,9,0.348128,0.482084,True,False,65.188,15.981,3.826,1,True,3,397.207,9.948,49.208,35.402,4,2,3.614,9,586.695,1
sim-00019,careful,10,concept-5-item-10,concept-5,hard,10,0.374189,0.561045,False,False,76.725,26.669,3.544,1,True,3,0,0,50.056,35.402,4,3,3.765,10,767.25,1
sim-00019,careful,11,concept-1-item-11,concept-1,easy,1,0.347443,0.644163,True,False,34.144,10.085,4.715,1,True,4,0,0,24.059,35.402,5,3,4.998,11,375.587,1
sim-00019,careful,12,concept-1-item-12,concept-1,easy,2,0.373554,0.689878,False,False,45.115,11.591,5.134,1,True,4,0,0,33.524,35.402,4,4,5.263,12,541.376,1
sim-00019,careful,13,concept-2-item-13,concept-2,easy,3,0.346855,0.739749,False,False,49.935,14.055,5.164,1,True,3,0,0,35.881,35.402,3,3,7.038,13,649.16,1
sim-00019,careful,14,concept-2-item-14,concept-2,medium,4,0.322133,0.793775,False,False,55.69,16.682,5.719,1,True,4,0,0,39.008,35.402,4,2,5.941,14,779.662,1
sim-00019,careful,15,concept-3-item-15,concept-3,medium,5,0.299241,0.851958,False,False,59.457,23.618,6.132,1,True,4,0,0,35.839,35.402,4,4,6.83,15,891.858,1
sim-00019,careful,16,concept-3-item-16,concept-3,medium,6,0.278045,0.914296,False,False,70.195,18.375,6.714,1,True,4,0,0,51.82,35.402,3,5,7.164,16,1123.114,1
sim-00020,fatigable,1,concept-1-item-1,concept-1,easy,1,0.326583,0.0,True,False,21.396,5.791,0.005,1,False,2,671.894,54.184,15.605,24.266,2,3,1.092,1,21.396,0
sim-00020,fatigable,2,concept-1-item-2,concept-1,easy,2,0.333077,0.072153,True,False,28.385,9.512,0.425,1,False,2,549.168,58.111,18.873,24.266,2,2,1.688,2,56.771,0
sim-00020,fatigable,3,concept-2-item-3,concept-2,easy,3,0.338616,0.150864,True,False,34.097,12.231,1.03,1,False,2,593.439,17.663,21.866,24.266,3,1,0.686,3,102.291,0
sim-00020,fatigable,4,concept-2-item-4,concept-2,medium,4,0.343339,0.236136,True,False,43.301,15.58,1.649,1,False,2,774.744,29.187,27.721,24.266,4,0,1.766,4,173.206,1
sim-00020,fatigable,5,concept-3-item-5,concept-3,medium,5,0.347368,0.327966,False,False,51.491,13.893,2.657,1,False,2,1058.996,31.456,37.599,24.266,2,2,3.143,5,257.456,0
sim-00020,fatigable,6,concept-3-item-6,concept-3,medium,6,0.297897,0.426356,False,False,55.999,18.157,2.98,1,True,2,84.986,3.042,37.842,24.266,3,1,3.241,6,335.996,1
sim-00020,fatigable,7,concept-4-item-7,concept-4,medium,7,0.255705,0.531305,False,False,63.193,23.476,4.522,1,True,3,0,0,39.717,24.266,4,3,3.651,7,442.353,1
sim-00020,fatigable,8,concept-4-item-8,concept-4,hard,8,0.21972,0.642814,False,False,67.118,20.627,4.372,1,True,3,0,0,46.49,24.266,2,2,5.217,8,536.942,1
sim-00020,fatigable,9,concept-5-item-9,concept-5,hard,9,0.189029,0.760881,False,False,90.745,23.119,5.077,1,True,4,0,0,67.626,24.266,3,4,5.759,9,816.704,1
sim-00020,fatigable,10,concept-5-item-10,concept-5,hard,10,0.162854,0.885509,False,False,89.175,23.259,5.969,2,True,4,0,0,65.916,24.266,4,3,6.568,10,891.745,1
sim-00020,fatigable,11,concept-1-item-11,concept-1,easy,1,0.140529,1.0,True,False,48.671,19.09,6.8,1,True,4,0,0,29.58,24.266,5,4,7.636,11,535.378,1
sim-00020,fatigable,12,concept-1-item-12,concept-1,easy,2,0.174396,1.0,False,False,54.402,20.383,7.076,1,True,5,0,0,34.019,24.266,6,5,7.424,12,652.82,1
sim-00020,fatigable,13,concept-2-item-13,concept-2,easy,3,0.150374,1.0,True,False,56.016,22.223,5.914,1,True,4,0,0,33.793,24.266,6,2,7.506,13,728.207,1
sim-00020,fatigable,14,concept-2-item-14,concept-2,medium,4,0.182793,1.0,False,False,70.107,27.016,6.009,2,True,4,0,0,43.091,24.266,7,4,7.825,14,981.5,1
sim-00020,fatigable,15,concept-3-item-15,concept-3,medium,5,0.157535,1.0,False,False,76.012,22.302,6.29,1,True,4,0,0,53.71,24.266,3,3,7.786,15,1140.176,1
sim-00020,fatigable,16,concept-3-item-16,concept-3,medium,6,0.135993,1.0,True,False,81.692,29.382,6.429,1,True,4,0,0,52.31,24.266,3,4,8.073,16,1307.069,1
sim-00021,steady,1,concept-1-item-1,concept-1,easy,1,0.441524,0.0,True,False,20.348,5.001,1.073,1,False,1,661.814,99.757,15.347,44.533,1,2,1.071,1,20.348,0
sim-00021,steady,2,concept-1-item-2,concept-1,easy,2,0.477792,0.025595,False,False,29.724,11.044,0.17,1,False,1,993.666,71.568,18.68,44.533,2,0,0.507,2,59.449,0
sim-00021,steady,3,concept-2-item-3,concept-2,easy,3,0.428182,0.053517,True,False,32.497,11.54,0.454,1,False,1,970.619,58.125,20.957,44.533,2,1,0.711,3,97.492,0
sim-00021,steady,4,concept-2-item-4,concept-2,medium,4,0.466145,0.083766,True,False,35.525,10.404,1.12,1,False,1,1276.374,19.394,25.121,44.533,1,1,0.46,4,142.1,0
sim-00021,steady,5,concept-3-item-5,concept-3,medium,5,0.499285,0.116342,True,False,44.365,11.461,1.679,1,False,2,1195.199,56.509,32.904,44.533,1,0,1.84,5,221.824,0
sim-00021,steady,6,concept-3-item-6,concept-3,medium,6,0.528215,0.151245,False,False,52.214,19.483,1.922,2,False,2,1754.835,47.6,32.731,44.533,3,0,1.321,6,313.282,0
sim-00021,steady,7,concept-4-item-7,concept-4,medium,7,0.472199,0.188474,True,False,54.852,13.891,2.357,1,False,2,1041.446,45.056,40.961,44.533,2,2,2.939,7,383.963,1
sim-00021,steady,8,concept-4-item-8,concept-4,hard,8,0.50457,0.22803,False,False,56.413,19.995,2.432,1,False,2,2171.446,70.904,36.419,44.533,4,0,2.462,8,451.306,0
sim-00021,steady,9,concept-5-item-9,concept-5,hard,9,0.451557,0.269913,False,False,59.828,20.655,2.109,1,False,2,1378.097,43.187,39.173,44.533,2,0,2.66,9,538.449,1
sim-00021,steady,10,concept-5-item-10,concept-5,hard,10,0.40528,0.314123,True,False,73.999,18.283,2.687,1,False,2,1545.091,31.621,55.716,44.533,1,1,2.873,10,739.992,0
sim-00021,steady,11,concept-1-item-11,concept-1,easy,1,0.446153,0.36066,True,False,33.552,10.596,3.12,1,False,2,368.853,24.03,22.957,44.533,2,0,3.394,11,369.074,0
sim-00021,steady,12,concept-1-item-12,concept-1,easy,2,0.481833,0.386255,True,False,40.121,14.835,2.807,1,False,3,609.166,47.189,25.286,44.533,5,4,2.627,12,481.457,0
sim-00021,steady,13,concept-2-item-13,concept-2,easy,3,0.51298,0.414177,False,False,32.176,12.35,4.036,2,False,3,332.249,8.796,19.826,44.533,3,1,3.293,13,418.289,1
sim-00021,steady,14,concept-2-item-14,concept-2,medium,4,0.458899,0.444426,False,False,51.285,17.401,3.151,1,False,3,993.451,17.937,33.884,44.533,4,1,4.024,14,717.991,0
sim-00021,steady,15,concept-3-item-15,concept-3,medium,5,0.411689,0.477002,False,False,52.527,15.877,4.264,1,False,3,889.414,36.926,36.65,44.533,4,2,4.131,15,787.904,1
sim-00021,steady,16,concept-3-item-16,concept-3,medium,6,0.370476,0.511904,False,True,55.14,18.914,3.671,2,False,3,530.144,26.258,36.226,44.533,4,1,4.461,16,882.236,0
sim-00022,rapid,1,concept-1-item-1,concept-1,easy,1,0.5071,0.0,True,False,17.07,6.172,0.276,1,False,1,522.357,74.889,10.898,60.996,2,1,0.467,1,17.07,0
sim-00022,rapid,2,concept-1-item-2,concept-1,easy,2,0.551039,0.026014,True,False,18.357,5.558,0.628,1,False,1,838.087,85.689,12.799,60.996,1,0,0.582,2,36.714,0
sim-00022,rapid,3,concept-2-item-3,concept-2,easy,3,0.587985,0.054393,True,False,35.65,11.559,0.36,1,False,1,1813.041,92.817,24.09,60.996,0,1,0.308,3,106.949,0
sim-00022,rapid,4,concept-2-item-4,concept-2,medium,4,0.61905,0.085137,True,False,29.053,7.308,1.255,1,False,1,1024.322,44.095,21.745,60.996,2,1,1.067,4,116.213,0
sim-00022,rapid,5,concept-3-item-5,concept-3,medium,5,0.64517,0.118245,True,False,45.804,18.251,1.593,1,False,2,975.498,35.658,27.553,60.996,4,2,0.725,5,229.019,0
sim-00022,rapid,6,concept-3-item-6,concept-3,medium,6,0.667133,0.153719,True,False,48.588,19.304,1.775,1,False,1,1086.238,37.681,29.284,60.996,1,1,1.787,6,291.531,0
sim-00022,rapid,7,concept-4-item-7,concept-4,medium,7,0.6856,0.191557,False,False,49.437,12.846,2.294,1,False,2,1086.717,53.612,36.591,60.996,2,3,2.754,7,346.059,0
sim-00022,rapid,8,concept-4-item-8,concept-4,hard,8,0.595637,0.231761,False,False,54.594,18.575,1.336,2,False,2,1540.505,39.097,36.02,60.996,2,0,1.438,8,436.755,0
sim-00022,rapid,9,concept-5-item-9,concept-5,hard,9,0.519993,0.274329,False,True,65.471,18.546,1.673,2,False,1,2416.128,40.226,46.925,60.996,3,2,1.697,9,589.235,1
sim-00022,rapid,10,concept-5-item-10,concept-5,hard,10,0.45639,0.319262,False,False,69.497,24.929,2.43,1,False,2,1727.906,53.545,44.568,60.996,3,1,2.913,10,694.966,0
sim-00022,rapid,11,concept-1-item-11,concept-1,easy,1,0.40291,0.36656,True,False,30.416,11.16,2.123,1,False,2,1003.832,70.272,19.257,60.996,3,0,2.522,11,334.581,1
sim-00022,rapid,12,concept-1-item-12,concept-1,easy,2,0.463433,0.392574,False,False,28.287,9.395,2.702,1,False,2,630.702,36.849,18.892,60.996,1,2,3.036,12,339.446,1
sim-00022,rapid,13,concept-2-item-13,concept-2,easy,3,0.408833,0.420953,True,False,46.648,15.258,3.506,1,False,2,890.264,27.34,31.39,60.996,4,1,3.672,13,606.427,0
sim-00022,rapid,14,concept-2-item-14,concept-2,medium,4,0.468413,0.451697,True,False,48.213,14.162,3.455,1,False,3,1215.581,10.581,34.051,60.996,5,3,3.674,14,674.98,0
sim-00022,rapid,15,concept-3-item-15,concept-3,medium,5,0.51851,0.484806,True,False,55.941,21.829,3.139,1,False,3,1022.689,19.57,34.112,60.996,4,2,3.689,15,839.115,1
sim-00022,rapid,16,concept-3-item-16,concept-3,medium,6,0.560633,0.520279,True,False,57.169,14.869,3.945,1,False,3,991.073,19.345,42.3,60.996,4,1,3.987,16,914.711,0
sim-00023,careful,1,concept-1-item-1,concept-1,easy,1,0.163526,0.0,True,False,18.902,6.903,0.671,1,False,2,968.843,85.472,11.999,46.841,2,3,1.173,1,18.902,0
sim-00023,careful,2,concept-1-item-2,concept-1,easy,2,0.21676,0.040254,False,False,21.22,6.515,0.652,1,False,1,853.143,99.541,14.705,46.841,3,1,0.322,2,42.44,0
sim-00023,careful,3,concept-2-item-3,concept-2,easy,3,0.208885,0.084167,True,False,25.143,9.424,1.158,1,False,2,696.323,71.103,15.72,46.841,1,0,0.853,3,75.429,0
sim-00023,careful,4,concept-2-item-4,concept-2,medium,4,0.259751,0.13174,True,False,36.536,12.371,0.516,1,False,2,1058.887,54.906,24.165,46.841,3,0,1.624,4,146.143,0
sim-00023,careful,5,concept-3-item-5,concept-3,medium,5,0.30796,0.182972,True,False,45.262,11.959,2.546,1,False,2,836.543,12.859,33.303,46.841,3,2,1.618,5,226.312,1
sim-00023,careful,6,concept-3-item-6,concept-3,medium,6,0.353653,0.237863,False,False,48.21,11.728,1.656,1,False,2,1485.349,54.76,36.482,46.841,2,2,2.028,6,289.257,1
sim-00023,careful,7,concept-4-item-7,concept-4,medium,7,0.338631,0.296414,False,False,59.704,14.468,2.647,1,False,2,1058.855,37.746,45.236,46.841,1,0,1.512,7,417.93,0
sim-00023,careful,8,concept-4-item-8,concept-4,hard,8,0.324393,0.358624,False,False,69.325,24.371,2.226,1,False,2,2116.694,41.951,44.954,46.841,3,0,2.869,8,554.603,1
sim-00023,careful,9,concept-5-item-9,concept-5,hard,9,0.310898,0.424494,False,True,75.131,18.585,3.017,2,False,3,851.232,37.474,56.545,46.841,4,2,3.046,9,676.177,1
sim-00023,careful,10,concept-5-item-10,concept-5,hard,10,0.298108,0.494023,False,False,87.549,21.905,3.886,1,False,3,2117.236,27.015,65.644,46.841,4,2,3.939,10,875.491,0
sim-00023,careful,11,concept-1-item-11,concept-1,easy,1,0.285986,0.567212,True,False,41.032,12.17,3.843,1,False,3,680.699,10.417,28.862,46.841,3,3,3.834,11,451.355,1
sim-00023,careful,12,concept-1-item-12,concept-1,easy,2,0.332826,0.607466,False,False,43.115,17.007,4.263,1,False,3,466.637,17.11,26.108,46.841,3,4,4.031,12,517.382,1
sim-00023,careful,13,concept-2-item-13,concept-2,easy,3,0.318891,0.651379,False,False,48.439,14.865,4.344,1,True,4,445.686,10.893,33.574,46.841,4,4,4.291,13,629.707,1
sim-00023,careful,14,concept-2-item-14,concept-2,medium,4,0.305683,0.698952,False,True,57.359,18.125,4.417,2,True,3,0,0,39.234,46.841,3,2,6.42,14,803.028,1
sim-00023,careful,15,concept-3-item-15,concept-3,medium,5,0.293166,0.750184,True,False,59.002,15.714,4.729,1,True,4,45.796,1.159,43.289,46.841,3,3,5.524,15,885.034,1
sim-00023,careful,16,concept-3-item-16,concept-3,medium,6,0.339631,0.805075,False,False,75.952,22.166,5.493,1,True,4,0,0,53.786,46.841,6,1,5.336,16,1215.23,1
sim-00024,fatigable,1,concept-1-item-1,concept-1,easy,1,0.510152,0.0,True,False,13.147,4.594,0.286,1,False,1,421.657,55.037,8.553,40.243,1,1,1.05,1,13.147,1
sim-00024,fatigable,2,concept-1-item-2,concept-1,easy,2,0.519858,0.058088,True,False,32.434,8.17,1.629,1,False,2,688.489,20.016,24.264,40.243,4,3,0.068,2,64.868,1
sim-00024,fatigable,3,concept-2-item-3,concept-2,easy,3,0.528167,0.121457,True,False,29.9,9.034,1.431,1,False,2,868.723,26.83,20.866,40.243,2,1,1.964,3,89.7,1
sim-00024,fatigable,4,concept-2-item-4,concept-2,medium,4,0.535278,0.190107,False,False,36.784,12.096,2.431,2,False,1,207.47,4.618,24.688,40.243,2,2,1.385,4,147.136,1
sim-00024,fatigable,5,concept-3-item-5,concept-3,medium,5,0.466985,0.264037,True,False,45.154,17.76,2.397,1,False,2,695.692,18.567,27.394,40.243,3,3,2.027,5,225.771,1
sim-00024,fatigable,6,concept-3-item-6,concept-3,medium,6,0.482908,0.343248,False,False,44.333,16.051,2.023,1,False,2,426.022,18.579,28.282,40.243,3,3,3.682,6,265.995,1
sim-00024,fatigable,7,concept-4-item-7,concept-4,medium,7,0.422156,0.42774,False,True,59.795,15.531,3.569,2,True,3,0,0,44.265,40.243,4,2,4.289,7,418.568,1
sim-00024,fatigable,8,concept-4-item-8,concept-4,hard,8,0.370153,0.517512,False,False,69.799,25.045,3.054,2,True,3,0,0,44.754,40.243,3,2,4.28,8,558.39,1
sim-00024,fatigable,9,concept-5-item-9,concept-5,hard,9,0.32564,0.612566,False,False,77.292,30.736,3.291,1,True,3,0,0,46.556,40.243,3,4,5.054,9,695.628,1
sim-00024,fatigable,10,concept-5-item-10,concept-5,hard,10,0.287537,0.7129,False,False,91.146,26.808,5.929,1,True,3,0,0,64.338,40.243,5,2,5.539,10,911.459,1
sim-00024,fatigable,11,concept-1-item-11,concept-1,easy,1,0.254922,0.818514,False,False,40.532,11.195,5.467,1,True,3,0,0,29.337,40.243,3,3,6.426,11,445.847,1
sim-00024,fatigable,12,concept-1-item-12,concept-1,easy,2,0.227003,0.876602,False,False,47.981,17.254,5.533,2,True,4,0,0,30.726,40.243,4,3,7.078,12,575.771,1
sim-00024,fatigable,13,concept-2-item-13,concept-2,easy,3,0.203105,0.939971,False,False,54.961,17.317,6.51,1,True,4,0,0,37.644,40.243,4,3,6.536,13,714.488,1
sim-00024,fatigable,14,concept-2-item-14,concept-2,medium,4,0.182649,1.0,False,False,72.061,19.588,6.746,1,True,4,0,0,52.473,40.243,4,2,7.497,14,1008.855,1
sim-00024,fatigable,15,concept-3-item-15,concept-3,medium,5,0.165139,1.0,False,True,73.955,24.067,7.084,2,True,4,0,0,49.888,40.243,5,5,7.394,15,1109.332,1
sim-00024,fatigable,16,concept-3-item-16,concept-3,medium,6,0.15015,1.0,False,True,73.39,22.662,5.749,1,True,4,0,0,50.728,40.243,6,4,7.988,16,1174.247,1
sim-00025,steady,1,concept-1-item-1,concept-1,easy,1,0.294377,0.0,True,False,24.167,8.708,0.668,1,False,1,714.504,67.003,15.459,45.764,0,0,0,1,24.167,1
sim-00025,steady,2,concept-1-item-2,concept-1,easy,2,0.331136,0.02316,True,False,23.123,9.208,0.904,1,False,2,963.921,79.222,13.916,45.764,3,0,0.479,2,46.247,0
sim-00025,steady,3,concept-2-item-3,concept-2,easy,3,0.363266,0.048426,True,False,31.473,9.432,0.242,1,False,2,1310.905,21.945,22.04,45.764,3,3,1.096,3,94.418,0
sim-00025,steady,4,concept-2-item-4,concept-2,medium,4,0.391348,0.075797,True,False,34.35,11.262,1.005,1,False,1,661.446,32.816,23.088,45.764,1,0,1.371,4,137.398,0
sim-00025,steady,5,concept-3-item-5,concept-3,medium,5,0.415894,0.105274,False,False,42.646,12.546,1.492,1,False,2,1445.038,33.325,30.1,45.764,3,2,0.661,5,213.23,0
sim-00025,steady,6,concept-3-item-6,concept-3,medium,6,0.369971,0.136856,True,False,47.338,15.922,1.171,1,False,1,1022.259,19.213,31.417,45.764,3,2,1.474,6,284.029,0
sim-00025,steady,7,concept-4-item-7,concept-4,medium,7,0.397209,0.170544,False,False,55.184,16.335,2.085,1,False,2,1666.496,9.989,38.849,45.764,2,0,1.816,7,386.287,0
sim-00025,steady,8,concept-4-item-8,concept-4,hard,8,0.35364,0.206337,False,False,65.975,26.374,2.62,1,False,2,1323.9,42.896,39.601,45.764,2,0,1.78,8,527.8,0
sim-00025,steady,9,concept-5-item-9,concept-5,hard,9,0.315558,0.244235,False,False,64.23,20.552,1.903,2,False,2,1638.846,51.095,43.679,45.764,2,0,2.216,9,578.073,1
sim-00025,steady,10,concept-5-item-10,concept-5,hard,10,0.282273,0.284239,False,False,72.126,26.452,2.571,2,False,2,902.908,49.313,45.674,45.764,1,0,1.626,10,721.263,1
sim-00025,steady,11,concept-1-item-11,concept-1,easy,1,0.25318,0.326349,False,False,29.963,11.452,2.294,1,False,2,346.786,17.841,18.512,45.764,3,4,3.789,11,329.598,1
sim-00025,steady,12,concept-1-item-12,concept-1,easy,2,0.227751,0.349509,False,False,35.138,9.053,2.296,1,False,2,646.341,15.318,26.084,45.764,2,0,2.432,12,421.652,1
sim-00025,steady,13,concept-2-item-13,concept-2,easy,3,0.205525,0.374775,True,False,42.949,11.347,2.459,1,False,2,544.862,37.421,31.602,45.764,2,3,3.586,13,558.335,1
sim-00025,steady,14,concept-2-item-14,concept-2,medium,4,0.253475,0.402146,False,False,48.738,19.046,2.952,2,False,2,673.441,33.858,29.692,45.764,1,1,3.838,14,682.332,1
sim-00025,steady,15,concept-3-item-15,concept-3,medium,5,0.228009,0.431623,False,True,53.0,20.022,3.192,1,False,2,363.37,20.891,32.978,45.764,2,3,2.984,15,794.997,1
sim-00025,steady,16,concept-3-item-16,concept-3,medium,6,0.20575,0.463205,False,False,66.937,24.855,3.993,1,False,3,798.923,10.904,42.082,45.764,2,1,3.761,16,1070.985,1
sim-00026,rapid,1,concept-1-item-1,concept-1,easy,1,0.504028,0.0,True,False,17.55,5.409,0.249,1,False,2,565.709,24.689,12.141,65.151,2,3,1.321,1,17.55,0
sim-00026,rapid,2,concept-1-item-2,concept-1,easy,2,0.565672,0.030098,True,False,25.123,6.105,0.617,1,False,2,1146.602,64.943,19.017,65.151,2,3,0.468,2,50.245,1
sim-00026,rapid,3,concept-2-item-3,concept-2,easy,3,0.620717,0.062933,True,False,31.417,10.511,1.118,1,False,1,953.436,87.351,20.905,65.151,1,0,0.769,3,94.25,0
sim-00026,rapid,4,concept-2-item-4,concept-2,medium,4,0.669868,0.098503,False,False,31.466,9.09,0.641,1,False,2,1153.901,31.701,22.376,65.151,2,2,1.182,4,125.864,1
sim-00026,rapid,5,concept-3-item-5,concept-3,medium,5,0.615054,0.13681,False,False,43.033,13.907,2.033,1,False,1,1750.28,46.086,29.126,65.151,2,0,1.151,5,215.164,0
sim-00026,rapid,6,concept-3-item-6,concept-3,medium,6,0.566107,0.177853,True,False,50.372,18.119,2.287,1,False,2,933.451,49.977,32.252,65.151,4,1,2.077,6,302.229,0
sim-00026,rapid,7,concept-4-item-7,concept-4,medium,7,0.621105,0.221633,False,True,54.328,17.419,1.665,2,False,2,690.732,42.934,36.909,65.151,5,1,1.828,7,380.294,1
sim-00026,rapid,8,concept-4-item-8,concept-4,hard,8,0.571511,0.268148,False,False,64.158,20.785,2.462,2,False,2,834.633,16.62,43.373,65.151,2,1,2.052,8,513.266,1
sim-00026,rapid,9,concept-5-item-9,concept-5,hard,9,0.527227,0.3174,False,False,66.99,23.763,1.939,1,False,2,1508.943,52.95,43.227,65.151,1,0,2.657,9,602.914,0
sim-00026,rapid,10,concept-5-item-10,concept-5,hard,10,0.487683,0.369388,False,False,70.795,20.362,2.964,2,False,3,927.031,24.203,50.433,65.151,4,1,2.756,10,707.951,1
sim-00026,rapid,11,concept-1-item-11,concept-1,easy,1,0.452373,0.424112,False,False,33.382,10.786,3.38,1,False,2,696.985,46.641,22.596,65.151,3,2,2.754,11,367.199,0
sim-00026,rapid,12,concept-1-item-12,concept-1,easy,2,0.420844,0.45421,True,False,32.536,8.614,4.017,1,False,2,506.051,12.98,23.922,65.151,3,2,3.649,12,390.429,1
sim-00026,rapid,13,concept-2-item-13,concept-2,easy,3,0.491394,0.487045,True,False,39.572,11.899,3.913,1,False,3,451.458,35.485,27.673,65.151,4,2,3.607,13,514.434,1
sim-00026,rapid,14,concept-2-item-14,concept-2,medium,4,0.554391,0.522616,False,False,47.946,18.84,3.38,2,False,3,302.422,8.693,29.106,65.151,4,3,3.764,14,671.244,1
sim-00026,rapid,15,concept-3-item-15,concept-3,medium,5,0.511939,0.560923,False,False,48.639,18.829,4.542,2,False,2,551.214,4.694,29.81,65.151,4,2,3.878,15,729.588,1
sim-00026,rapid,16,concept-3-item-16,concept-3,medium,6,0.474032,0.601966,True,False,56.744,18.589,3.824,1,False,3,507.457,15.167,38.154,65.151,3,3,4.577,16,907.898,1
sim-00027,careful,1,concept-1-item-1,concept-1,easy,1,0.330592,0.0,True,False,17.875,5.106,0.731,1,False,2,481.963,107.816,12.769,24.349,2,2,1.005,1,17.875,0
sim-00027,careful,2,concept-1-item-2,concept-1,easy,2,0.384499,0.020821,True,False,22.153,8.068,0.386,1,False,1,625.266,52.17,14.085,24.349,2,0,1.001,2,44.307,0
sim-00027,careful,3,concept-2-item-3,concept-2,easy,3,0.434689,0.043535,False,False,22.202,8.487,0.372,1,False,2,825.72,90.448,13.714,24.349,4,0,1.518,3,66.605,0
sim-00027,careful,4,concept-2-item-4,concept-2,medium,4,0.411892,0.068142,False,False,35.706,11.367,1.586,1,False,2,1254.18,36.446,24.338,24.349,2,3,1.316,4,142.822,0
sim-00027,careful,5,concept-3-item-5,concept-3,medium,5,0.390668,0.094641,True,False,36.621,13.923,1.593,1,False,2,1761.878,46.331,22.698,24.349,3,1,1.768,5,183.106,0
sim-00027,careful,6,concept-3-item-6,concept-3,medium,6,0.440432,0.123033,False,False,49.017,17.257,0.929,1,False,2,2376.014,56.004,31.76,24.349,1,0,0.975,6,294.102,1
sim-00027,careful,7,concept-4-item-7,concept-4,medium,7,0.417239,0.153318,False,False,60.398,22.443,2.52,1,False,3,1494.81,28.888,37.955,24.349,3,1,1.827,7,422.786,0
sim-00027,careful,8,concept-4-item-8,concept-4,hard,8,0.395646,0.185496,True,False,67.589,19.698,2.152,1,False,2,2547.527,66.749,47.89,24.349,1,0,2.562,8,540.709,0
sim-00027,careful,9,concept-5-item-9,concept-5,hard,9,0.445067,0.219567,False,False,67.29,18.692,2.637,1,False,2,1955.8,60.926,48.598,24.349,2,1,2.315,9,605.608,0
sim-00027,careful,10,concept-5-item-10,concept-5,hard,10,0.421555,0.255531,False,True,67.16,23.327,0.941,1,False,3,1445.439,46.1,43.834,24.349,5,2,2.118,10,671.604,0
sim-00027,careful,11,concept-1-item-11,concept-1,easy,1,0.399664,0.293387,False,False,27.688,6.695,2.093,1,False,2,632.945,41.705,20.994,24.349,2,2,1.616,11,304.573,1
sim-00027,careful,12,concept-1-item-12,concept-1,easy,2,0.379282,0.314208,True,False,36.327,13.923,2.749,1,False,3,1144.72,32.676,22.404,24.349,4,3,3.25,12,435.924,0
sim-00027,careful,13,concept-2-item-13,concept-2,easy,3,0.429832,0.336922,True,False,38.722,11.975,2.864,1,False,3,1215.299,42.379,26.748,24.349,3,2,2.692,13,503.391,0
sim-00027,careful,14,concept-2-item-14,concept-2,medium,4,0.476896,0.361529,True,False,53.603,15.983,2.693,1,False,3,1411.884,24.105,37.621,24.349,1,3,2.46,14,750.448,0
sim-00027,careful,15,concept-3-item-15,concept-3,medium,5,0.520715,0.388028,False,False,47.647,17.665,2.538,1,False,3,1018.974,28.112,29.982,24.349,5,4,2.948,15,714.702,1
sim-00027,careful,16,concept-3-item-16,concept-3,medium,6,0.491987,0.41642,False,False,53.962,16.354,2.228,1,False,3,1026.068,38.587,37.608,24.349,5,4,3.34,16,863.387,0
sim-00028,fatigable,1,concept-1-item-1,concept-1,easy,1,0.427021,0.0,True,False,22.624,7.651,0.438,1,False,2,336.106,44.61,14.973,32.053,3,1,0.775,1,22.624,0
sim-00028,fatigable,2,concept-1-item-2,concept-1,easy,2,0.418032,0.055685,False,True,28.003,10.728,0.135,2,False,1,955.778,26.603,17.275,32.053,2,0,0.683,2,56.007,0
sim-00028,fatigable,3,concept-2-item-3,concept-2,easy,3,0.344603,0.116432,True,False,31.094,9.741,1.294,1,False,2,878.971,63.413,21.353,32.053,3,0,0.767,3,93.281,0
sim-00028,fatigable,4,concept-2-item-4,concept-2,medium,4,0.351283,0.182241,True,False,36.09,11.405,3.197,1,False,2,373.89,30.857,24.685,32.053,2,2,1.709,4,144.361,0
sim-00028,fatigable,5,concept-3-item-5,concept-3,medium,5,0.356694,0.253113,True,False,49.364,19.069,1.704,1,False,2,424.279,22.938,30.295,32.053,2,2,2.59,5,246.818,1
sim-00028,fatigable,6,concept-3-item-6,concept-3,medium,6,0.361076,0.329047,False,False,52.991,18.429,2.629,1,False,3,433.209,6.069,34.562,32.053,4,0,2.697,6,317.944,1
sim-00028,fatigable,7,concept-4-item-7,concept-4,medium,7,0.298475,0.410043,False,False,64.222,20.005,3.355,1,True,3,0,0,44.217,32.053,3,1,2.37,7,449.552,1
sim-00028,fatigable,8,concept-4-item-8,concept-4,hard,8,0.247777,0.496102,False,False,68.559,23.714,4.017,2,False,3,679.304,10.282,44.845,32.053,3,1,3.381,8,548.471,1
sim-00028,fatigable,9,concept-5-item-9,concept-5,hard,9,0.206718,0.587222,False,False,77.044,29.698,3.992,2,True,3,40.924,0.236,47.346,32.053,4,1,5.65,9,693.398,1
sim-00028,fatigable,10,concept-5-item-10,concept-5,hard,10,0.173465,0.683405,False,False,85.247,21.666,4.677,1,True,4,0,0,63.581,32.053,6,3,5.822,10,852.474,1
sim-00028,fatigable,11,concept-1-item-11,concept-1,easy,1,0.146535,0.784651,False,False,45.773,14.506,5.95,2,True,4,0,0,31.267,32.053,3,3,6.611,11,503.503,1
sim-00028,fatigable,12,concept-1-item-12,concept-1,easy,2,0.124724,0.840336,False,True,47.626,12.519,5.666,1,True,4,0,0,35.106,32.053,5,2,6.255,12,571.507,1
sim-00028,fatigable,13,concept-2-item-13,concept-2,easy,3,0.107061,0.901083,False,False,65.96,23.744,6.735,2,True,4,0,0,42.216,32.053,4,2,8.038,13,857.48,1
sim-00028,fatigable,14,concept-2-item-14,concept-2,medium,4,0.092755,0.966892,True,False,63.867,19.015,5.991,1,True,4,0,0,44.853,32.053,4,5,6.931,14,894.143,1
sim-00028,fatigable,15,concept-3-item-15,concept-3,medium,5,0.147318,1.0,False,False,63.619,24.201,6.67,2,True,4,0,0,39.418,32.053,3,2,6.929,15,954.291,1
sim-00028,fatigable,16,concept-3-item-16,concept-3,medium,6,0.125359,1.0,False,True,67.904,18.914,6.292,2,True,4,0,0,48.99,32.053,4,4,7.126,16,1086.468,1
sim-00029,steady,1,concept-1-item-1,concept-1,easy,1,0.227414,0.0,True,False,21.265,5.338,0.446,1,False,1,801.403,65.069,15.927,54.629,0,0,0.98,1,21.265,0
sim-00029,steady,2,concept-1-item-2,concept-1,easy,2,0.299836,0.021034,True,False,32.95,9.774,0.124,1,False,1,994.05,42.238,23.177,54.629,1,2,0,2,65.901,0
sim-00029,steady,3,concept-2-item-3,concept-2,easy,3,0.368348,0.043981,True,False,29.562,9.378,0.562,1,False,1,854.396,47.79,20.185,54.629,1,0,0.727,3,88.687,1
sim-00029,steady,4,concept-2-item-4,concept-2,medium,4,0.433161,0.06884,True,False,35.458,8.887,1.114,1,False,1,1134.946,39.282,26.572,54.629,0,0,0.506,4,141.834,0
sim-00029,steady,5,concept-3-item-5,concept-3,medium,5,0.494475,0.09561,True,False,42.079,11.711,1.15,1,False,2,1929.789,79.162,30.368,54.629,2,0,1.518,5,210.396,0
sim-00029,steady,6,concept-3-item-6,concept-3,medium,6,0.552479,0.124294,True,False,44.175,10.668,1.113,1,False,1,1788.917,63.731,33.507,54.629,1,0,1.76,6,265.051,0
sim-00029,steady,7,concept-4-item-7,concept-4,medium,7,0.607351,0.154889,True,False,52.603,15.283,1.527,1,False,1,1374.692,62.886,37.319,54.629,1,1,2.173,7,368.22,0
sim-00029,steady,8,concept-4-item-8,concept-4,hard,8,0.659261,0.187396,True,False,61.186,21.105,1.371,1,False,2,1837.528,93.11,40.081,54.629,3,1,1.369,8,489.484,0
sim-00029,steady,9,concept-5-item-9,concept-5,hard,9,0.708368,0.221816,False,False,57.367,19.602,2.878,1,False,1,1351.287,30.499,37.765,54.629,2,0,2.33,9,516.306,0
sim-00029,steady,10,concept-5-item-10,concept-5,hard,10,0.679299,0.258148,False,False,72.238,22.315,2.388,1,False,2,1527.954,48.363,49.923,54.629,2,2,2.466,10,722.379,0
sim-00029,steady,11,concept-1-item-11,concept-1,easy,1,0.6518,0.296392,False,False,24.684,6.296,1.475,2,False,1,697.26,57.023,18.388,54.629,0,0,2.93,11,271.527,0
sim-00029,steady,12,concept-1-item-12,concept-1,easy,2,0.625785,0.317427,True,False,29.012,7.85,1.529,1,False,2,595.211,43.534,21.163,54.629,3,3,2.816,12,348.148,1
sim-00029,steady,13,concept-2-item-13,concept-2,easy,3,0.6767,0.340373,True,False,32.294,10.019,2.434,1,False,2,1027.758,51.225,22.275,54.629,2,2,3.166,13,419.821,1
sim-00029,steady,14,concept-2-item-14,concept-2,medium,4,0.724865,0.365232,True,False,38.28,13.912,2.4,1,False,2,748.078,37.681,24.368,54.629,3,0,3.36,14,535.925,0
sim-00029,steady,15,concept-3-item-15,concept-3,medium,5,0.770431,0.392003,True,False,46.28,12.275,2.185,1,False,2,538.992,17.941,34.005,54.629,3,2,3.686,15,694.201,0
sim-00029,steady,16,concept-3-item-16,concept-3,medium,6,0.813536,0.420686,True,False,54.327,17.836,1.606,1,False,2,987.641,11.721,36.492,54.629,0,3,2.434,16,869.235,1
sim-00030,rapid,1,concept-1-item-1,concept-1,easy,1,0.443984,0.0,True,False,23.068,6.618,1.41,1,False,0,938.974,27.73,16.45,54.184,2,1,0.99,1,23.068,0
sim-00030,rapid,2,concept-1-item-2,concept-1,easy,2,0.516022,0.025807,True,False,28.546,8.541,0.067,1,False,1,771.427,32.685,20.005,54.184,2,0,1.299,2,57.092,0
sim-00030,rapid,3,concept-2-item-3,concept-2,easy,3,0.579154,0.053959,True,False,32.36,12.206,1.115,1,False,1,803.244,67.001,20.154,54.184,1,0,1.212,3,97.079,0
sim-00030,rapid,4,concept-2-item-4,concept-2,medium,4,0.634481,0.084458,True,False,34.57,13.5,0.555,1,False,1,1042.948,81.826,21.07,54.184,0,0,1.576,4,138.28,0
sim-00030,rapid,5,concept-3-item-5,concept-3,medium,5,0.682969,0.117303,False,False,40.927,11.655,0.624,2,False,1,1550.032,60.083,29.272,54.184,2,0,1.203,5,204.633,0
sim-00030,rapid,6,concept-3-item-6,concept-3,medium,6,0.618266,0.152494,False,False,50.553,16.026,1.341,1,False,1,2342.262,38.795,34.527,54.184,2,0,2.133,6,303.319,1
sim-00030,rapid,7,concept-4-item-7,concept-4,medium,7,0.561563,0.190031,False,True,58.931,16.671,2.121,1,False,1,1275.256,82.324,42.26,54.184,2,1,1.793,7,412.516,1
sim-00030,rapid,8,concept-4-item-8,concept-4,hard,8,0.51187,0.229914,False,False,57.631,14.795,1.915,2,False,1,1237.655,41.164,42.836,54.184,1,1,1.49,8,461.046,0
sim-00030,rapid,9,concept-5-item-9,concept-5,hard,9,0.46832,0.272143,False,False,72.739,18.535,2.086,1,False,2,1901.189,42.982,54.205,54.184,2,1,2.784,9,654.654,1
sim-00030,rapid,10,concept-5-item-10,concept-5,hard,10,0.430154,0.316719,False,False,73.574,18.781,3.896,1,False,2,2288.852,51.249,54.793,54.184,3,1,2.065,10,735.739,0
sim-00030,rapid,11,concept-1-item-11,concept-1,easy,1,0.396707,0.36364,False,False,32.705,8.693,2.766,1,False,1,724.673,10.626,24.012,54.184,0,1,2.82,11,359.758,0
sim-00030,rapid,12,concept-1-item-12,concept-1,easy,2,0.367395,0.389446,True,False,32.973,8.594,4.397,1,False,2,513.5,34.956,24.379,54.184,3,2,3.27,12,395.674,0
sim-00030,rapid,13,concept-2-item-13,concept-2,easy,3,0.448901,0.417599,True,False,37.472,14.025,3.249,1,False,1,743.122,50.929,23.447,54.184,1,0,2.99,13,487.136,0
sim-00030,rapid,14,concept-2-item-14,concept-2,medium,4,0.520332,0.448098,True,False,51.474,18.768,4.058,1,False,2,596.928,38.197,32.706,54.184,3,1,2.798,14,720.638,1
sim-00030,rapid,15,concept-3-item-15,concept-3,medium,5,0.582931,0.480943,True,False,50.014,15.49,3.462,1,False,2,960.364,44.02,34.524,54.184,3,1,4.243,15,750.206,1
sim-00030,rapid,16,concept-3-item-16,concept-3,medium,6,0.637791,0.516134,True,False,51.02,12.431,3.734,1,False,2,759.057,13.741,38.589,54.184,2,1,3.823,16,816.312,1
sim-00031,careful,1,concept-1-item-1,concept-1,easy,1,0.243064,0.0,True,False,21.854,5.928,1.762,1,False,2,423.108,85.854,15.926,19.717,3,3,0.644,1,21.854,0
sim-00031,careful,2,concept-1-item-2,concept-1,easy,2,0.279301,0.032257,True,False,32.302,7.914,0,1,False,1,1319.579,44.362,24.387,19.717,2,1,1.284,2,64.603,0
sim-00031,careful,3,concept-2-item-3,concept-2,easy,3,0.313804,0.067445,False,False,33.993,9.395,0.6,1,False,2,1195.816,33.69,24.597,19.717,2,1,0,3,101.978,0
sim-00031,careful,4,concept-2-item-4,concept-2,medium,4,0.298756,0.105567,True,False,40.867,12.744,0.492,1,False,2,1289.692,41.765,28.123,19.717,3,1,1.919,4,163.468,0
sim-00031,careful,5,concept-3-item-5,concept-3,medium,5,0.332329,0.146621,False,False,52.209,20.508,1.568,1,False,2,1967.347,19.896,31.701,19.717,2,4,0.443,5,261.044,0
sim-00031,careful,6,concept-3-item-6,concept-3,medium,6,0.316395,0.190607,True,False,51.832,15.826,2.504,1,False,2,1394.547,23.526,36.007,19.717,2,1,1.616,6,310.995,0
sim-00031,careful,7,concept-4-item-7,concept-4,medium,7,0.349123,0.237525,False,False,54.756,14.572,1.783,1,False,3,947.362,27.143,40.184,19.717,7,3,3.37,7,383.295,0
sim-00031,careful,8,concept-4-item-8,concept-4,hard,8,0.332386,0.287376,False,False,65.436,23.817,2.579,1,False,2,2465.842,66.07,41.619,19.717,2,3,2.542,8,523.491,1
sim-00031,careful,9,concept-5-item-9,concept-5,hard,9,0.31645,0.34016,False,False,67.937,26.114,3.082,1,False,2,1645.164,57.963,41.823,19.717,0,2,4.161,9,611.437,0
sim-00031,careful,10,concept-5-item-10,concept-5,hard,10,0.301276,0.395876,False,False,72.341,25.16,2.375,1,False,2,1194.67,12.769,47.181,19.717,2,2,3.138,10,723.414,1
sim-00031,careful,11,concept-1-item-11,concept-1,easy,1,0.286828,0.454524,True,False,41.584,16.098,3.276,1,False,3,324.307,28.596,25.486,19.717,4,3,3.139,11,457.427,1
sim-00031,careful,12,concept-1-item-12,concept-1,easy,2,0.320971,0.48678,False,False,38.064,12.155,3.359,2,False,3,351.567,27.901,25.909,19.717,4,2,4.225,12,456.765,1
sim-00031,careful,13,concept-2-item-13,concept-2,easy,3,0.305581,0.521969,True,False,42.608,12.387,3.471,1,False,4,213.398,18.395,30.22,19.717,4,3,4.18,13,553.899,1
sim-00031,careful,14,concept-2-item-14,concept-2,medium,4,0.338827,0.560091,True,False,55.104,20.186,4.637,1,False,3,991.863,8.5,34.918,19.717,3,2,4.499,14,771.451,0
sim-00031,careful,15,concept-3-item-15,concept-3,medium,5,0.370482,0.601145,False,False,60.861,22.569,3.016,2,True,3,494.882,4.193,38.292,19.717,4,2,4.993,15,912.916,1
sim-00031,careful,16,concept-3-item-16,concept-3,medium,6,0.352723,0.645131,False,False,67.125,20.278,4.521,1,True,4,384.01,12.399,46.848,19.717,4,4,4.54,16,1074.001,1
sim-00032,fatigable,1,concept-1-item-1,concept-1,easy,1,0.488409,0.0,True,False,21.16,5.737,0.4,1,False,2,297.837,27.453,15.423,32.744,3,1,0.389,1,21.16,1
sim-00032,fatigable,2,concept-1-item-2,concept-1,easy,2,0.461852,0.070843,True,False,25.924,9.78,1.649,1,False,1,330.847,34.256,16.143,32.744,2,0,1.037,2,51.848,1
sim-00032,fatigable,3,concept-2-item-3,concept-2,easy,3,0.439897,0.148127,True,False,31.973,8.944,1.148,1,False,2,569.533,30.778,23.029,32.744,0,2,2.445,3,95.92,0
sim-00032,fatigable,4,concept-2-item-4,concept-2,medium,4,0.421748,0.231851,True,False,39.14,13.621,1.863,1,False,2,294.072,6.277,25.52,32.744,2,0,1.803,4,156.562,0
sim-00032,fatigable,5,concept-3-item-5,concept-3,medium,5,0.406745,0.322016,True,False,45.252,15.737,2.392,1,True,3,384.779,15.48,29.515,32.744,4,2,2.318,5,226.262,1
sim-00032,fatigable,6,concept-3-item-6,concept-3,medium,6,0.394342,0.418621,False,False,53.435,17.167,3.627,1,True,2,165.321,8.623,36.268,32.744,2,2,3.85,6,320.611,1
sim-00032,fatigable,7,concept-4-item-7,concept-4,medium,7,0.328516,0.521666,False,False,63.634,23.759,3.358,1,True,3,19.057,0.219,39.875,32.744,3,3,3.946,7,445.44,1
sim-00032,fatigable,8,concept-4-item-8,concept-4,hard,8,0.274099,0.631151,False,False,68.285,25.32,5.064,2,True,3,0,0,42.965,32.744,3,4,4.774,8,546.277,1
sim-00032,fatigable,9,concept-5-item-9,concept-5,hard,9,0.229114,0.747077,False,False,84.905,32.215,5.418,2,True,4,0,0,52.689,32.744,5,3,4.711,9,764.141,1
sim-00032,fatigable,10,concept-5-item-10,concept-5,hard,10,0.191926,0.869443,False,False,87.249,28.089,5.761,2,True,4,0,0,59.161,32.744,4,2,7.094,10,872.493,1
sim-00032,fatigable,11,concept-1-item-11,concept-1,easy,1,0.161184,0.998249,False,False,52.99,18.233,7.016,1,True,5,0,0,34.758,32.744,7,4,7.475,11,582.893,1
sim-00032,fatigable,12,concept-1-item-12,concept-1,easy,2,0.135771,1.0,False,True,52.449,17.361,6.898,1,True,5,0,0,35.088,32.744,4,6,7.283,12,629.391,1
sim-00032,fatigable,13,concept-2-item-13,concept-2,easy,3,0.114762,1.0,False,False,55.735,17.314,6.014,2,True,4,0,0,38.421,32.744,4,2,7.237,13,724.556,1
sim-00032,fatigable,14,concept-2-item-14,concept-2,medium,4,0.097395,1.0,False,False,65.194,18.557,7.056,2,True,4,0,0,46.638,32.744,4,5,6.738,14,912.717,1
sim-00032,fatigable,15,concept-3-item-15,concept-3,medium,5,0.083038,1.0,False,False,73.584,24.627,6.468,2,True,4,0,0,48.957,32.744,4,3,7.519,15,1103.76,1
sim-00032,fatigable,16,concept-3-item-16,concept-3,medium,6,0.07117,1.0,False,False,74.111,28.384,6.026,1,True,5,0,0,45.727,32.744,7,5,6.885,16,1185.777,1
sim-00033,steady,1,concept-1-item-1,concept-1,easy,1,0.200267,0.0,True,False,14.938,4.33,0,1,False,1,412.453,15.668,10.608,43.365,0,0,0.359,1,14.938,0
sim-00033,steady,2,concept-1-item-2,concept-1,easy,2,0.275508,0.039008,False,False,19.1,7.186,0.898,1,False,1,808.423,32.47,11.914,43.365,4,1,0.376,2,38.2,0
sim-00033,steady,3,concept-2-item-3,concept-2,easy,3,0.268029,0.081562,False,True,38.865,9.417,0.699,2,False,1,690.903,50.11,29.447,43.365,2,0,0.633,3,116.595,1
sim-00033,steady,4,concept-2-item-4,concept-2,medium,4,0.261024,0.127662,False,False,49.53,16.539,1.4,2,False,2,1471.286,43.052,32.991,43.365,3,2,1.01,4,198.12,0
sim-00033,steady,5,concept-3-item-5,concept-3,medium,5,0.254463,0.177308,False,False,41.816,10.135,1.986,1,False,1,1089.696,19.291,31.681,43.365,0,2,0.79,5,209.08,0
sim-00033,steady,6,concept-3-item-6,concept-3,medium,6,0.248318,0.230501,False,False,58.751,23.042,1.793,1,False,2,1229.182,36.295,35.709,43.365,4,2,1.798,6,352.505,0
sim-00033,steady,7,concept-4-item-7,concept-4,medium,7,0.242563,0.28724,False,False,55.01,18.1,1.695,1,False,2,1345.425,61.062,36.91,43.365,3,0,2.572,7,385.072,0
sim-00033,steady,8,concept-4-item-8,concept-4,hard,8,0.237172,0.347524,False,False,68.991,20.09,2.057,1,False,2,851.063,11.92,48.901,43.365,4,0,3.326,8,551.926,1
sim-00033,steady,9,concept-5-item-9,concept-5,hard,9,0.232123,0.411356,False,True,63.971,18.646,4.524,2,False,2,1423.68,14.577,45.325,43.365,2,1,3.484,9,575.737,1
sim-00033,steady,10,concept-5-item-10,concept-5,hard,10,0.227394,0.478733,False,False,81.374,24.653,3.654,1,False,2,1187.065,32.378,56.721,43.365,4,1,4.368,10,813.736,0
sim-00033,steady,11,concept-1-item-11,concept-1,easy,1,0.222965,0.549656,False,True,37.316,13.283,3.44,1,True,2,212.602,2.971,24.032,43.365,3,2,4.591,11,410.472,1
sim-00033,steady,12,concept-1-item-12,concept-1,easy,2,0.218816,0.588664,True,False,45.947,12.697,3.649,1,False,3,549.859,8.151,33.251,43.365,3,3,4.834,12,551.365,1
sim-00033,steady,13,concept-2-item-13,concept-2,easy,3,0.292882,0.631218,False,False,43.029,16.809,4.522,1,False,3,319.819,12.114,26.22,43.365,4,2,5.259,13,559.375,1
sim-00033,steady,14,concept-2-item-14,concept-2,medium,4,0.284302,0.677318,False,False,56.485,15.87,4.641,1,True,3,284.996,6.085,40.615,43.365,1,4,6.307,14,790.785,1
sim-00033,steady,15,concept-3-item-15,concept-3,medium,5,0.276265,0.726964,False,False,62.361,15.469,5.311,2,True,3,128.62,1.216,46.893,43.365,4,4,6.074,15,935.422,1
sim-00033,steady,16,concept-3-item-16,concept-3,medium,6,0.268738,0.780157,False,False,68.227,24.255,5.565,1,True,3,112.982,2.139,43.973,43.365,2,3,6.859,16,1091.64,1
sim-00034,rapid,1,concept-1-item-1,concept-1,easy,1,0.521893,0.0,True,False,19.005,5.43,0.699,1,False,0,429.366,26.35,13.575,51.232,0,1,1.211,1,19.005,0
sim-00034,rapid,2,concept-1-item-2,concept-1,easy,2,0.551184,0.024787,True,False,25.007,8.167,1.576,1,False,1,847.987,82.157,16.841,51.232,0,1,0,2,50.015,0
sim-00034,rapid,3,concept-2-item-3,concept-2,easy,3,0.575825,0.051828,True,False,31.966,9.444,1.346,1,False,1,1176.289,40.558,22.522,51.232,1,1,1.084,3,95.898,0
sim-00034,rapid,4,concept-2-item-4,concept-2,medium,4,0.596554,0.081123,True,False,32.616,8.722,0.397,1,False,1,1275.568,62.072,23.894,51.232,1,1,0.446,4,130.464,0
sim-00034,rapid,5,concept-3-item-5,concept-3,medium,5,0.613992,0.11267,True,False,37.807,14.165,0.017,1,False,1,1803.625,81.693,23.642,51.232,1,2,2.32,5,189.036,0
sim-00034,rapid,6,concept-3-item-6,concept-3,medium,6,0.628663,0.146471,True,False,45.627,13.086,1.768,1,False,1,2036.687,57.137,32.541,51.232,1,2,2.153,6,273.763,1
sim-00034,rapid,7,concept-4-item-7,concept-4,medium,7,0.641004,0.182526,False,False,52.361,13.911,2.294,1,False,1,2274.13,44.175,38.45,51.232,1,0,1.239,7,366.53,0
sim-00034,rapid,8,concept-4-item-8,concept-4,hard,8,0.555281,0.220834,True,False,64.965,19.706,1.643,1,False,1,2563.042,26.325,45.259,51.232,3,1,2.151,8,519.723,0
sim-00034,rapid,9,concept-5-item-9,concept-5,hard,9,0.579271,0.261395,False,False,71.728,28.593,2.134,1,False,2,1489.9,36.307,43.135,51.232,2,1,2.28,9,645.552,0
sim-00034,rapid,10,concept-5-item-10,concept-5,hard,10,0.503348,0.30421,False,False,75.525,26.54,1.9,1,False,1,2158.996,26.557,48.985,51.232,1,2,2.452,10,755.255,0
sim-00034,rapid,11,concept-1-item-11,concept-1,easy,1,0.439478,0.349278,False,True,29.404,9.838,3.608,1,False,2,1014.223,93.262,19.566,51.232,3,1,2.33,11,323.444,0
sim-00034,rapid,12,concept-1-item-12,concept-1,easy,2,0.385746,0.374065,False,False,38.168,15.124,3.475,2,False,1,892.621,11.697,23.045,51.232,1,1,3.185,12,458.02,0
sim-00034,rapid,13,concept-2-item-13,concept-2,easy,3,0.340545,0.401106,False,False,47.193,18.101,3.176,2,False,2,1255.037,27.378,29.092,51.232,2,2,3.257,13,613.511,0
sim-00034,rapid,14,concept-2-item-14,concept-2,medium,4,0.302519,0.4304,True,False,49.278,12.175,3.157,1,False,2,568.625,46.109,37.103,51.232,2,0,4.05,14,689.899,1
sim-00034,rapid,15,concept-3-item-15,concept-3,medium,5,0.366635,0.461948,True,False,47.666,15.542,3.808,1,False,2,553.865,14.917,32.124,51.232,2,1,3.943,15,714.985,0
sim-00034,rapid,16,concept-3-item-16,concept-3,medium,6,0.420573,0.495749,False,False,51.761,14.436,3.261,1,False,3,1335.199,28.141,37.324,51.232,3,1,4.702,16,828.175,0
sim-00035,careful,1,concept-1-item-1,concept-1,easy,1,0.298964,0.0,True,False,12.837,3.815,0.428,1,False,2,360.698,100.219,9.022,33.066,3,0,0.934,1,12.837,0
sim-00035,careful,2,concept-1-item-2,concept-1,easy,2,0.314016,0.025448,True,False,23.313,8.489,0.547,1,False,2,614.333,52.714,14.824,33.066,2,0,0.54,2,46.626,1
sim-00035,careful,3,concept-2-item-3,concept-2,easy,3,0.3275,0.053209,True,False,34.335,12.13,1.156,1,False,2,828.966,75.876,22.205,33.066,2,1,0.575,3,103.006,1
sim-00035,careful,4,concept-2-item-4,concept-2,medium,4,0.339578,0.083284,False,False,41.523,10.298,1.004,1,False,2,1114.052,65.143,31.225,33.066,2,2,1.404,4,166.092,0
sim-00035,careful,5,concept-3-item-5,concept-3,medium,5,0.303747,0.115673,False,False,39.789,14.45,0,1,False,3,1040.261,64.974,25.339,33.066,2,3,1.647,5,198.945,0
sim-00035,careful,6,concept-3-item-6,concept-3,medium,6,0.271649,0.150374,True,False,53.213,21.258,1.232,1,False,2,2103.728,68.331,31.954,33.066,3,2,1.528,6,319.275,0
sim-00035,careful,7,concept-4-item-7,concept-4,medium,7,0.289547,0.18739,False,False,49.765,16.549,1.622,1,False,3,1895.661,16.552,33.216,33.066,4,3,0.822,7,348.356,0
sim-00035,careful,8,concept-4-item-8,concept-4,hard,8,0.258928,0.226718,False,False,62.35,24.865,2.091,1,False,2,2037.527,19.934,37.485,33.066,1,0,2.52,8,498.801,0
sim-00035,careful,9,concept-5-item-9,concept-5,hard,9,0.2315,0.268361,False,False,67.536,18.207,1.241,1,False,3,1317.108,30.686,49.33,33.066,2,3,1.976,9,607.827,0
sim-00035,careful,10,concept-5-item-10,concept-5,hard,10,0.206929,0.312316,False,False,74.921,24.212,2.899,1,False,2,1065.893,23.494,50.71,33.066,2,1,3.175,10,749.214,1
sim-00035,careful,11,concept-1-item-11,concept-1,easy,1,0.184919,0.358585,False,True,30.211,11.65,3.697,1,False,3,556.479,16.025,18.562,33.066,3,2,2.842,11,332.324,1
sim-00035,careful,12,concept-1-item-12,concept-1,easy,2,0.165202,0.384033,False,True,39.471,14.406,3.501,1,False,2,487.084,21.532,25.065,33.066,2,2,2.826,12,473.649,1
sim-00035,careful,13,concept-2-item-13,concept-2,easy,3,0.14754,0.411795,False,True,38.517,12.819,3.242,1,False,3,627.775,24.091,25.698,33.066,2,1,3.439,13,500.718,1
sim-00035,careful,14,concept-2-item-14,concept-2,medium,4,0.131717,0.44187,False,False,43.837,13.575,3.112,1,False,3,717.884,36.391,30.262,33.066,3,4,3.738,14,613.725,1
sim-00035,careful,15,concept-3-item-15,concept-3,medium,5,0.117544,0.474258,False,False,57.38,17.228,3.792,1,False,3,799.723,9.899,40.151,33.066,2,2,4.202,15,860.694,1
sim-00035,careful,16,concept-3-item-16,concept-3,medium,6,0.104847,0.50896,False,False,60.359,20.465,3.892,1,False,3,519.384,14.181,39.895,33.066,3,2,4.438,16,965.75,1
sim-00036,fatigable,1,concept-1-item-1,concept-1,easy,1,0.252556,0.0,False,False,26.173,9.732,0.169,1,False,1,584.723,16.096,16.441,37.966,0,0,0.305,1,26.173,1
sim-00036,fatigable,2,concept-1-item-2,concept-1,easy,2,0.220959,0.073512,True,False,22.957,8.791,1.389,1,False,1,834.595,14.987,14.167,37.966,1,0,0.996,2,45.914,1
sim-00036,fatigable,3,concept-2-item-3,concept-2,easy,3,0.258041,0.153707,False,False,28.231,10.079,1.733,1,False,2,607.569,34.344,18.152,37.966,2,0,0.862,3,84.694,1
sim-00036,fatigable,4,concept-2-item-4,concept-2,medium,4,0.225641,0.240585,False,False,38.532,11.039,1.586,1,False,2,568.673,7.982,27.493,37.966,1,2,2.048,4,154.13,1
sim-00036,fatigable,5,concept-3-item-5,concept-3,medium,5,0.197981,0.334146,False,False,49.744,12.082,2.908,1,False,3,610.776,17.817,37.662,37.966,5,2,2.466,5,248.721,1
sim-00036,fatigable,6,concept-3-item-6,concept-3,medium,6,0.174368,0.43439,True,False,52.663,16.354,2.678,1,True,3,159.713,2.487,36.309,37.966,4,4,3.013,6,315.979,1
sim-00036,fatigable,7,concept-4-item-7,concept-4,medium,7,0.218266,0.541317,False,False,72.163,27.318,3.664,1,True,4,59.755,1.371,44.846,37.966,6,5,4.365,7,505.144,1
sim-00036,fatigable,8,concept-4-item-8,concept-4,hard,8,0.191685,0.654927,False,False,76.181,29.48,4.643,2,True,3,0,0,46.701,37.966,4,0,4.759,8,609.451,1
sim-00036,fatigable,9,concept-5-item-9,concept-5,hard,9,0.168993,0.775219,False,False,81.316,26.58,4.236,1,True,4,0,0,54.736,37.966,6,5,6.463,9,731.845,1
sim-00036,fatigable,10,concept-5-item-10,concept-5,hard,10,0.149621,0.902195,False,False,89.423,34.415,6.591,1,True,4,0,0,55.008,37.966,7,4,7.61,10,894.234,1
sim-00036,fatigable,11,concept-1-item-11,concept-1,easy,1,0.133083,1.0,True,False,51.081,19.78,6.927,1,True,4,0,0,31.301,37.966,4,4,7.076,11,561.891,1
sim-00036,fatigable,12,concept-1-item-12,concept-1,easy,2,0.183022,1.0,False,True,52.491,20.077,6.663,2,True,5,0,0,32.414,37.966,5,5,7.711,12,629.887,1
sim-00036,fatigable,13,concept-2-item-13,concept-2,easy,3,0.161597,1.0,False,False,65.855,23.946,6.177,2,True,5,0,0,41.908,37.966,5,4,7.271,13,856.109,1
sim-00036,fatigable,14,concept-2-item-14,concept-2,medium,4,0.143307,1.0,False,False,65.854,23.348,5.641,2,True,5,0,0,42.507,37.966,5,6,6.96,14,921.958,1
sim-00036,fatigable,15,concept-3-item-15,concept-3,medium,5,0.127693,1.0,False,False,71.044,17.852,5.323,1,True,5,0,0,53.192,37.966,6,6,6.811,15,1065.66,1
sim-00036,fatigable,16,concept-3-item-16,concept-3,medium,6,0.114364,1.0,False,False,68.692,23.757,6.432,2,True,4,0,0,44.935,37.966,6,2,6.501,16,1099.071,1
sim-00037,steady,1,concept-1-item-1,concept-1,easy,1,0.416466,0.0,True,False,18.824,5.462,0,1,False,1,744.865,84.165,13.363,46.363,3,1,0,1,18.824,0
sim-00037,steady,2,concept-1-item-2,concept-1,easy,2,0.450531,0.018035,True,False,24.615,7.434,0.963,1,False,1,620.143,24.54,17.181,46.363,2,0,0.088,2,49.23,0
sim-00037,steady,3,concept-2-item-3,concept-2,easy,3,0.481799,0.03771,True,False,28.595,9.207,0.014,1,False,1,1014.212,74.204,19.388,46.363,1,0,0.626,3,85.785,0
sim-00037,steady,4,concept-2-item-4,concept-2,medium,4,0.510502,0.059024,True,False,40.951,14.536,0.432,1,False,2,1376.825,30.589,26.415,46.363,4,3,0.55,4,163.804,0
sim-00037,steady,5,concept-3-item-5,concept-3,medium,5,0.536849,0.081978,True,False,44.606,11.708,0.524,1,False,1,1908.133,62.709,32.898,46.363,2,0,2.267,5,223.029,0
sim-00037,steady,6,concept-3-item-6,concept-3,medium,6,0.561034,0.106571,False,False,44.588,16.607,0.942,1,False,1,2125.476,105.477,27.981,46.363,2,1,0.832,6,267.53,0
sim-00037,steady,7,concept-4-item-7,concept-4,medium,7,0.520052,0.132804,False,False,46.168,16.567,0.882,1,False,1,855.053,57.11,29.601,46.363,2,1,1.734,7,323.177,0
sim-00037,steady,8,concept-4-item-8,concept-4,hard,8,0.482433,0.160677,False,False,61.393,17.244,1.759,1,False,1,1946.052,30.145,44.149,46.363,0,0,0.813,8,491.141,1
sim-00037,steady,9,concept-5-item-9,concept-5,hard,9,0.447901,0.190189,False,False,67.609,22.377,0.776,1,False,2,1709.657,24.403,45.232,46.363,4,2,1.957,9,608.485,0
sim-00037,steady,10,concept-5-item-10,concept-5,hard,10,0.416204,0.22134,False,False,65.976,16.603,1.084,1,False,2,1175.162,26.565,49.373,46.363,3,2,1.506,10,659.756,1
sim-00037,steady,11,concept-1-item-11,concept-1,easy,1,0.387107,0.254131,True,False,29.169,9.915,2.196,1,False,2,473.609,16.208,19.254,46.363,3,2,1.567,11,320.856,1
sim-00037,steady,12,concept-1-item-12,concept-1,easy,2,0.423581,0.272166,True,False,38.309,9.843,2.211,1,False,2,722.012,42.071,28.466,46.363,2,0,2.01,12,459.71,0
sim-00037,steady,13,concept-2-item-13,concept-2,easy,3,0.457062,0.291841,False,False,41.777,16.38,2.419,1,False,2,703.93,22.681,25.396,46.363,3,2,1.96,13,543.098,0
sim-00037,steady,14,concept-2-item-14,concept-2,medium,4,0.424612,0.313155,True,False,39.235,9.806,1.819,1,False,2,1398.382,14.966,29.43,46.363,4,3,2.733,14,549.297,0
sim-00037,steady,15,concept-3-item-15,concept-3,medium,5,0.458008,0.336109,False,False,53.73,15.407,2.262,1,False,2,762.618,21.007,38.323,46.363,3,1,2.873,15,805.948,1
sim-00037,steady,16,concept-3-item-16,concept-3,medium,6,0.425481,0.360702,False,False,57.385,14.329,2.841,1,False,2,1210.529,32.708,43.056,46.363,2,3,3.447,16,918.161,1
sim-00038,rapid,1,concept-1-item-1,concept-1,easy,1,0.351668,0.0,True,False,24.914,8.091,0.316,1,False,1,981.019,30.467,16.823,66.668,2,1,0.214,1,24.914,0
sim-00038,rapid,2,concept-1-item-2,concept-1,easy,2,0.454982,0.022224,True,False,26.044,9.963,0.226,1,False,1,752.674,34.409,16.082,66.668,1,0,0.345,2,52.089,0
sim-00038,rapid,3,concept-2-item-3,concept-2,easy,3,0.550058,0.046469,True,False,35.992,12.417,1.184,1,False,1,1272.519,74.447,23.575,66.668,2,0,0.75,3,107.976,0
sim-00038,rapid,4,concept-2-item-4,concept-2,medium,4,0.637554,0.072734,True,False,39.48,9.788,1.036,1,False,1,1371.708,77.507,29.692,66.668,1,0,1.816,4,157.922,0
sim-00038,rapid,5,concept-3-item-5,concept-3,medium,5,0.718072,0.101019,True,False,42.085,15.594,1.27,1,False,1,2302.35,67.74,26.491,66.668,2,2,1.125,5,210.425,0
sim-00038,rapid,6,concept-3-item-6,concept-3,medium,6,0.792171,0.131325,True,False,45.208,11.07,2.554,1,False,1,1727.926,39.49,34.138,66.668,1,0,1.415,6,271.248,0
sim-00038,rapid,7,concept-4-item-7,concept-4,medium,7,0.860361,0.163651,False,False,48.637,17.607,1.023,1,False,1,1328.987,76.043,31.03,66.668,2,0,1.363,7,340.459,0
sim-00038,rapid,8,concept-4-item-8,concept-4,hard,8,0.812598,0.197997,False,False,64.25,18.99,1.621,2,False,2,1647.187,47.351,45.26,66.668,3,2,1.776,8,513.999,0
sim-00038,rapid,9,concept-5-item-9,concept-5,hard,9,0.768643,0.234364,False,False,64.633,19.841,1.904,2,False,1,1416.016,63.14,44.792,66.668,1,1,2.55,9,581.698,0
sim-00038,rapid,10,concept-5-item-10,concept-5,hard,10,0.728193,0.272751,False,False,69.686,19.321,3.006,1,False,1,1771.653,12.795,50.365,66.668,1,1,2.515,10,696.86,0
sim-00038,rapid,11,concept-1-item-11,concept-1,easy,1,0.690968,0.313159,False,False,24.617,8.652,2.795,2,False,2,911.408,13.824,15.966,66.668,1,2,2.635,11,270.791,1
sim-00038,rapid,12,concept-1-item-12,concept-1,easy,2,0.656712,0.335383,True,False,30.38,9.124,2.813,1,False,2,968.272,21.559,21.255,66.668,1,2,3.487,12,364.557,0
sim-00038,rapid,13,concept-2-item-13,concept-2,easy,3,0.735703,0.359627,True,False,37.386,14.142,3.08,1,False,2,1059.839,43.34,23.244,66.668,3,0,2.348,13,486.017,1
sim-00038,rapid,14,concept-2-item-14,concept-2,medium,4,0.808395,0.385892,True,False,42.295,12.512,2.727,1,False,2,1020.764,27.061,29.783,66.668,3,1,3.254,14,592.129,1
sim-00038,rapid,15,concept-3-item-15,concept-3,medium,5,0.875292,0.414178,True,False,50.338,13.89,2.82,1,False,2,1008.09,54.55,36.449,66.668,4,1,3.06,15,755.077,1
sim-00038,rapid,16,concept-3-item-16,concept-3,medium,6,0.936854,0.444483,True,False,47.45,14.27,2.365,1,False,3,1280.844,48.16,33.18,66.668,3,3,3.629,16,759.204,0
sim-00039,careful,1,concept-1-item-1,concept-1,easy,1,0.221692,0.0,True,False,23.465,6.178,0.021,1,False,2,514.847,25.697,17.288,45.058,1,2,0.094,1,23.465,0
sim-00039,careful,2,concept-1-item-2,concept-1,easy,2,0.274785,0.039423,True,False,30.332,8.96,1.11,1,False,2,1169.836,62.554,21.372,45.058,1,2,0.469,2,60.665,1
sim-00039,careful,3,concept-2-item-3,concept-2,easy,3,0.323073,0.08243,True,False,32.399,10.527,0.597,1,False,1,1271.805,60.11,21.872,45.058,2,0,0.844,3,97.197,0
sim-00039,careful,4,concept-2-item-4,concept-2,medium,4,0.36699,0.129021,True,False,36.043,12.565,0.644,1,False,1,1270.066,68.972,23.478,45.058,2,3,1.663,4,144.174,0
sim-00039,careful,5,concept-3-item-5,concept-3,medium,5,0.406932,0.179196,False,False,40.368,14.416,2.007,1,False,1,581.078,36.835,25.953,45.058,1,0,1.701,5,201.842,1
sim-00039,careful,6,concept-3-item-6,concept-3,medium,6,0.376389,0.232955,True,False,46.324,14.478,1.696,1,False,2,1733.783,26.581,31.846,45.058,4,1,2.023,6,277.943,1
sim-00039,careful,7,concept-4-item-7,concept-4,medium,7,0.41548,0.290298,True,False,60.625,17.538,2.536,1,False,2,724.872,19.397,43.087,45.058,2,3,2.347,7,424.374,0
sim-00039,careful,8,concept-4-item-8,concept-4,hard,8,0.451033,0.351225,False,False,62.611,17.422,3.13,1,False,3,1272.949,50.223,45.189,45.058,4,3,2.862,8,500.886,0
sim-00039,careful,9,concept-5-item-9,concept-5,hard,9,0.416499,0.415735,False,False,74.273,28.805,3.38,1,False,3,1787.204,23.952,45.469,45.058,4,3,3.248,9,668.461,1
sim-00039,careful,10,concept-5-item-10,concept-5,hard,10,0.385091,0.48383,False,False,80.716,25.778,2.566,1,False,2,1257.265,15.232,54.938,45.058,2,3,4.784,10,807.161,1
sim-00039,careful,11,concept-1-item-11,concept-1,easy,1,0.356525,0.555508,True,False,39.084,13.095,4.457,1,False,3,382.618,7.811,25.989,45.058,6,2,3.888,11,429.926,0
sim-00039,careful,12,concept-1-item-12,concept-1,easy,2,0.397415,0.594932,True,False,47.24,13.655,3.692,1,True,3,0,0,33.585,45.058,5,3,4.478,12,566.879,1
sim-00039,careful,13,concept-2-item-13,concept-2,easy,3,0.434603,0.637939,False,False,53.675,13.207,3.574,1,False,3,440.349,26.219,40.468,45.058,5,3,5.826,13,697.78,1
sim-00039,careful,14,concept-2-item-14,concept-2,medium,4,0.401556,0.68453,True,False,51.479,14.712,4.56,1,True,3,56.793,3.133,36.767,45.058,2,2,5.629,14,720.712,1
sim-00039,careful,15,concept-3-item-15,concept-3,medium,5,0.438369,0.734705,True,False,62.021,18.729,5.291,1,True,3,255.31,8.296,43.292,45.058,3,4,6.867,15,930.314,1
sim-00039,careful,16,concept-3-item-16,concept-3,medium,6,0.47185,0.788463,False,False,63.095,16.817,6.213,1,True,4,0,0,46.278,45.058,5,4,6.023,16,1009.514,1
sim-00040,fatigable,1,concept-1-item-1,concept-1,easy,1,0.304928,0.0,True,False,22.268,7.1,0,1,False,2,328.065,15.714,15.168,47.135,2,2,0.848,1,22.268,1
sim-00040,fatigable,2,concept-1-item-2,concept-1,easy,2,0.315521,0.07806,False,False,26.494,8.829,1.363,1,False,2,802.279,34.698,17.665,47.135,2,0,0.597,2,52.988,0
sim-00040,fatigable,3,concept-2-item-3,concept-2,easy,3,0.268352,0.163216,False,False,41.379,11.412,1.101,1,False,2,1320.771,58.111,29.967,47.135,3,2,1.434,3,124.136,1
sim-00040,fatigable,4,concept-2-item-4,concept-2,medium,4,0.228637,0.255468,True,False,43.958,10.627,1.421,1,False,2,864.715,7.869,33.331,47.135,3,1,1.697,4,175.832,1
sim-00040,fatigable,5,concept-3-item-5,concept-3,medium,5,0.251287,0.354817,False,True,52.21,17.702,2.599,2,False,3,734.077,8.331,34.508,47.135,3,2,2.782,5,261.051,1
sim-00040,fatigable,6,concept-3-item-6,concept-3,medium,6,0.21427,0.461262,False,False,65.791,19.038,3.139,1,False,3,469.979,25.607,46.753,47.135,3,0,3.688,6,394.746,0
sim-00040,fatigable,7,concept-4-item-7,concept-4,medium,7,0.183102,0.574803,False,False,68.356,26.412,4.096,1,True,4,148.615,3.805,41.945,47.135,4,4,4.798,7,478.495,1
sim-00040,fatigable,8,concept-4-item-8,concept-4,hard,8,0.156861,0.695441,False,False,79.81,24.872,4.768,2,True,4,0,0,54.938,47.135,7,2,5.456,8,638.476,1
sim-00040,fatigable,9,concept-5-item-9,concept-5,hard,9,0.134766,0.823175,False,False,86.329,23.578,5.622,1,True,5,0,0,62.751,47.135,5,4,6.495,9,776.964,1
sim-00040,fatigable,10,concept-5-item-10,concept-5,hard,10,0.116164,0.958005,False,False,95.005,25.915,6.54,2,True,4,0,0,69.09,47.135,2,3,6.52,10,950.049,1
sim-00040,fatigable,11,concept-1-item-11,concept-1,easy,1,0.100501,1.0,False,False,53.745,20.244,6.895,1,True,4,0,0,33.502,47.135,4,3,7.553,11,591.2,1
sim-00040,fatigable,12,concept-1-item-12,concept-1,easy,2,0.087314,1.0,False,False,55.332,20.386,7.165,2,True,5,0,0,34.946,47.135,6,3,7.308,12,663.984,1
sim-00040,fatigable,13,concept-2-item-13,concept-2,easy,3,0.076211,1.0,False,True,62.545,24.078,6.739,1,True,5,0,0,38.467,47.135,5,4,7.862,13,813.082,1
sim-00040,fatigable,14,concept-2-item-14,concept-2,medium,4,0.066862,1.0,False,False,63.898,22.507,7.413,2,True,4,0,0,41.391,47.135,4,3,7.445,14,894.566,1
sim-00040,fatigable,15,concept-3-item-15,concept-3,medium,5,0.058991,1.0,False,False,80.335,23.361,7.311,1,True,4,0,0,56.973,47.135,6,3,7.962,15,1205.019,1
sim-00040,fatigable,16,concept-3-item-16,concept-3,medium,6,0.052364,1.0,False,False,74.317,24.324,7.38,1,True,5,0,0,49.993,47.135,5,5,7.519,16,1189.07,1
sim-00041,steady,1,concept-1-item-1,concept-1,easy,1,0.469391,0.0,True,False,15.358,5.169,0.628,1,False,1,772.174,89.096,10.189,46.0,0,2,0.58,1,15.358,0
sim-00041,steady,2,concept-1-item-2,concept-1,easy,2,0.493061,0.023958,False,False,29.814,9.384,1.059,1,False,1,989.926,30.725,20.431,46.0,2,0,0.871,2,59.628,0
sim-00041,steady,3,concept-2-item-3,concept-2,easy,3,0.458883,0.050094,True,False,30.611,11.776,1.423,1,False,1,995.005,32.726,18.835,46.0,4,1,1.098,3,91.833,0
sim-00041,steady,4,concept-2-item-4,concept-2,medium,4,0.483338,0.078409,True,False,28.77,8.866,0.335,1,False,1,615.089,25.084,19.903,46.0,0,0,1.075,4,115.079,0
sim-00041,steady,5,concept-3-item-5,concept-3,medium,5,0.505965,0.108901,True,False,42.038,10.965,1.673,1,False,2,1419.163,55.069,31.073,46.0,2,2,0.458,5,210.188,0
sim-00041,steady,6,concept-3-item-6,concept-3,medium,6,0.526899,0.141571,False,False,47.018,13.012,0.892,1,False,1,1220.996,54.595,34.007,46.0,0,0,0.536,6,282.109,0
sim-00041,steady,7,concept-4-item-7,concept-4,medium,7,0.490191,0.17642,True,False,55.241,15.056,2.096,1,False,2,2155.679,30.006,40.184,46.0,1,1,1.06,7,386.685,0
sim-00041,steady,8,concept-4-item-8,concept-4,hard,8,0.512305,0.213446,False,False,53.055,19.175,2.117,2,False,2,2135.335,56.874,33.88,46.0,1,0,2.224,8,424.442,1
sim-00041,steady,9,concept-5-item-9,concept-5,hard,9,0.476688,0.252651,True,False,68.643,25.619,2.272,1,False,2,1657.84,31.799,43.024,46.0,3,3,3.131,9,617.789,0
sim-00041,steady,10,concept-5-item-10,concept-5,hard,10,0.499812,0.294033,True,False,75.422,23.122,2.388,1,False,2,1750.317,50.15,52.3,46.0,2,0,2.814,10,754.217,0
sim-00041,steady,11,concept-1-item-11,concept-1,easy,1,0.521207,0.337593,False,False,28.943,9.827,2.435,2,False,2,961.043,45.987,19.116,46.0,4,1,2.522,11,318.378,1
sim-00041,steady,12,concept-1-item-12,concept-1,easy,2,0.484924,0.361552,True,False,36.414,13.955,3.151,1,False,2,976.384,25.762,22.459,46.0,3,1,3.172,12,436.966,1
sim-00041,steady,13,concept-2-item-13,concept-2,easy,3,0.507432,0.387688,True,False,43.352,14.693,3.211,1,False,2,875.913,11.177,28.659,46.0,3,2,2.607,13,563.576,1
sim-00041,steady,14,concept-2-item-14,concept-2,medium,4,0.528257,0.416002,False,False,42.482,12.866,2.889,1,False,2,899.83,25.048,29.616,46.0,3,3,4.034,14,594.747,1
sim-00041,steady,15,concept-3-item-15,concept-3,medium,5,0.491447,0.446494,False,False,51.309,18.984,2.563,2,False,2,1288.232,10.384,32.325,46.0,3,1,3.977,15,769.64,0
sim-00041,steady,16,concept-3-item-16,concept-3,medium,6,0.45739,0.479165,False,False,60.226,18.517,3.897,1,False,3,1100.548,38.995,41.709,46.0,4,3,3.979,16,963.616,1
sim-00042,rapid,1,concept-1-item-1,concept-1,easy,1,0.428614,0.0,True,False,26.493,8.181,0.331,1,False,0,610.41,60.014,18.312,57.681,0,0,1.291,1,26.493,0
sim-00042,rapid,2,concept-1-item-2,concept-1,easy,2,0.49966,0.019305,True,False,24.314,8.616,0.563,1,False,1,726.661,80.691,15.698,57.681,2,0,1.29,2,48.628,0
sim-00042,rapid,3,concept-2-item-3,concept-2,easy,3,0.561928,0.040364,True,False,39.192,14.673,0.57,1,False,1,645.425,58.541,24.519,57.681,1,0,0,3,117.577,1
sim-00042,rapid,4,concept-2-item-4,concept-2,medium,4,0.616502,0.063179,True,False,40.434,12.156,0.72,1,False,1,1401.96,72.963,28.278,57.681,2,1,0.189,4,161.736,0
sim-00042,rapid,5,concept-3-item-5,concept-3,medium,5,0.664332,0.087749,True,False,40.93,14.881,1.498,1,False,1,1166.602,24.368,26.049,57.681,3,0,1.308,5,204.649,0
sim-00042,rapid,6,concept-3-item-6,concept-3,medium,6,0.706252,0.114074,True,False,44.02,17.251,0.832,1,False,1,2202.25,38.137,26.769,57.681,1,0,0.738,6,264.119,1
sim-00042,rapid,7,concept-4-item-7,concept-4,medium,7,0.742993,0.142153,True,False,53.664,16.793,1.305,1,False,1,1651.134,63.93,36.871,57.681,1,0,0.67,7,375.648,0
sim-00042,rapid,8,concept-4-item-8,concept-4,hard,8,0.775194,0.171988,True,False,56.842,15.397,1.276,1,False,1,2042.355,30.425,41.445,57.681,2,0,1.453,8,454.734,1
sim-00042,rapid,9,concept-5-item-9,concept-5,hard,9,0.803415,0.203577,True,False,61.473,19.313,2.245,1,False,1,1605.385,23.205,42.161,57.681,2,0,1.613,9,553.261,0
sim-00042,rapid,10,concept-5-item-10,concept-5,hard,10,0.82815,0.236922,True,False,64.476,21.695,2.439,1,False,2,1348.742,37.73,42.78,57.681,1,3,1.521,10,644.756,0
sim-00042,rapid,11,concept-1-item-11,concept-1,easy,1,0.849829,0.272021,True,False,18.685,6.711,2.252,1,False,2,265.696,9.926,11.973,57.681,2,2,1.892,11,205.53,0
sim-00042,rapid,12,concept-1-item-12,concept-1,easy,2,0.868828,0.291326,True,False,28.34,7.478,1.822,1,False,2,948.831,54.347,20.862,57.681,3,2,2.873,12,340.079,0
sim-00042,rapid,13,concept-2-item-13,concept-2,easy,3,0.88548,0.312386,True,False,37.142,11.055,2.956,1,False,2,955.091,38.102,26.087,57.681,1,1,3.267,13,482.843,0
sim-00042,rapid,14,concept-2-item-14,concept-2,medium,4,0.900075,0.335201,True,False,44.205,10.66,1.716,1,False,2,537.918,35.993,33.545,57.681,3,0,2.571,14,618.871,1
sim-00042,rapid,15,concept-3-item-15,concept-3,medium,5,0.912866,0.35977,True,False,38.636,11.76,3.061,1,False,2,410.089,19.976,26.876,57.681,4,1,3.494,15,579.545,0
sim-00042,rapid,16,concept-3-item-16,concept-3,medium,6,0.924077,0.386095,True,False,49.964,14.265,3.324,1,False,2,492.306,8.032,35.699,57.681,2,2,2.949,16,799.43,1
sim-00043,careful,1,concept-1-item-1,concept-1,easy,1,0.141127,0.0,True,False,28.781,7.199,0.15,1,False,1,1166.841,66.308,21.582,29.249,1,0,0.59,1,28.781,1
sim-00043,careful,2,concept-1-item-2,concept-1,easy,2,0.175873,0.037186,True,False,27.051,9.657,0.531,1,False,2,940.436,32.348,17.394,29.249,2,2,0.751,2,54.101,0
sim-00043,careful,3,concept-2-item-3,concept-2,easy,3,0.20762,0.077753,True,False,31.837,8.528,2.043,1,False,2,1310.658,34.376,23.309,29.249,3,1,0.027,3,95.512,0
sim-00043,careful,4,concept-2-item-4,concept-2,medium,4,0.236627,0.1217,False,False,35.869,13.091,1.703,1,False,1,1313.934,38.431,22.778,29.249,2,0,1.941,4,143.475,1
sim-00043,careful,5,concept-3-item-5,concept-3,medium,5,0.215936,0.169028,True,False,37.871,13.09,1.617,1,False,1,671.608,54.505,24.782,29.249,1,1,0.992,5,189.357,1
sim-00043,careful,6,concept-3-item-6,concept-3,medium,6,0.244226,0.219736,True,False,55.592,19.338,2.368,1,False,1,1349.166,63.712,36.254,29.249,2,0,1.647,6,333.555,0
sim-00043,careful,7,concept-4-item-7,concept-4,medium,7,0.270074,0.273825,False,False,60.465,18.239,1.809,1,False,2,1830.261,29.713,42.226,29.249,3,3,2.594,7,423.252,1
sim-00043,careful,8,concept-4-item-8,concept-4,hard,8,0.246496,0.331294,False,False,64.365,21.102,2.378,1,False,2,846.735,25.178,43.262,29.249,2,1,2.568,8,514.918,1
sim-00043,careful,9,concept-5-item-9,concept-5,hard,9,0.224953,0.392144,False,False,70.409,21.229,2.809,1,False,2,2390.121,26.787,49.18,29.249,4,1,3.126,9,633.681,0
sim-00043,careful,10,concept-5-item-10,concept-5,hard,10,0.20527,0.456375,False,False,83.008,20.653,3.397,1,False,3,1477.868,27.344,62.355,29.249,5,3,2.315,10,830.085,0
sim-00043,careful,11,concept-1-item-11,concept-1,easy,1,0.187285,0.523986,True,False,37.216,12.527,4.424,1,False,3,682.193,18.943,24.688,29.249,1,1,4.368,11,409.371,1
sim-00043,careful,12,concept-1-item-12,concept-1,easy,2,0.218048,0.561172,True,False,43.98,11.458,3.74,1,False,3,353.068,20.952,32.523,29.249,3,3,5.466,12,527.764,1
sim-00043,careful,13,concept-2-item-13,concept-2,easy,3,0.246155,0.601738,False,False,52.448,15.779,5.2,1,False,3,469.769,8.476,36.669,29.249,3,4,5.428,13,681.827,1
sim-00043,careful,14,concept-2-item-14,concept-2,medium,4,0.224642,0.645686,True,False,54.99,16.152,4.316,1,False,3,373.378,17.893,38.839,29.249,2,2,5.534,14,769.864,1
sim-00043,careful,15,concept-3-item-15,concept-3,medium,5,0.25218,0.693013,False,False,67.665,23.874,5.88,1,True,4,542.17,9.466,43.791,29.249,3,3,6.226,15,1014.977,0
sim-00043,careful,16,concept-3-item-16,concept-3,medium,6,0.230147,0.743722,False,False,68.01,22.697,4.762,1,True,3,353.258,16.651,45.313,29.249,3,2,5.191,16,1088.157,1
sim-00044,fatigable,1,concept-1-item-1,concept-1,easy,1,0.402377,0.0,False,False,18.752,4.807,1.266,1,False,1,267.251,45.21,13.945,43.82,1,0,0.741,1,18.752,1
sim-00044,fatigable,2,concept-1-item-2,concept-1,easy,2,0.339875,0.053249,True,False,30.478,8.704,0.683,1,False,1,581.25,47.948,21.773,43.82,1,1,1.426,2,60.955,1
sim-00044,fatigable,3,concept-2-item-3,concept-2,easy,3,0.356438,0.111339,True,False,28.221,9.276,1.319,1,False,1,331.725,23.148,18.945,43.82,1,0,1.635,3,84.662,1
sim-00044,fatigable,4,concept-2-item-4,concept-2,medium,4,0.37015,0.17427,True,False,38.186,13.1,1.101,1,False,2,1013.842,41.04,25.085,43.82,3,0,1.116,4,152.743,1
sim-00044,fatigable,5,concept-3-item-5,concept-3,medium,5,0.381501,0.242042,True,False,48.254,15.93,1.649,1,False,2,597.88,39.161,32.324,43.82,2,1,1.73,5,241.271,1
sim-00044,fatigable,6,concept-3-item-6,concept-3,medium,6,0.390898,0.314655,True,False,51.392,20.239,2.897,1,False,2,643.018,6.267,31.153,43.82,3,1,2.688,6,308.351,1
sim-00044,fatigable,7,concept-4-item-7,concept-4,medium,7,0.398678,0.392109,False,False,63.127,15.531,3.121,1,True,3,321.533,11.866,47.596,43.82,4,4,2.796,7,441.887,1
sim-00044,fatigable,8,concept-4-item-8,concept-4,hard,8,0.336812,0.474403,False,False,67.996,24.774,3.987,1,False,3,885.668,8.29,43.222,43.82,4,3,4.845,8,543.97,1
sim-00044,fatigable,9,concept-5-item-9,concept-5,hard,9,0.285597,0.561538,False,True,79.062,26.879,4.491,1,True,2,0,0,52.183,43.82,2,0,3.973,9,711.559,1
sim-00044,fatigable,10,concept-5-item-10,concept-5,hard,10,0.243199,0.653514,False,True,91.442,34.438,4.138,1,True,3,0,0,57.004,43.82,1,3,4.856,10,914.423,1
sim-00044,fatigable,11,concept-1-item-11,concept-1,easy,1,0.2081,0.750331,True,False,39.496,14.486,5.223,1,True,3,0,0,25.01,43.82,4,4,5.71,11,434.457,1
sim-00044,fatigable,12,concept-1-item-12,concept-1,easy,2,0.247349,0.803581,False,False,52.731,12.925,5.453,1,True,3,0,0,39.806,43.82,3,3,6.058,12,632.775,1
sim-00044,fatigable,13,concept-2-item-13,concept-2,easy,3,0.211535,0.861671,False,False,50.464,13.273,5.778,1,True,4,0,0,37.192,43.82,5,2,7.824,13,656.037,1
sim-00044,fatigable,14,concept-2-item-14,concept-2,medium,4,0.181887,0.924602,False,False,69.439,26.253,5.234,2,True,4,0,0,43.186,43.82,4,6,6.697,14,972.152,1
sim-00044,fatigable,15,concept-3-item-15,concept-3,medium,5,0.157343,0.992374,False,False,66.567,24.771,7.341,2,True,5,0,0,41.797,43.82,6,7,7.621,15,998.512,1
sim-00044,fatigable,16,concept-3-item-16,concept-3,medium,6,0.137024,1.0,False,False,70.567,20.297,6.546,1,True,4,0,0,50.27,43.82,4,4,8.025,16,1129.068,1
sim-00045,steady,1,concept-1-item-1,concept-1,easy,1,0.468944,0.0,True,False,22.151,8.303,1.069,1,False,1,799.255,70.373,13.847,52.666,0,0,0,1,22.151,0
sim-00045,steady,2,concept-1-item-2,concept-1,easy,2,0.47054,0.033227,False,False,26.562,9.771,1.801,1,False,1,521.911,18.479,16.791,52.666,1,0,0.703,2,53.124,1
sim-00045,steady,3,concept-2-item-3,concept-2,easy,3,0.412768,0.069474,False,False,36.428,12.718,0.949,1,False,1,1067.519,80.964,23.711,52.666,3,1,0,3,109.285,0
sim-00045,steady,4,concept-2-item-4,concept-2,medium,4,0.362545,0.108741,False,False,32.039,9.136,1.611,1,False,1,623.746,52.258,22.903,52.666,1,1,0.815,4,128.156,0
sim-00045,steady,5,concept-3-item-5,concept-3,medium,5,0.318886,0.15103,False,False,46.658,15.114,1.233,1,False,1,893.116,23.65,31.543,52.666,1,2,2.205,5,233.289,1
sim-00045,steady,6,concept-3-item-6,concept-3,medium,6,0.280933,0.196339,True,False,63.237,25.288,3.296,1,False,2,2012.123,40.128,37.948,52.666,2,1,2.621,6,379.419,0
sim-00045,steady,7,concept-4-item-7,concept-4,medium,7,0.3071,0.244668,False,False,57.232,21.48,2.521,2,False,2,1369.102,28.786,35.752,52.666,3,5,2.292,7,400.623,1
sim-00045,steady,8,concept-4-item-8,concept-4,hard,8,0.270687,0.296018,False,False,59.718,19.092,2.637,2,False,2,1000.953,35.938,40.626,52.666,3,0,2.319,8,477.742,0
sim-00045,steady,9,concept-5-item-9,concept-5,hard,9,0.239032,0.350389,False,False,76.579,19.909,2.85,1,False,3,1508.891,24.596,56.67,52.666,4,3,3.125,9,689.215,1
sim-00045,steady,10,concept-5-item-10,concept-5,hard,10,0.211514,0.40778,False,False,77.023,20.585,3.385,2,False,3,1618.397,19.181,56.437,52.666,4,3,3.445,10,770.226,1
sim-00045,steady,11,concept-1-item-11,concept-1,easy,1,0.187593,0.468192,False,True,27.582,9.268,2.664,1,False,2,305.538,22.573,18.315,52.666,3,2,3.667,11,303.407,1
sim-00045,steady,12,concept-1-item-12,concept-1,easy,2,0.166797,0.501419,False,False,42.647,11.696,3.273,1,False,3,685.89,32.286,30.951,52.666,4,1,5.057,12,511.764,1
sim-00045,steady,13,concept-2-item-13,concept-2,easy,3,0.14872,0.537666,False,False,48.327,13.804,4.242,2,False,3,273.532,16.461,34.523,52.666,4,3,4.157,13,628.255,0
sim-00045,steady,14,concept-2-item-14,concept-2,medium,4,0.133004,0.576934,False,False,59.944,19.528,3.294,1,True,2,457.689,7.622,40.416,52.666,3,1,5.557,14,839.215,1
sim-00045,steady,15,concept-3-item-15,concept-3,medium,5,0.119343,0.619222,False,False,56.257,15.022,4.06,2,False,3,338.39,6.708,41.235,52.666,4,2,4.237,15,843.85,1
sim-00045,steady,16,concept-3-item-16,concept-3,medium,6,0.107467,0.664531,True,False,63.319,25.112,4.451,1,True,3,381.885,7.129,38.208,52.666,3,4,4.936,16,1013.111,1
sim-00046,rapid,1,concept-1-item-1,concept-1,easy,1,0.562641,0.0,True,False,21.291,6.052,0.606,1,False,1,483.316,20.78,15.239,67.274,1,1,0.615,1,21.291,0
sim-00046,rapid,2,concept-1-item-2,concept-1,easy,2,0.634269,0.020934,True,False,30.573,8.142,0.822,1,False,1,657.308,38.594,22.431,67.274,0,0,0.489,2,61.146,1
sim-00046,rapid,3,concept-2-item-3,concept-2,easy,3,0.698846,0.043772,True,False,28.136,7.658,0.446,1,False,1,636.832,32.795,20.478,67.274,1,0,0.793,3,84.409,0
sim-00046,rapid,4,concept-2-item-4,concept-2,medium,4,0.757067,0.068512,True,False,34.051,8.366,1.47,1,False,1,1215.179,68.299,25.685,67.274,2,1,1.117,4,136.206,0
sim-00046,rapid,5,concept-3-item-5,concept-3,medium,5,0.809558,0.095156,True,False,40.911,13.69,0.597,1,False,1,1152.282,44.669,27.221,67.274,3,1,1.31,5,204.557,0
sim-00046,rapid,6,concept-3-item-6,concept-3,medium,6,0.856882,0.123703,True,False,41.409,14.457,1.682,1,False,1,1234.066,77.57,26.952,67.274,1,1,1.281,6,248.457,0
sim-00046,rapid,7,concept-4-item-7,concept-4,medium,7,0.899548,0.154152,True,False,44.855,12.25,1.946,1,False,1,1431.336,16.745,32.605,67.274,1,1,2.721,7,313.984,0
sim-00046,rapid,8,concept-4-item-8,concept-4,hard,8,0.938015,0.186505,True,False,57.503,20.907,1.672,1,False,2,1439.779,63.657,36.595,67.274,1,2,1.677,8,460.024,1
sim-00046,rapid,9,concept-5-item-9,concept-5,hard,9,0.972696,0.220761,True,False,54.789,19.341,2.106,1,False,1,1108.597,24.267,35.448,67.274,2,0,2.907,9,493.099,0
sim-00046,rapid,10,concept-5-item-10,concept-5,hard,10,1.0,0.256921,False,False,68.006,23.629,2.568,1,False,2,1550.871,49.479,44.377,67.274,3,2,1.779,10,680.065,1
sim-00046,rapid,11,concept-1-item-11,concept-1,easy,1,0.921325,0.294983,True,False,27.919,10.41,1.899,1,False,2,602.12,51.788,17.509,67.274,3,2,2.753,11,307.111,0
sim-00046,rapid,12,concept-1-item-12,concept-1,easy,2,0.957648,0.315917,True,False,21.077,7.639,2.117,1,False,2,285.13,24.615,13.437,67.274,2,1,2.511,12,252.918,1
sim-00046,rapid,13,concept-2-item-13,concept-2,easy,3,0.990396,0.338755,False,False,26.886,9.803,3.253,1,False,2,436.267,28.131,17.083,67.274,1,3,3.022,13,349.515,1
sim-00046,rapid,14,concept-2-item-14,concept-2,medium,4,0.912666,0.363495,True,False,41.898,11.873,3.261,1,False,2,918.61,26.024,30.025,67.274,3,2,2.729,14,586.577,0
sim-00046,rapid,15,concept-3-item-15,concept-3,medium,5,0.949842,0.390139,True,False,41.613,14.168,2.43,1,False,2,728.962,22.038,27.445,67.274,3,1,3.275,15,624.189,0
sim-00046,rapid,16,concept-3-item-16,concept-3,medium,6,0.983358,0.418685,True,False,44.718,16.114,2.191,1,False,2,412.909,7.761,28.605,67.274,4,0,3.324,16,715.495,0
sim-00047,careful,1,concept-1-item-1,concept-1,easy,1,0.198437,0.0,True,False,21.251,6.524,0.415,1,False,2,708.544,23.399,14.727,33.435,1,2,0.947,1,21.251,0
sim-00047,careful,2,concept-1-item-2,concept-1,easy,2,0.231019,0.020783,True,False,21.509,7.784,1.527,1,False,2,498.068,74.284,13.725,33.435,2,1,0.425,2,43.018,0
sim-00047,careful,3,concept-2-item-3,concept-2,easy,3,0.2598,0.043455,True,False,34.404,9.186,0.93,1,False,2,1629.549,52.782,25.218,33.435,2,2,0.879,3,103.211,1
sim-00047,careful,4,concept-2-item-4,concept-2,medium,4,0.285222,0.068017,False,False,33.616,9.725,0.449,1,False,2,858.144,24.251,23.891,33.435,3,1,0.955,4,134.466,0
sim-00047,careful,5,concept-3-item-5,concept-3,medium,5,0.253876,0.094467,False,False,34.158,13.171,0.751,1,False,2,1480.197,40.383,20.988,33.435,1,3,1.163,5,170.791,0
sim-00047,careful,6,concept-3-item-6,concept-3,medium,6,0.226188,0.122808,False,False,49.973,12.125,0.8,1,False,2,1566.109,71.963,37.848,33.435,2,1,0.756,6,299.839,0
sim-00047,careful,7,concept-4-item-7,concept-4,medium,7,0.20173,0.153037,False,True,54.033,19.105,0.915,1,False,2,1703.857,65.51,34.929,33.435,3,3,2.014,7,378.233,0
sim-00047,careful,8,concept-4-item-8,concept-4,hard,8,0.180126,0.185156,False,False,56.09,16.311,1.741,1,False,2,2175.966,30.738,39.78,33.435,2,3,1.791,8,448.722,1
sim-00047,careful,9,concept-5-item-9,concept-5,hard,9,0.161043,0.219164,False,False,71.672,25.477,1.464,1,False,2,1593.169,34.733,46.195,33.435,1,2,2.193,9,645.047,1
sim-00047,careful,10,concept-5-item-10,concept-5,hard,10,0.144186,0.255062,False,False,72.277,24.812,1.498,1,False,2,2436.047,35.529,47.465,33.435,3,2,3.694,10,722.768,0
sim-00047,careful,11,concept-1-item-11,concept-1,easy,1,0.129297,0.292849,True,False,27.206,9.783,2.73,1,False,2,890.356,14.477,17.423,33.435,4,1,2.654,11,299.264,1
sim-00047,careful,12,concept-1-item-12,concept-1,easy,2,0.169946,0.313632,False,True,32.304,12.026,2.525,1,False,3,937.916,25.863,20.278,33.435,5,3,2.541,12,387.652,1
sim-00047,careful,13,concept-2-item-13,concept-2,easy,3,0.152051,0.336304,True,False,34.667,9.698,1.875,1,False,2,1057.388,33.854,24.969,33.435,2,4,2.632,13,450.673,1
sim-00047,careful,14,concept-2-item-14,concept-2,medium,4,0.190046,0.360866,True,False,48.602,14.91,2.904,1,False,3,652.092,39.616,33.692,33.435,2,2,3.199,14,680.428,1
sim-00047,careful,15,concept-3-item-15,concept-3,medium,5,0.223607,0.387316,False,False,55.258,19.141,2.378,1,False,2,1774.2,47.303,36.117,33.435,0,2,3.013,15,828.865,0
sim-00047,careful,16,concept-3-item-16,concept-3,medium,6,0.199451,0.415657,False,False,63.101,20.048,2.595,1,False,3,999.832,29.755,43.053,33.435,2,3,3.637,16,1009.612,1
sim-00048,fatigable,1,concept-1-item-1,concept-1,easy,1,0.470584,0.0,True,False,11.8,3.088,0.82,1,False,1,217.846,61.474,8.713,30.839,1,3,0,1,11.8,0
sim-00048,fatigable,2,concept-1-item-2,concept-1,easy,2,0.483894,0.073039,True,False,25.597,8.674,1.388,1,False,1,505.84,30.241,16.923,30.839,3,1,0.53,2,51.193,1
sim-00048,fatigable,3,concept-2-item-3,concept-2,easy,3,0.495121,0.152718,True,False,26.259,10.424,2.346,1,False,1,703.286,27.953,15.836,30.839,1,2,1.398,3,78.778,1
sim-00048,fatigable,4,concept-2-item-4,concept-2,medium,4,0.504592,0.239036,True,False,34.295,12.779,2.638,1,False,2,292.854,13.032,21.516,30.839,2,3,1.607,4,137.182,1
sim-00048,fatigable,5,concept-3-item-5,concept-3,medium,5,0.512581,0.331995,False,False,47.444,16.624,1.775,1,False,2,277.141,4.444,30.819,30.839,3,3,2.751,5,237.218,1
sim-00048,fatigable,6,concept-3-item-6,concept-3,medium,6,0.442116,0.431593,True,False,60.378,20.502,3.143,1,True,2,264.872,3.725,39.876,30.839,2,4,3.864,6,362.267,1
sim-00048,fatigable,7,concept-4-item-7,concept-4,medium,7,0.45988,0.537832,False,False,64.33,18.216,3.535,1,True,3,395.08,2.822,46.114,30.839,4,3,4.573,7,450.312,1
sim-00048,fatigable,8,concept-4-item-8,concept-4,hard,8,0.397661,0.65071,True,False,72.653,26.732,4.184,1,True,3,15.135,0.469,45.921,30.839,3,3,5.504,8,581.228,1
sim-00048,fatigable,9,concept-5-item-9,concept-5,hard,9,0.42238,0.770228,False,False,77.687,18.688,5.728,2,True,3,0,0,58.998,30.839,5,3,5.069,9,699.18,1
sim-00048,fatigable,10,concept-5-item-10,concept-5,hard,10,0.366028,0.896386,False,False,85.894,32.621,5.302,2,True,4,0,0,53.273,30.839,5,3,6.772,10,858.94,1
sim-00048,fatigable,11,concept-1-item-11,concept-1,easy,1,0.318493,1.0,False,False,48.344,15.657,6.499,2,True,4,0,0,32.687,30.839,5,3,7.303,11,531.783,1
sim-00048,fatigable,12,concept-1-item-12,concept-1,easy,2,0.278396,1.0,False,False,58.715,20.434,6.333,2,True,4,0,0,38.28,30.839,5,4,7.602,12,704.577,1
sim-00048,fatigable,13,concept-2-item-13,concept-2,easy,3,0.244572,1.0,True,False,55.573,14.127,6.487,1,True,4,0,0,41.446,30.839,6,2,6.488,13,722.454,1
sim-00048,fatigable,14,concept-2-item-14,concept-2,medium,4,0.293244,1.0,False,False,58.42,17.881,6.928,1,True,4,0,0,40.539,30.839,4,3,7.392,14,817.873,1
sim-00048,fatigable,15,concept-3-item-15,concept-3,medium,5,0.257097,1.0,False,False,63.891,22.011,7.075,2,True,4,0,0,41.88,30.839,4,4,6.71,15,958.36,1
sim-00048,fatigable,16,concept-3-item-16,concept-3,medium,6,0.226606,1.0,False,False,78.883,29.12,6.511,1,True,4,0,0,49.763,30.839,6,3,7.307,16,1262.125,1
sim-00049,steady,1,concept-1-item-1,concept-1,easy,1,0.28914,0.0,True,False,21.856,5.534,0.248,1,False,2,1061.915,100.804,16.322,52.894,2,0,0,1,21.856,0
sim-00049,steady,2,concept-1-item-2,concept-1,easy,2,0.336815,0.018275,True,False,23.168,8.229,0.073,1,False,2,687.762,22.193,14.938,52.894,3,2,0,2,46.335,0
sim-00049,steady,3,concept-2-item-3,concept-2,easy,3,0.382002,0.038211,True,False,35.72,14.202,1.009,1,False,2,1750.901,65.445,21.518,52.894,3,2,0.196,3,107.16,0
sim-00049,steady,4,concept-2-item-4,concept-2,medium,4,0.42483,0.059808,True,False,43.917,16.552,0.204,1,False,2,1416.003,39.242,27.365,52.894,4,2,1.017,4,175.668,0
sim-00049,steady,5,concept-3-item-5,concept-3,medium,5,0.465423,0.083067,True,False,38.946,15.543,0.582,1,False,2,800.669,26.728,23.403,52.894,1,1,1.403,5,194.728,1
sim-00049,steady,6,concept-3-item-6,concept-3,medium,6,0.503896,0.107987,False,False,51.242,13.253,0.856,2,False,1,2334.858,65.035,37.989,52.894,1,0,1.74,6,307.45,0
sim-00049,steady,7,concept-4-item-7,concept-4,medium,7,0.481287,0.134569,True,False,55.805,21.402,2.079,1,False,2,1796.674,18.928,34.403,52.894,2,0,2.232,7,390.634,0
sim-00049,steady,8,concept-4-item-8,concept-4,hard,8,0.518933,0.162811,True,False,54.359,18.808,2.004,1,False,2,1796.162,24.751,35.551,52.894,1,0,1.763,8,434.872,0
sim-00049,steady,9,concept-5-item-9,concept-5,hard,9,0.554613,0.192716,True,False,65.576,20.823,2.391,1,False,2,2210.431,63.0,44.753,52.894,3,0,1.165,9,590.183,0
sim-00049,steady,10,concept-5-item-10,concept-5,hard,10,0.588432,0.224281,False,True,70.088,24.036,2.498,2,False,2,1979.665,18.661,46.052,52.894,2,2,2.449,10,700.878,1
sim-00049,steady,11,concept-1-item-11,concept-1,easy,1,0.56141,0.257508,True,False,24.718,7.539,2.627,1,False,2,1035.347,34.876,17.178,52.894,1,2,2.427,11,271.894,1
sim-00049,steady,12,concept-1-item-12,concept-1,easy,2,0.594873,0.275783,True,False,26.707,9.517,1.975,1,False,2,455.518,69.57,17.19,52.894,2,2,2.674,12,320.481,0
sim-00049,steady,13,concept-2-item-13,concept-2,easy,3,0.62659,0.295719,False,False,34.286,8.931,2.006,1,False,3,449.09,60.563,25.355,52.894,2,2,2.497,13,445.721,1
sim-00049,steady,14,concept-2-item-14,concept-2,medium,4,0.597577,0.317316,False,True,40.5,11.902,2.942,1,False,2,1320.265,16.879,28.597,52.894,2,1,2.927,14,566.997,0
sim-00049,steady,15,concept-3-item-15,concept-3,medium,5,0.570077,0.340575,True,False,56.129,17.531,2.556,1,False,2,846.052,66.808,38.598,52.894,3,1,2.674,15,841.936,0
sim-00049,steady,16,concept-3-item-16,concept-3,medium,6,0.603088,0.365495,True,False,54.8,21.702,3.242,1,False,3,1121.113,32.777,33.098,52.894,5,2,3.347,16,876.803,1
sim-00050,rapid,1,concept-1-item-1,concept-1,easy,1,0.358115,0.0,True,False,17.201,4.829,0,1,False,1,393.467,58.165,12.372,47.908,1,2,1.188,1,17.201,0
sim-00050,rapid,2,concept-1-item-2,concept-1,easy,2,0.440845,0.013542,True,False,24.95,8.342,0.183,1,False,1,563.581,74.407,16.608,47.908,1,0,1.263,2,49.901,0
sim-00050,rapid,3,concept-2-item-3,concept-2,easy,3,0.516243,0.028315,True,False,26.153,7.53,0.91,1,False,1,1145.467,63.213,18.623,47.908,1,0,0.289,3,78.458,0
sim-00050,rapid,4,concept-2-item-4,concept-2,medium,4,0.584961,0.04432,True,False,39.863,14.136,0.094,1,False,1,1959.017,73.499,25.727,47.908,0,2,0.321,4,159.452,0
sim-00050,rapid,5,concept-3-item-5,concept-3,medium,5,0.647589,0.061555,True,False,34.258,12.962,0.248,1,False,1,1353.499,31.772,21.296,47.908,1,1,1.097,5,171.289,0
sim-00050,rapid,6,concept-3-item-6,concept-3,medium,6,0.704668,0.080022,False,False,49.508,19.388,1.08,2,False,1,1236.739,87.044,30.12,47.908,0,2,1.137,6,297.047,0
sim-00050,rapid,7,concept-4-item-7,concept-4,medium,7,0.658843,0.099719,True,False,50.23,12.675,1.417,1,False,1,2293.947,74.266,37.556,47.908,2,0,0.975,7,351.612,0
sim-00050,rapid,8,concept-4-item-8,concept-4,hard,8,0.714925,0.120648,True,False,54.445,14.086,1.544,1,False,1,2047.764,65.901,40.359,47.908,2,0,1.108,8,435.558,0
sim-00050,rapid,9,concept-5-item-9,concept-5,hard,9,0.766037,0.142808,True,False,58.954,18.666,1.371,1,False,1,2025.049,59.977,40.288,47.908,2,0,1.882,9,530.586,0
sim-00050,rapid,10,concept-5-item-10,concept-5,hard,10,0.812621,0.166199,True,False,70.532,25.396,1.391,1,False,1,1993.339,19.637,45.136,47.908,1,0,1.908,10,705.315,0
sim-00050,rapid,11,concept-1-item-11,concept-1,easy,1,0.855076,0.190821,True,False,22.821,7.195,1.286,1,False,2,443.187,68.357,15.625,47.908,2,2,1.202,11,251.028,0
sim-00050,rapid,12,concept-1-item-12,concept-1,easy,2,0.89377,0.204363,True,False,24.705,7.703,1.47,1,False,1,898.809,73.588,17.003,47.908,1,0,1.211,12,296.465,0
sim-00050,rapid,13,concept-2-item-13,concept-2,easy,3,0.929035,0.219136,True,False,32.752,12.85,1.512,1,False,2,512.18,39.505,19.902,47.908,4,4,2.539,13,425.782,0
sim-00050,rapid,14,concept-2-item-14,concept-2,medium,4,0.961175,0.235141,False,False,30.752,11.54,1.844,1,False,2,441.804,58.755,19.213,47.908,3,1,2.77,14,430.531,0
sim-00050,rapid,15,concept-3-item-15,concept-3,medium,5,0.892621,0.252376,True,False,39.951,10.351,1.792,1,False,1,877.841,49.096,29.6,47.908,0,1,1.637,15,599.265,0
sim-00050,rapid,16,concept-3-item-16,concept-3,medium,6,0.927988,0.270843,True,False,50.109,15.481,1.634,1,False,2,1137.756,8.844,34.629,47.908,3,0,3.222,16,801.749,0
sim-00051,careful,1,concept-1-item-1,concept-1,easy,1,0.368958,0.0,True,False,14.944,5.194,0.356,1,False,1,674.446,21.71,9.75,36.99,0,1,0.984,1,14.944,0
sim-00051,careful,2,concept-1-item-2,concept-1,easy,2,0.409996,0.029892,True,False,18.943,7.186,0.145,1,False,2,383.36,69.3,11.757,36.99,4,5,0.854,2,37.887,0
sim-00051,careful,3,concept-2-item-3,concept-2,easy,3,0.44965,0.062502,True,False,33.594,12.454,1.011,1,False,2,736.538,59.01,21.139,36.99,2,1,0.206,3,100.781,1
sim-00051,careful,4,concept-2-item-4,concept-2,medium,4,0.487967,0.09783,True,False,30.706,11.956,1.538,1,False,1,1005.024,51.077,18.75,36.99,0,2,0.844,4,122.825,1
sim-00051,careful,5,concept-3-item-5,concept-3,medium,5,0.524992,0.135875,False,False,41.338,10.323,0.812,1,False,2,986.827,48.185,31.016,36.99,1,0,1.07,5,206.692,0
sim-00051,careful,6,concept-3-item-6,concept-3,medium,6,0.508661,0.176637,True,False,49.603,15.268,1.638,1,False,2,1766.788,37.482,34.335,36.99,2,0,2.249,6,297.618,1
sim-00051,careful,7,concept-4-item-7,concept-4,medium,7,0.544988,0.220117,True,False,62.418,21.198,2.081,1,False,2,1498.855,49.741,41.22,36.99,3,1,2.829,7,436.928,0
sim-00051,careful,8,concept-4-item-8,concept-4,hard,8,0.58009,0.266314,False,True,54.599,14.556,1.965,1,False,2,1648.783,56.341,40.043,36.99,3,2,2.401,8,436.791,1
sim-00051,careful,9,concept-5-item-9,concept-5,hard,9,0.561901,0.315229,False,False,71.612,18.002,3.449,1,False,3,1801.233,18.744,53.61,36.99,5,3,2.895,9,644.508,1
sim-00051,careful,10,concept-5-item-10,concept-5,hard,10,0.544325,0.366861,False,False,71.719,26.753,2.953,1,False,2,1143.447,19.281,44.966,36.99,2,1,2.09,10,717.194,1
sim-00051,careful,11,concept-1-item-11,concept-1,easy,1,0.527341,0.421211,True,False,32.532,8.486,3.601,1,False,2,207.148,5.324,24.046,36.99,2,1,3.667,11,357.854,1
sim-00051,careful,12,concept-1-item-12,concept-1,easy,2,0.563038,0.451104,True,False,32.149,9.603,3.523,1,False,3,480.328,42.874,22.547,36.99,4,4,3.501,12,385.791,1
sim-00051,careful,13,concept-2-item-13,concept-2,easy,3,0.597532,0.483713,True,False,36.91,14.726,3.534,1,False,3,553.681,16.092,22.184,36.99,4,3,2.886,13,479.831,1
sim-00051,careful,14,concept-2-item-14,concept-2,medium,4,0.630863,0.519041,True,False,48.786,18.264,4.174,1,False,3,468.2,21.208,30.522,36.99,3,2,4.227,14,683.004,1
sim-00051,careful,15,concept-3-item-15,concept-3,medium,5,0.66307,0.557086,True,False,46.927,17.409,3.538,1,False,3,765.411,16.507,29.518,36.99,4,4,4.88,15,703.903,1
sim-00051,careful,16,concept-3-item-16,concept-3,medium,6,0.694191,0.597848,False,False,56.176,17.016,3.87,1,False,3,408.678,8.749,39.16,36.99,4,3,4.444,16,898.819,1
sim-00052,fatigable,1,concept-1-item-1,concept-1,easy,1,0.228015,0.0,True,False,12.527,3.152,1.129,1,False,1,374.787,43.282,9.375,38.73,2,0,1.127,1,12.527,0
sim-00052,fatigable,2,concept-1-item-2,concept-1,easy,2,0.249584,0.066734,True,False,35.451,11.437,0.328,1,False,2,774.597,10.981,24.014,38.73,3,2,1.742,2,70.902,0
sim-00052,fatigable,3,concept-2-item-3,concept-2,easy,3,0.26737,0.139535,True,False,35.307,13.721,1.699,1,False,2,381.62,40.05,21.586,38.73,1,1,1.865,3,105.921,0
sim-00052,fatigable,4,concept-2-item-4,concept-2,medium,4,0.282036,0.218402,False,True,39.71,13.735,2.193,1,False,3,202.922,13.577,25.975,38.73,5,2,2.55,4,158.841,1
sim-00052,fatigable,5,concept-3-item-5,concept-3,medium,5,0.235961,0.303336,False,False,50.206,18.452,2.879,1,True,3,233.499,11.833,31.754,38.73,4,2,2.89,5,251.028,0
sim-00052,fatigable,6,concept-3-item-6,concept-3,medium,6,0.197966,0.394337,False,False,53.71,16.984,2.134,2,False,3,665.153,7.423,36.726,38.73,4,3,2.991,6,322.257,1
sim-00052,fatigable,7,concept-4-item-7,concept-4,medium,7,0.166636,0.491405,False,False,65.374,16.356,3.725,1,True,3,0,0,49.018,38.73,3,3,4.977,7,457.62,1
sim-00052,fatigable,8,concept-4-item-8,concept-4,hard,8,0.1408,0.594539,True,False,75.696,27.344,4.479,1,True,4,0,0,48.351,38.73,3,4,4.276,8,605.564,1
sim-00052,fatigable,9,concept-5-item-9,concept-5,hard,9,0.177665,0.70374,False,True,79.41,26.637,3.922,2,True,4,0,0,52.774,38.73,3,3,5.804,9,714.693,1
sim-00052,fatigable,10,concept-5-item-10,concept-5,hard,10,0.149895,0.819008,False,False,87.354,26.309,5.921,1,True,4,0,0,61.045,38.73,5,5,5.826,10,873.541,1
sim-00052,fatigable,11,concept-1-item-11,concept-1,easy,1,0.126995,0.940342,False,True,47.608,17.747,7.37,2,True,5,0,0,29.861,38.73,5,5,6.397,11,523.69,1
sim-00052,fatigable,12,concept-1-item-12,concept-1,easy,2,0.108112,1.0,True,False,57.516,18.183,6.765,1,True,5,0,0,39.333,38.73,6,3,6.935,12,690.187,1
sim-00052,fatigable,13,concept-2-item-13,concept-2,easy,3,0.15071,1.0,False,True,63.617,20.174,6.634,1,True,4,0,0,43.443,38.73,4,2,7.916,13,827.016,1
sim-00052,fatigable,14,concept-2-item-14,concept-2,medium,4,0.127667,1.0,False,False,63.753,23.316,6.83,1,True,5,0,0,40.437,38.73,5,5,8.112,14,892.536,1
sim-00052,fatigable,15,concept-3-item-15,concept-3,medium,5,0.108666,1.0,False,False,67.163,18.695,6.924,1,True,5,0,0,48.468,38.73,6,4,7.563,15,1007.438,1
sim-00052,fatigable,16,concept-3-item-16,concept-3,medium,6,0.092997,1.0,False,False,77.144,23.303,6.274,1,True,4,0,0,53.841,38.73,4,4,7.031,16,1234.309,1
sim-00053,steady,1,concept-1-item-1,concept-1,easy,1,0.507862,0.0,True,False,23.127,6.418,0.43,1,False,1,881.298,37.756,16.709,41.271,0,1,1.36,1,23.127,0
sim-00053,steady,2,concept-1-item-2,concept-1,easy,2,0.543577,0.03354,True,False,19.166,6.247,0.791,1,False,2,744.958,56.278,12.919,41.271,2,3,0,2,38.333,0
sim-00053,steady,3,concept-2-item-3,concept-2,easy,3,0.577189,0.070128,False,False,28.505,8.366,0.8,1,False,2,1010.168,29.212,20.139,41.271,3,1,0.761,3,85.514,1
sim-00053,steady,4,concept-2-item-4,concept-2,medium,4,0.547596,0.109766,True,False,37.498,14.582,1.407,1,False,1,1067.062,25.287,22.915,41.271,2,0,0.818,4,149.991,0
sim-00053,steady,5,concept-3-item-5,concept-3,medium,5,0.580971,0.152453,False,False,40.477,13.903,1.336,2,False,1,863.873,38.803,26.574,41.271,1,1,1.693,5,202.387,0
sim-00053,steady,6,concept-3-item-6,concept-3,medium,6,0.551154,0.198188,True,False,45.473,11.656,1.01,1,False,2,1413.334,46.38,33.817,41.271,3,0,2.133,6,272.838,1
sim-00053,steady,7,concept-4-item-7,concept-4,medium,7,0.58432,0.246973,False,False,52.171,15.314,2.105,1,False,2,1062.16,26.903,36.857,41.271,2,3,2.468,7,365.198,0
sim-00053,steady,8,concept-4-item-8,concept-4,hard,8,0.554306,0.298807,False,False,58.365,16.905,1.93,1,False,2,1648.494,51.434,41.46,41.271,2,2,2.671,8,466.919,1
sim-00053,steady,9,concept-5-item-9,concept-5,hard,9,0.52606,0.35369,False,False,70.627,23.528,3.819,1,False,2,1453.864,38.08,47.098,41.271,2,1,3.274,9,635.641,1
sim-00053,steady,10,concept-5-item-10,concept-5,hard,10,0.499479,0.411622,False,False,77.106,27.441,2.596,1,False,3,2159.575,28.43,49.665,41.271,3,2,3.134,10,771.058,1
sim-00053,steady,11,concept-1-item-11,concept-1,easy,1,0.474463,0.472603,False,True,28.947,9.3,2.803,1,False,3,218.659,27.184,19.648,41.271,3,3,3.251,11,318.42,1
sim-00053,steady,12,concept-1-item-12,concept-1,easy,2,0.450921,0.506143,False,False,34.208,11.96,3.323,1,False,2,570.857,18.108,22.249,41.271,2,2,4.406,12,410.5,1
sim-00053,steady,13,concept-2-item-13,concept-2,easy,3,0.428766,0.542732,False,False,42.244,10.44,3.316,1,True,3,217.262,15.844,31.804,41.271,4,3,3.945,13,549.175,1
sim-00053,steady,14,concept-2-item-14,concept-2,medium,4,0.407916,0.582369,True,False,55.206,21.484,3.4,1,False,3,452.098,21.973,33.722,41.271,3,4,4.117,14,772.878,1
sim-00053,steady,15,concept-3-item-15,concept-3,medium,5,0.449519,0.625056,False,False,50.936,16.928,3.615,1,False,3,500.622,9.356,34.007,41.271,5,2,5.115,15,764.033,0
sim-00053,steady,16,concept-3-item-16,concept-3,medium,6,0.427447,0.670792,False,False,65.488,25.891,4.26,1,True,3,21.178,0.57,39.598,41.271,3,3,4.651,16,1047.813,1
sim-00054,rapid,1,concept-1-item-1,concept-1,easy,1,0.623588,0.0,True,False,21.59,7.667,0,1,False,1,685.041,25.015,13.922,50.584,1,0,1.159,1,21.59,1
sim-00054,rapid,2,concept-1-item-2,concept-1,easy,2,0.667039,0.024759,True,False,27.906,8.618,1.159,1,False,1,892.314,46.479,19.288,50.584,1,0,1.031,2,55.813,0
sim-00054,rapid,3,concept-2-item-3,concept-2,easy,3,0.705851,0.051768,True,False,25.991,10.064,1.095,1,False,1,1138.044,32.099,15.927,50.584,1,0,0.864,3,77.973,0
sim-00054,rapid,4,concept-2-item-4,concept-2,medium,4,0.740521,0.081029,True,False,42.173,11.582,1.124,1,False,1,1365.632,40.289,30.591,50.584,2,0,1.682,4,168.69,0
sim-00054,rapid,5,concept-3-item-5,concept-3,medium,5,0.771491,0.11254,True,False,38.596,12.933,2.315,1,False,1,1346.766,42.552,25.663,50.584,3,0,0.877,5,192.981,0
sim-00054,rapid,6,concept-3-item-6,concept-3,medium,6,0.799155,0.146302,True,False,51.258,20.385,1.019,1,False,1,1872.091,79.346,30.873,50.584,0,1,1.364,6,307.548,1
sim-00054,rapid,7,concept-4-item-7,concept-4,medium,7,0.823866,0.182315,False,False,50.553,19.147,1.912,2,False,1,1114.699,74.897,31.406,50.584,2,2,2.194,7,353.868,0
sim-00054,rapid,8,concept-4-item-8,concept-4,hard,8,0.751433,0.220578,False,False,55.977,16.834,1.429,2,False,2,1044.614,68.646,39.143,50.584,2,2,1.967,8,447.814,0
sim-00054,rapid,9,concept-5-item-9,concept-5,hard,9,0.686731,0.261093,True,False,66.002,23.637,1.769,1,False,2,700.671,21.099,42.365,50.584,4,2,1.987,9,594.022,0
sim-00054,rapid,10,concept-5-item-10,concept-5,hard,10,0.723442,0.303858,True,False,73.72,29.285,3.004,1,False,2,808.602,9.999,44.436,50.584,3,1,3.09,10,737.202,1
sim-00054,rapid,11,concept-1-item-11,concept-1,easy,1,0.756234,0.348874,True,False,26.738,8.348,1.892,1,False,2,427.709,46.701,18.39,50.584,2,2,3.368,11,294.115,0
sim-00054,rapid,12,concept-1-item-12,concept-1,easy,2,0.785526,0.373633,True,False,28.568,9.533,2.047,1,False,2,411.793,35.385,19.034,50.584,2,0,2.255,12,342.814,0
sim-00054,rapid,13,concept-2-item-13,concept-2,easy,3,0.811692,0.400642,True,False,35.478,11.106,2.531,1,False,2,707.898,39.017,24.372,50.584,4,2,2.926,13,461.22,1
sim-00054,rapid,14,concept-2-item-14,concept-2,medium,4,0.835065,0.429903,True,False,45.334,17.114,2.708,1,False,2,1236.684,32.972,28.22,50.584,5,2,2.94,14,634.681,0
sim-00054,rapid,15,concept-3-item-15,concept-3,medium,5,0.855943,0.461414,True,False,51.625,16.063,4.326,1,False,2,560.78,10.76,35.563,50.584,3,2,2.268,15,774.38,1
sim-00054,rapid,16,concept-3-item-16,concept-3,medium,6,0.874593,0.495176,True,False,48.846,18.511,4.304,1,False,2,622.999,46.682,30.334,50.584,3,2,3.772,16,781.53,1
sim-00055,careful,1,concept-1-item-1,concept-1,easy,1,0.336121,0.0,True,False,16.569,4.479,0.61,1,False,2,548.369,45.402,12.09,19.937,2,0,0.247,1,16.569,1
sim-00055,careful,2,concept-1-item-2,concept-1,easy,2,0.345337,0.020051,True,False,28.547,7.974,1.096,1,False,2,862.546,73.561,20.573,19.937,3,0,1.818,2,57.094,0
sim-00055,careful,3,concept-2-item-3,concept-2,easy,3,0.35357,0.041926,False,False,25.216,9.623,1.334,1,False,2,944.864,43.9,15.592,19.937,3,2,0.123,3,75.647,0
sim-00055,careful,4,concept-2-item-4,concept-2,medium,4,0.315112,0.065623,False,False,33.07,11.115,0.451,1,False,2,1339.249,86.692,21.956,19.937,2,0,1.508,4,132.281,0
sim-00055,careful,5,concept-3-item-5,concept-3,medium,5,0.280758,0.091143,True,False,39.482,9.905,0.859,1,False,2,831.062,42.324,29.577,19.937,5,4,0.959,5,197.411,1
sim-00055,careful,6,concept-3-item-6,concept-3,medium,6,0.295882,0.118486,True,False,47.617,14.352,0.51,1,False,2,1028.782,42.54,33.265,19.937,3,2,1.028,6,285.7,0
sim-00055,careful,7,concept-4-item-7,concept-4,medium,7,0.309392,0.147651,False,False,58.828,20.392,1.65,1,False,2,1273.559,25.82,38.436,19.937,2,2,2.087,7,411.797,0
sim-00055,careful,8,concept-4-item-8,concept-4,hard,8,0.275649,0.17864,False,False,55.576,17.931,2.592,1,False,2,1907.55,42.754,37.645,19.937,1,0,1.582,8,444.608,0
sim-00055,careful,9,concept-5-item-9,concept-5,hard,9,0.245506,0.211451,False,False,71.788,23.29,1.4,1,False,2,1037.942,49.276,48.498,19.937,2,2,1.908,9,646.092,0
sim-00055,careful,10,concept-5-item-10,concept-5,hard,10,0.218579,0.246085,False,False,68.041,22.847,2.712,1,False,3,861.167,35.568,45.193,19.937,4,3,2.187,10,680.408,1
sim-00055,careful,11,concept-1-item-11,concept-1,easy,1,0.194526,0.282543,True,False,29.953,7.28,2.184,1,False,2,685.227,10.334,22.674,19.937,2,3,2.461,11,329.488,0
sim-00055,careful,12,concept-1-item-12,concept-1,easy,2,0.218851,0.302594,False,False,37.208,13.954,2.902,1,False,2,669.731,28.317,23.254,19.937,1,3,2.928,12,446.491,0
sim-00055,careful,13,concept-2-item-13,concept-2,easy,3,0.194769,0.324468,False,False,33.504,11.669,2.907,1,False,3,311.217,10.443,21.835,19.937,4,3,3.023,13,435.558,0
sim-00055,careful,14,concept-2-item-14,concept-2,medium,4,0.173257,0.348165,False,True,46.472,12.926,2.475,1,False,3,483.243,30.351,33.547,19.937,4,2,2.597,14,650.61,1
sim-00055,careful,15,concept-3-item-15,concept-3,medium,5,0.15404,0.373685,False,True,51.399,12.784,2.974,1,False,2,762.506,36.909,38.615,19.937,1,0,2.615,15,770.985,1
sim-00055,careful,16,concept-3-item-16,concept-3,medium,6,0.136873,0.401028,True,False,54.768,15.921,2.835,1,False,2,585.174,35.925,38.847,19.937,2,2,2.496,16,876.281,0
sim-00056,fatigable,1,concept-1-item-1,concept-1,easy,1,0.498513,0.0,True,False,13.455,4.796,0.312,1,False,1,410.248,52.52,8.659,41.596,0,1,0.485,1,13.455,0
sim-00056,fatigable,2,concept-1-item-2,concept-1,easy,2,0.498919,0.065288,True,False,31.677,12.592,1.956,1,False,2,592.88,16.741,19.084,41.596,3,3,1.781,2,63.353,0
sim-00056,fatigable,3,concept-2-item-3,concept-2,easy,3,0.499264,0.136511,True,False,36.695,12.493,1.742,1,False,2,692.31,11.245,24.202,41.596,2,2,1.495,3,110.086,1
sim-00056,fatigable,4,concept-2-item-4,concept-2,medium,4,0.499557,0.21367,True,False,42.275,14.275,1.267,1,False,2,499.581,29.395,28.0,41.596,4,1,1.996,4,169.1,0
sim-00056,fatigable,5,concept-3-item-5,concept-3,medium,5,0.499805,0.296763,True,False,48.115,14.393,1.819,1,True,3,209.856,11.993,33.723,41.596,5,3,2.945,5,240.576,0
sim-00056,fatigable,6,concept-3-item-6,concept-3,medium,6,0.500016,0.385792,True,False,46.839,15.301,2.424,1,False,2,317.316,15.947,31.538,41.596,3,3,2.74,6,281.032,1
sim-00056,fatigable,7,concept-4-item-7,concept-4,medium,7,0.500195,0.480756,False,False,55.624,20.329,3.22,1,True,2,0,0,35.295,41.596,0,2,3.68,7,389.365,1
sim-00056,fatigable,8,concept-4-item-8,concept-4,hard,8,0.431549,0.581656,False,False,71.641,18.863,3.198,1,True,3,0,0,52.778,41.596,4,2,5.045,8,573.128,1
sim-00056,fatigable,9,concept-5-item-9,concept-5,hard,9,0.373276,0.688491,False,True,79.188,28.834,5.43,1,True,4,0,0,50.354,41.596,4,4,5.524,9,712.688,1
sim-00056,fatigable,10,concept-5-item-10,concept-5,hard,10,0.323808,0.801261,False,False,82.043,22.251,6.066,1,True,4,0,0,59.791,41.596,4,2,5.169,10,820.426,1
sim-00056,fatigable,11,concept-1-item-11,concept-1,easy,1,0.281814,0.919966,True,False,46.148,13.376,5.362,1,True,5,0,0,32.772,41.596,6,6,6.933,11,507.626,1
sim-00056,fatigable,12,concept-1-item-12,concept-1,easy,2,0.314962,0.985254,True,False,54.717,15.14,6.368,1,True,4,0,0,39.577,41.596,4,5,7.558,12,656.606,1
sim-00056,fatigable,13,concept-2-item-13,concept-2,easy,3,0.343102,1.0,True,False,57.622,22.928,6.546,1,True,5,0,0,34.694,41.596,6,5,6.378,13,749.081,1
sim-00056,fatigable,14,concept-2-item-14,concept-2,medium,4,0.366991,1.0,True,False,65.556,23.02,7.038,1,True,4,0,0,42.536,41.596,7,3,7.687,14,917.782,1
sim-00056,fatigable,15,concept-3-item-15,concept-3,medium,5,0.387269,1.0,False,False,64.447,20.874,5.729,1,True,4,0,0,43.574,41.596,5,4,6.052,15,966.712,1
sim-00056,fatigable,16,concept-3-item-16,concept-3,medium,6,0.335687,1.0,False,False,71.189,17.202,7.203,1,True,4,0,0,53.987,41.596,5,3,7.746,16,1139.017,1
sim-00057,steady,1,concept-1-item-1,concept-1,easy,1,0.388694,0.0,True,False,26.941,8.687,0.332,1,False,1,742.19,40.698,18.253,38.838,2,1,0.441,1,26.941,1
sim-00057,steady,2,concept-1-item-2,concept-1,easy,2,0.418473,0.040312,True,False,27.795,7.457,0.638,1,False,2,518.093,69.242,20.338,38.838,3,2,0.385,2,55.589,0
sim-00057,steady,3,concept-2-item-3,concept-2,easy,3,0.444455,0.084289,False,False,29.474,11.712,1.635,2,False,2,1009.084,45.96,17.762,38.838,2,1,0.733,3,88.422,1
sim-00057,steady,4,concept-2-item-4,concept-2,medium,4,0.395609,0.131931,False,True,34.789,12.279,1.15,1,False,2,903.637,14.236,22.51,38.838,2,1,1.494,4,139.156,1
sim-00057,steady,5,concept-3-item-5,concept-3,medium,5,0.352992,0.183237,True,False,44.968,12.976,1.516,1,False,2,1298.009,63.982,31.991,38.838,2,2,1.898,5,224.839,1
sim-00057,steady,6,concept-3-item-6,concept-3,medium,6,0.387325,0.238208,True,False,52.24,18.968,1.912,1,False,2,1216.485,9.087,33.272,38.838,1,2,2.383,6,313.442,0
sim-00057,steady,7,concept-4-item-7,concept-4,medium,7,0.417279,0.296844,True,False,53.243,21.101,3.059,1,False,2,614.047,18.553,32.142,38.838,4,2,3.002,7,372.7,1
sim-00057,steady,8,concept-4-item-8,concept-4,hard,8,0.443412,0.359144,False,True,62.841,18.837,2.123,1,False,2,727.511,9.437,44.005,38.838,4,1,2.489,8,502.729,1
sim-00057,steady,9,concept-5-item-9,concept-5,hard,9,0.394699,0.425109,True,False,70.824,25.4,3.037,1,False,3,431.24,18.495,45.424,38.838,3,4,4.109,9,637.412,1
sim-00057,steady,10,concept-5-item-10,concept-5,hard,10,0.423713,0.494739,False,False,78.915,28.835,3.55,1,True,3,547.4,8.362,50.08,38.838,4,1,4.098,10,789.15,1
sim-00057,steady,11,concept-1-item-11,concept-1,easy,1,0.377512,0.568034,True,False,38.147,10.247,4.431,1,False,3,387.701,5.975,27.899,38.838,3,0,4.156,11,419.612,1
sim-00057,steady,12,concept-1-item-12,concept-1,easy,2,0.408717,0.608346,True,False,38.205,11.354,4.024,1,False,3,190.308,19.926,26.851,38.838,2,3,5.202,12,458.457,1
sim-00057,steady,13,concept-2-item-13,concept-2,easy,3,0.435943,0.652323,False,False,50.027,18.232,4.267,1,True,3,131.606,3.572,31.795,38.838,4,2,5.59,13,650.347,1
sim-00057,steady,14,concept-2-item-14,concept-2,medium,4,0.388182,0.699965,False,False,54.736,20.717,4.585,2,True,3,367.541,13.821,34.02,38.838,3,1,5.495,14,766.31,0
sim-00057,steady,15,concept-3-item-15,concept-3,medium,5,0.346513,0.751271,False,False,61.05,19.174,4.489,1,True,4,0,0,41.876,38.838,5,4,4.706,15,915.753,1
sim-00057,steady,16,concept-3-item-16,concept-3,medium,6,0.310158,0.806242,False,True,70.933,17.592,5.5,2,True,4,0,0,53.34,38.838,5,3,4.772,16,1134.925,1
sim-00058,rapid,1,concept-1-item-1,concept-1,easy,1,0.561414,0.0,True,False,24.893,6.692,0.659,1,False,1,1543.169,103.772,18.201,63.043,1,0,0.37,1,24.893,0
sim-00058,rapid,2,concept-1-item-2,concept-1,easy,2,0.628512,0.009933,True,False,25.831,7.53,1.197,1,False,1,808.696,61.083,18.301,63.043,1,1,0.645,2,51.661,0
sim-00058,rapid,3,concept-2-item-3,concept-2,easy,3,0.690098,0.02077,True,False,24.426,9.013,1.366,1,False,0,1199.521,81.132,15.413,63.043,0,0,0.491,3,73.277,1
sim-00058,rapid,4,concept-2-item-4,concept-2,medium,4,0.746625,0.032509,False,True,24.38,8.214,0.106,1,False,1,711.164,34.345,16.166,63.043,1,0,0.548,4,97.519,0
sim-00058,rapid,5,concept-3-item-5,concept-3,medium,5,0.701601,0.045152,True,False,40.603,16.084,1.398,1,False,1,1127.693,17.309,24.519,63.043,2,1,0,5,203.013,0
sim-00058,rapid,6,concept-3-item-6,concept-3,medium,6,0.757184,0.058697,True,False,42.54,10.556,0.919,1,False,1,1523.426,30.209,31.985,63.043,0,0,0.741,6,255.243,0
sim-00058,rapid,7,concept-4-item-7,concept-4,medium,7,0.808201,0.073146,True,False,44.494,14.361,1.5,1,False,1,1395.086,91.299,30.133,63.043,1,1,1.184,7,311.46,0
sim-00058,rapid,8,concept-4-item-8,concept-4,hard,8,0.855028,0.088497,True,False,48.981,19.383,1.375,1,False,1,1318.4,69.861,29.597,63.043,3,2,1.652,8,391.845,0
sim-00058,rapid,9,concept-5-item-9,concept-5,hard,9,0.898008,0.104752,True,False,62.491,18.896,1.462,1,False,1,1804.673,32.477,43.595,63.043,0,0,1.181,9,562.422,1
sim-00058,rapid,10,concept-5-item-10,concept-5,hard,10,0.937458,0.121909,True,False,61.0,18.559,1.68,1,False,1,2986.189,64.266,42.441,63.043,1,0,2.088,10,609.998,0
sim-00058,rapid,11,concept-1-item-11,concept-1,easy,1,0.973668,0.13997,True,False,19.344,6.373,1.576,1,False,1,752.668,41.723,12.971,63.043,0,0,2.627,11,212.786,0
sim-00058,rapid,12,concept-1-item-12,concept-1,easy,2,1.0,0.149903,True,False,27.692,7.352,1.552,1,False,1,695.826,81.252,20.34,63.043,1,0,1.555,12,332.305,0
sim-00058,rapid,13,concept-2-item-13,concept-2,easy,3,1.0,0.16074,False,False,32.918,12.388,1.447,1,False,1,606.331,58.068,20.531,63.043,2,1,1.31,13,427.94,0
sim-00058,rapid,14,concept-2-item-14,concept-2,medium,4,0.934164,0.172479,True,False,36.416,10.11,2.584,1,False,1,1413.408,60.069,26.306,63.043,2,0,3.29,14,509.819,0
sim-00058,rapid,15,concept-3-item-15,concept-3,medium,5,0.970645,0.185122,True,False,41.512,10.344,1.648,1,False,1,1990.562,33.86,31.168,63.043,3,0,1.393,15,622.678,0
sim-00058,rapid,16,concept-3-item-16,concept-3,medium,6,1.0,0.198667,True,False,45.903,11.12,2.26,1,False,1,1374.95,20.366,34.783,63.043,3,2,1.895,16,734.441,0
sim-00059,careful,1,concept-1-item-1,concept-1,easy,1,0.488191,0.0,True,False,16.851,6.578,0.41,1,False,1,391.167,28.802,10.274,36.224,2,0,1.296,1,16.851,0
sim-00059,careful,2,concept-1-item-2,concept-1,easy,2,0.510766,0.03299,True,False,24.118,8.992,0.811,1,False,2,451.535,44.293,15.127,36.224,3,0,0.228,2,48.236,0
sim-00059,careful,3,concept-2-item-3,concept-2,easy,3,0.530779,0.068978,True,False,24.012,9.405,2.209,1,False,2,539.386,40.615,14.607,36.224,2,1,0.823,3,72.035,1
sim-00059,careful,4,concept-2-item-4,concept-2,medium,4,0.548521,0.107966,False,False,41.271,13.79,1.084,1,False,2,1257.915,18.147,27.481,36.224,4,0,1.317,4,165.082,0
sim-00059,careful,5,concept-3-item-5,concept-3,medium,5,0.493756,0.149953,True,False,51.835,19.947,2.398,1,False,3,1226.663,24.313,31.888,36.224,4,4,1.268,5,259.176,1
sim-00059,careful,6,concept-3-item-6,concept-3,medium,6,0.5157,0.194939,True,False,57.778,17.174,2.107,1,False,2,1555.175,45.199,40.604,36.224,2,2,1.065,6,346.667,1
sim-00059,careful,7,concept-4-item-7,concept-4,medium,7,0.535153,0.242924,True,False,56.018,18.271,2.057,1,False,3,1526.392,53.455,37.747,36.224,2,3,2.058,7,392.129,1
sim-00059,careful,8,concept-4-item-8,concept-4,hard,8,0.552398,0.293908,False,False,57.751,20.604,2.114,2,False,3,1101.906,23.566,37.148,36.224,2,3,2.292,8,462.011,1
sim-00059,careful,9,concept-5-item-9,concept-5,hard,9,0.497193,0.347891,False,True,61.92,20.224,2.43,2,False,3,1068.847,24.08,41.697,36.224,3,3,2.59,9,557.282,1
sim-00059,careful,10,concept-5-item-10,concept-5,hard,10,0.448254,0.404873,False,False,85.878,33.843,2.509,1,False,3,542.732,8.302,52.036,36.224,3,2,3.49,10,858.781,1
sim-00059,careful,11,concept-1-item-11,concept-1,easy,1,0.404871,0.464854,True,False,36.535,13.277,2.847,1,False,3,448.813,16.588,23.258,36.224,4,2,3.956,11,401.88,1
sim-00059,careful,12,concept-1-item-12,concept-1,easy,2,0.436904,0.497844,True,False,40.09,12.51,3.11,1,True,4,8.955,0.19,27.58,36.224,4,3,3.633,12,481.078,1
sim-00059,careful,13,concept-2-item-13,concept-2,easy,3,0.465301,0.533833,False,True,44.168,11.167,3.325,1,False,3,381.323,6.123,33.001,36.224,2,2,3.971,13,574.187,0
sim-00059,careful,14,concept-2-item-14,concept-2,medium,4,0.419983,0.57282,True,False,55.367,21.418,3.41,1,True,4,62.111,0.922,33.949,36.224,5,4,4.262,14,775.138,1
sim-00059,careful,15,concept-3-item-15,concept-3,medium,5,0.4503,0.614807,False,False,57.679,22.355,4.324,1,True,3,105.751,2.885,35.324,36.224,4,1,4.92,15,865.191,1
sim-00059,careful,16,concept-3-item-16,concept-3,medium,6,0.406685,0.659793,False,False,63.037,23.878,5.379,1,True,3,32.438,1.295,39.158,36.224,5,1,5.413,16,1008.585,1
sim-00060,fatigable,1,concept-1-item-1,concept-1,easy,1,0.392722,0.0,True,False,21.718,6.977,0.565,1,False,1,397.849,15.387,14.741,46.521,0,0,1.36,1,21.718,0
sim-00060,fatigable,2,concept-1-item-2,concept-1,easy,2,0.374535,0.066815,True,False,33.703,9.038,0.799,1,False,1,699.429,39.984,24.665,46.521,2,1,1.921,2,67.405,1
sim-00060,fatigable,3,concept-2-item-3,concept-2,easy,3,0.359994,0.139705,False,True,34.248,10.463,0.912,1,False,2,382.206,31.064,23.785,46.521,2,0,2.089,3,102.744,1
sim-00060,fatigable,4,concept-2-item-4,concept-2,medium,4,0.290967,0.218669,True,False,41.155,9.986,1.739,1,False,2,898.525,14.926,31.169,46.521,4,3,2.243,4,164.619,0
sim-00060,fatigable,5,concept-3-item-5,concept-3,medium,5,0.293177,0.303706,True,False,55.548,21.218,1.545,1,False,2,1171.485,45.081,34.33,46.521,3,0,2.027,5,277.741,0
sim-00060,fatigable,6,concept-3-item-6,concept-3,medium,6,0.294945,0.394818,False,False,51.872,20.323,2.649,1,False,2,604.818,27.405,31.549,46.521,3,0,3.937,6,311.233,0
sim-00060,fatigable,7,concept-4-item-7,concept-4,medium,7,0.238957,0.492004,False,False,53.02,18.155,4.253,1,False,3,568.247,8.214,34.864,46.521,5,3,3.982,7,371.138,1
sim-00060,fatigable,8,concept-4-item-8,concept-4,hard,8,0.194192,0.595264,True,False,67.859,25.431,4.81,1,True,3,0,0,42.428,46.521,3,4,4.478,8,542.874,1
sim-00060,fatigable,9,concept-5-item-9,concept-5,hard,9,0.2158,0.704599,False,False,80.13,20.454,5.203,1,True,3,0,0,59.677,46.521,4,2,5.774,9,721.174,1
sim-00060,fatigable,10,concept-5-item-10,concept-5,hard,10,0.175677,0.820007,False,False,81.039,29.196,5.096,2,True,4,0,0,51.843,46.521,6,4,6.306,10,810.392,1
sim-00060,fatigable,11,concept-1-item-11,concept-1,easy,1,0.143596,0.94149,False,False,47.62,14.938,7.086,1,True,4,0,0,32.683,46.521,4,3,7.473,11,523.823,1
sim-00060,fatigable,12,concept-1-item-12,concept-1,easy,2,0.117946,1.0,False,True,53.885,15.989,6.251,2,True,4,0,0,37.896,46.521,3,3,7.979,12,646.622,1
sim-00060,fatigable,13,concept-2-item-13,concept-2,easy,3,0.097437,1.0,False,True,58.144,15.061,6.847,2,True,4,0,0,43.083,46.521,5,3,7.393,13,755.869,1
sim-00060,fatigable,14,concept-2-item-14,concept-2,medium,4,0.08104,1.0,False,False,56.113,18.966,7.088,2,True,5,0,0,37.147,46.521,5,4,7.498,14,785.584,1
sim-00060,fatigable,15,concept-3-item-15,concept-3,medium,5,0.067929,1.0,False,False,70.752,25.677,7.002,1,True,4,0,0,45.075,46.521,4,1,7.573,15,1061.276,1
sim-00060,fatigable,16,concept-3-item-16,concept-3,medium,6,0.057446,1.0,False,False,69.308,21.805,6.456,1,True,4,0,0,47.503,46.521,5,2,7.669,16,1108.931,1
sim-00061,steady,1,concept-1-item-1,concept-1,easy,1,0.296634,0.0,True,False,20.652,5.196,0.074,1,False,2,562.968,71.244,15.455,58.378,3,1,0.786,1,20.652,0
sim-00061,steady,2,concept-1-item-2,concept-1,easy,2,0.316283,0.026504,True,False,24.497,7.069,0.263,1,False,1,795.196,87.182,17.429,58.378,1,0,0.114,2,48.994,0
sim-00061,steady,3,concept-2-item-3,concept-2,easy,3,0.33319,0.055417,True,False,30.212,10.114,0.647,1,False,1,950.797,58.783,20.098,58.378,0,1,1.443,3,90.636,0
sim-00061,steady,4,concept-2-item-4,concept-2,medium,4,0.347738,0.086739,False,False,38.523,10.334,0.287,2,False,1,1256.29,34.431,28.189,58.378,2,0,1.776,4,154.091,0
sim-00061,steady,5,concept-3-item-5,concept-3,medium,5,0.302483,0.120471,True,False,43.259,12.471,1.62,1,False,2,1543.651,65.83,30.787,58.378,2,2,0.394,5,216.294,0
sim-00061,steady,6,concept-3-item-6,concept-3,medium,6,0.321315,0.156612,False,False,57.01,16.124,1.719,1,False,1,868.431,17.328,40.886,58.378,3,1,1.338,6,342.058,0
sim-00061,steady,7,concept-4-item-7,concept-4,medium,7,0.279746,0.195163,False,False,58.681,22.195,1.454,2,False,1,944.457,20.541,36.486,58.378,3,0,2.028,7,410.765,0
sim-00061,steady,8,concept-4-item-8,concept-4,hard,8,0.243976,0.236123,False,False,68.473,22.874,1.468,1,False,2,1116.717,33.163,45.599,58.378,2,2,1.69,8,547.78,0
sim-00061,steady,9,concept-5-item-9,concept-5,hard,9,0.213197,0.279492,False,False,71.756,19.0,2.22,1,False,2,1442.525,43.797,52.756,58.378,2,3,2.657,9,645.806,1
sim-00061,steady,10,concept-5-item-10,concept-5,hard,10,0.186711,0.325271,False,False,70.804,18.552,2.385,1,False,3,1339.286,50.71,52.251,58.378,2,3,2.29,10,708.039,1
sim-00061,steady,11,concept-1-item-11,concept-1,easy,1,0.163921,0.373459,False,False,30.839,12.263,3.021,1,False,2,828.513,22.773,18.576,58.378,1,3,3.163,11,339.232,0
sim-00061,steady,12,concept-1-item-12,concept-1,easy,2,0.14431,0.399963,False,False,36.001,9.303,2.574,1,False,3,504.102,13.484,26.699,58.378,4,3,3.216,12,432.015,1
sim-00061,steady,13,concept-2-item-13,concept-2,easy,3,0.127435,0.428876,True,False,49.928,18.907,2.707,1,False,2,890.91,44.294,31.021,58.378,2,1,2.935,13,649.061,1
sim-00061,steady,14,concept-2-item-14,concept-2,medium,4,0.170689,0.460198,False,False,45.363,17.703,4.308,2,True,2,200.06,10.139,27.66,58.378,1,0,4.065,14,635.077,1
sim-00061,steady,15,concept-3-item-15,concept-3,medium,5,0.150134,0.49393,True,False,54.716,18.136,3.623,1,False,3,528.776,30.674,36.58,58.378,5,1,4.102,15,820.734,0
sim-00061,steady,16,concept-3-item-16,concept-3,medium,6,0.190221,0.530071,True,False,56.867,14.193,3.727,1,True,3,237.742,15.623,42.674,58.378,5,3,4.037,16,909.87,0
sim-00062,rapid,1,concept-1-item-1,concept-1,easy,1,0.440482,0.0,True,False,20.652,8.189,1.042,1,False,1,861.094,54.126,12.462,58.051,2,2,0,1,20.652,0
sim-00062,rapid,2,concept-1-item-2,concept-1,easy,2,0.511104,0.02619,True,False,18.447,5.715,0.405,1,False,1,770.004,64.754,12.732,58.051,2,0,0.852,2,36.894,1
sim-00062,rapid,3,concept-2-item-3,concept-2,easy,3,0.576445,0.054761,True,False,35.788,13.259,1.006,1,False,1,1432.499,61.815,22.53,58.051,1,1,0.591,3,107.365,1
sim-00062,rapid,4,concept-2-item-4,concept-2,medium,4,0.636898,0.085713,True,False,34.455,9.166,1.4,1,False,2,760.305,60.569,25.29,58.051,2,2,0.765,4,137.822,0
sim-00062,rapid,5,concept-3-item-5,concept-3,medium,5,0.69283,0.119046,True,False,36.283,14.402,1.426,1,False,1,1384.708,23.419,21.881,58.051,2,0,0.691,5,181.413,1
sim-00062,rapid,6,concept-3-item-6,concept-3,medium,6,0.744579,0.154759,True,False,40.525,14.223,1.463,1,False,2,822.19,21.484,26.301,58.051,1,1,1.209,6,243.149,1
sim-00062,rapid,7,concept-4-item-7,concept-4,medium,7,0.792456,0.192854,False,False,58.114,17.447,1.628,1,False,2,1907.162,67.53,40.667,58.051,2,0,1.913,7,406.799,0
sim-00062,rapid,8,concept-4-item-8,concept-4,hard,8,0.747077,0.233329,False,False,61.457,23.681,1.865,1,False,2,1356.263,33.375,37.776,58.051,1,3,1.759,8,491.656,0
sim-00062,rapid,9,concept-5-item-9,concept-5,hard,9,0.705091,0.276186,True,False,57.513,20.912,2.111,1,False,2,2042.363,55.684,36.601,58.051,4,1,2.161,9,517.621,0
sim-00062,rapid,10,concept-5-item-10,concept-5,hard,10,0.755923,0.321423,False,False,65.654,25.356,2.61,1,False,2,694.189,39.03,40.299,58.051,6,1,2.416,10,656.542,1
sim-00062,rapid,11,concept-1-item-11,concept-1,easy,1,0.713276,0.369041,True,False,32.9,12.639,3.398,1,False,2,593.579,36.998,20.261,58.051,2,2,2.613,11,361.902,1
sim-00062,rapid,12,concept-1-item-12,concept-1,easy,2,0.763495,0.395231,True,False,32.532,9.189,2.801,1,False,2,667.146,19.617,23.343,58.051,0,2,3.512,12,390.387,1
sim-00062,rapid,13,concept-2-item-13,concept-2,easy,3,0.809958,0.423802,True,False,34.161,10.039,3.055,1,False,3,407.883,46.524,24.122,58.051,4,2,3.32,13,444.089,0
sim-00062,rapid,14,concept-2-item-14,concept-2,medium,4,0.852946,0.454754,True,False,40.677,10.454,3.604,1,False,2,695.882,15.307,30.223,58.051,2,1,3.672,14,569.475,1
sim-00062,rapid,15,concept-3-item-15,concept-3,medium,5,0.892718,0.488087,True,False,52.83,13.382,3.056,1,False,3,677.953,51.735,39.448,58.051,3,2,3.276,15,792.451,0
sim-00062,rapid,16,concept-3-item-16,concept-3,medium,6,0.929516,0.5238,True,False,60.974,21.379,3.645,1,False,3,328.314,9.593,39.596,58.051,3,3,5.051,16,975.59,1
sim-00063,careful,1,concept-1-item-1,concept-1,easy,1,0.471222,0.0,True,False,21.848,7.246,0.702,1,False,1,845.866,74.164,14.602,28.804,1,1,0.032,1,21.848,0
sim-00063,careful,2,concept-1-item-2,concept-1,easy,2,0.512185,0.022568,False,True,23.88,9.107,0.642,1,False,1,922.587,71.613,14.774,28.804,2,0,1.053,2,47.761,0
sim-00063,careful,3,concept-2-item-3,concept-2,easy,3,0.491848,0.047188,True,False,24.269,8.516,1.005,1,False,2,781.78,39.076,15.753,28.804,2,2,0.672,3,72.806,0
sim-00063,careful,4,concept-2-item-4,concept-2,medium,4,0.53184,0.07386,True,False,35.452,11.328,1.535,1,False,1,783.716,91.307,24.124,28.804,1,1,0.381,4,141.809,0
sim-00063,careful,5,concept-3-item-5,concept-3,medium,5,0.569947,0.102583,True,False,36.386,9.308,1.409,1,False,2,684.509,74.071,27.078,28.804,3,1,0.558,5,181.932,1
sim-00063,careful,6,concept-3-item-6,concept-3,medium,6,0.606259,0.133358,False,True,41.376,12.919,0.53,2,False,1,1437.488,49.494,28.457,28.804,2,1,0.508,6,248.256,1
sim-00063,careful,7,concept-4-item-7,concept-4,medium,7,0.581491,0.166185,False,False,53.969,21.145,1.884,1,False,2,1453.414,29.11,32.824,28.804,2,3,1.72,7,377.781,1
sim-00063,careful,8,concept-4-item-8,concept-4,hard,8,0.55789,0.201063,False,False,54.331,19.043,1.827,1,False,2,1221.022,32.035,35.288,28.804,4,0,1.478,8,434.645,0
sim-00063,careful,9,concept-5-item-9,concept-5,hard,9,0.5354,0.237993,False,False,62.295,21.689,2.746,1,False,2,1140.96,52.116,40.606,28.804,2,2,2.748,9,560.653,1
sim-00063,careful,10,concept-5-item-10,concept-5,hard,10,0.51397,0.276974,False,False,66.674,23.289,1.659,1,False,2,1489.389,30.9,43.385,28.804,2,4,2.477,10,666.737,0
sim-00063,careful,11,concept-1-item-11,concept-1,easy,1,0.493549,0.318008,True,False,28.771,10.014,1.809,1,False,2,613.225,10.605,18.757,28.804,2,1,2.764,11,316.481,1
sim-00063,careful,12,concept-1-item-12,concept-1,easy,2,0.53346,0.340576,True,False,21.005,6.744,1.481,1,False,3,393.075,16.461,14.261,28.804,5,3,2.691,12,252.064,0
sim-00063,careful,13,concept-2-item-13,concept-2,easy,3,0.571491,0.365196,True,False,41.304,16.495,2.563,1,False,3,854.569,8.858,24.809,28.804,4,2,3.767,13,536.955,1
sim-00063,careful,14,concept-2-item-14,concept-2,medium,4,0.607731,0.391867,True,False,44.593,13.095,3.229,1,False,3,787.388,31.303,31.499,28.804,4,2,3.385,14,624.309,0
sim-00063,careful,15,concept-3-item-15,concept-3,medium,5,0.642263,0.420591,True,False,53.69,13.833,3.008,1,False,2,825.021,20.557,39.858,28.804,2,1,4.187,15,805.357,1
sim-00063,careful,16,concept-3-item-16,concept-3,medium,6,0.675169,0.451366,True,False,58.726,20.629,3.728,1,False,2,994.862,8.756,38.097,28.804,4,2,2.965,16,939.614,1
sim-00064,fatigable,1,concept-1-item-1,concept-1,easy,1,0.429047,0.0,True,False,17.403,5.541,1.247,1,False,2,621.844,26.609,11.862,34.684,1,1,0.959,1,17.403,0
sim-00064,fatigable,2,concept-1-item-2,concept-1,easy,2,0.453304,0.060861,True,False,28.596,11.096,0.823,1,False,2,1041.796,56.884,17.501,34.684,3,2,0.747,2,57.192,0
sim-00064,fatigable,3,concept-2-item-3,concept-2,easy,3,0.473984,0.127254,True,False,32.955,13.023,0.195,1,False,2,210.455,15.868,19.932,34.684,2,2,1.637,3,98.865,1
sim-00064,fatigable,4,concept-2-item-4,concept-2,medium,4,0.491616,0.19918,False,True,40.468,11.155,1.884,1,False,2,587.429,23.8,29.313,34.684,3,1,1.809,4,161.872,1
sim-00064,fatigable,5,concept-3-item-5,concept-3,medium,5,0.429016,0.276639,False,False,45.072,16.831,3.081,1,False,2,673.124,15.831,28.241,34.684,3,0,3.214,5,225.36,0
sim-00064,fatigable,6,concept-3-item-6,concept-3,medium,6,0.375645,0.359631,False,False,56.527,19.322,3.256,1,True,2,214.288,3.345,37.205,34.684,4,1,3.223,6,339.165,1
sim-00064,fatigable,7,concept-4-item-7,concept-4,medium,7,0.330142,0.448155,False,False,62.315,24.463,3.609,1,True,3,0,0,37.852,34.684,4,2,2.96,7,436.205,1
sim-00064,fatigable,8,concept-4-item-8,concept-4,hard,8,0.291348,0.542213,False,False,69.894,17.215,4.393,2,True,3,0,0,52.678,34.684,4,3,3.483,8,559.15,1
sim-00064,fatigable,9,concept-5-item-9,concept-5,hard,9,0.258273,0.641803,False,False,68.323,26.881,5.416,1,True,3,0,0,41.442,34.684,5,2,5.463,9,614.904,1
sim-00064,fatigable,10,concept-5-item-10,concept-5,hard,10,0.230074,0.746926,False,False,88.938,25.76,5.885,1,True,3,0,0,63.178,34.684,5,1,6.193,10,889.384,1
sim-00064,fatigable,11,concept-1-item-11,concept-1,easy,1,0.206032,0.857581,False,False,43.916,15.251,5.924,1,True,4,0,0,28.665,34.684,6,1,7.082,11,483.079,1
sim-00064,fatigable,12,concept-1-item-12,concept-1,easy,2,0.185535,0.918442,False,False,56.347,21.864,4.956,2,True,5,0,0,34.484,34.684,7,7,5.971,12,676.17,1
sim-00064,fatigable,13,concept-2-item-13,concept-2,easy,3,0.16806,0.984835,False,False,63.959,16.541,6.293,2,True,5,0,0,47.418,34.684,6,5,6.704,13,831.464,1
sim-00064,fatigable,14,concept-2-item-14,concept-2,medium,4,0.153161,1.0,False,False,58.011,17.21,5.886,1,True,5,0,0,40.8,34.684,6,4,7.556,14,812.15,1
sim-00064,fatigable,15,concept-3-item-15,concept-3,medium,5,0.140458,1.0,False,False,74.162,18.322,7.363,1,True,5,0,0,55.84,34.684,6,5,7.304,15,1112.43,1
sim-00064,fatigable,16,concept-3-item-16,concept-3,medium,6,0.129628,1.0,False,True,77.684,24.179,6.413,1,True,5,0,0,53.504,34.684,4,3,7.22,16,1242.937,1
sim-00065,steady,1,concept-1-item-1,concept-1,easy,1,0.333862,0.0,True,False,20.417,7.219,0,1,False,1,793.231,21.559,13.198,42.367,2,0,0,1,20.417,0
sim-00065,steady,2,concept-1-item-2,concept-1,easy,2,0.389079,0.014683,True,False,22.895,7.948,0,1,False,1,616.851,20.341,14.947,42.367,1,1,0.349,2,45.79,1
sim-00065,steady,3,concept-2-item-3,concept-2,easy,3,0.438891,0.030702,True,False,29.081,8.262,0.867,1,False,1,1084.456,32.066,20.819,42.367,2,0,0.959,3,87.242,1
sim-00065,steady,4,concept-2-item-4,concept-2,medium,4,0.483827,0.048055,False,False,37.778,11.483,1.07,1,False,2,876.509,95.271,26.295,42.367,3,0,0.649,4,151.112,0
sim-00065,steady,5,concept-3-item-5,concept-3,medium,5,0.446438,0.066743,True,False,34.141,11.475,0.762,1,False,2,1301.335,26.663,22.666,42.367,1,0,1.141,5,170.705,0
sim-00065,steady,6,concept-3-item-6,concept-3,medium,6,0.490634,0.086766,True,False,42.501,13.089,1.457,1,False,1,1259.289,57.092,29.412,42.367,2,0,0.091,6,255.009,0
sim-00065,steady,7,concept-4-item-7,concept-4,medium,7,0.530504,0.108123,False,False,55.653,21.854,1.31,1,False,1,1712.365,19.445,33.798,42.367,2,0,0.902,7,389.568,0
sim-00065,steady,8,concept-4-item-8,concept-4,hard,8,0.488546,0.130816,False,False,60.884,23.56,1.838,2,False,1,2464.891,60.825,37.324,42.367,2,0,1.852,8,487.075,0
sim-00065,steady,9,concept-5-item-9,concept-5,hard,9,0.450694,0.154843,False,False,69.56,26.545,0.584,1,False,2,1614.198,22.259,43.015,42.367,4,1,1.956,9,626.041,1
sim-00065,steady,10,concept-5-item-10,concept-5,hard,10,0.416549,0.180206,False,False,72.484,20.107,2.018,1,False,2,953.443,58.089,52.377,42.367,2,2,2.158,10,724.841,1
sim-00065,steady,11,concept-1-item-11,concept-1,easy,1,0.385746,0.206903,False,False,27.043,7.951,1.515,1,False,2,696.063,24.514,19.093,42.367,3,1,1.764,11,297.478,1
sim-00065,steady,12,concept-1-item-12,concept-1,easy,2,0.357958,0.221586,True,False,33.73,10.397,3.118,1,False,2,599.311,48.079,23.333,42.367,4,1,2.943,12,404.761,1
sim-00065,steady,13,concept-2-item-13,concept-2,easy,3,0.410817,0.237605,True,False,35.887,12.728,1.626,1,False,2,539.82,40.025,23.159,42.367,2,2,2.324,13,466.532,0
sim-00065,steady,14,concept-2-item-14,concept-2,medium,4,0.458501,0.254958,False,False,38.33,14.03,2.625,1,False,2,486.998,25.299,24.3,42.367,3,2,2.626,14,536.623,1
sim-00065,steady,15,concept-3-item-15,concept-3,medium,5,0.423591,0.273646,False,False,46.269,15.538,3.061,1,False,2,531.048,18.723,30.731,42.367,3,1,3.778,15,694.034,1
sim-00065,steady,16,concept-3-item-16,concept-3,medium,6,0.392098,0.293669,False,False,55.388,18.336,2.407,1,False,2,1083.614,13.261,37.052,42.367,2,0,3.135,16,886.211,1
sim-00066,rapid,1,concept-1-item-1,concept-1,easy,1,0.409742,0.0,True,False,22.385,6.119,0.528,1,False,1,637.298,52.001,16.266,51.961,1,0,0.12,1,22.385,1
sim-00066,rapid,2,concept-1-item-2,concept-1,easy,2,0.445508,0.028108,True,False,24.974,7.994,0.826,1,False,1,798.367,28.631,16.98,51.961,2,1,0.541,2,49.948,1
sim-00066,rapid,3,concept-2-item-3,concept-2,easy,3,0.475448,0.058772,False,False,26.83,6.607,0.112,2,False,1,704.996,41.609,20.223,51.961,1,0,1.099,3,80.49,0
sim-00066,rapid,4,concept-2-item-4,concept-2,medium,4,0.411628,0.091991,True,False,41.406,14.592,1.387,1,False,1,1219.682,73.552,26.813,51.961,2,0,1.513,4,165.622,0
sim-00066,rapid,5,concept-3-item-5,concept-3,medium,5,0.447087,0.127766,True,False,45.256,15.874,0.587,1,False,1,871.136,47.725,29.382,51.961,1,1,2.21,5,226.279,0
sim-00066,rapid,6,concept-3-item-6,concept-3,medium,6,0.47677,0.166095,False,False,45.598,14.557,1.081,2,False,1,1196.668,16.373,31.041,51.961,2,0,1.174,6,273.587,1
sim-00066,rapid,7,concept-4-item-7,concept-4,medium,7,0.412734,0.20698,False,False,54.892,16.187,2.195,2,False,1,846.806,34.279,38.704,51.961,2,1,1.466,7,384.241,0
sim-00066,rapid,8,concept-4-item-8,concept-4,hard,8,0.359129,0.250421,True,False,56.518,13.802,2.469,1,False,1,893.046,22.511,42.716,51.961,1,0,1.247,8,452.145,1
sim-00066,rapid,9,concept-5-item-9,concept-5,hard,9,0.40314,0.296417,False,True,67.759,27.016,1.204,1,False,1,944.734,49.551,40.744,51.961,0,0,2.86,9,609.834,1
sim-00066,rapid,10,concept-5-item-10,concept-5,hard,10,0.351098,0.344967,False,False,76.445,20.353,2.943,1,False,2,1330.622,10.85,56.092,51.961,4,3,2.747,10,764.449,0
sim-00066,rapid,11,concept-1-item-11,concept-1,easy,1,0.307534,0.396074,True,False,31.071,11.18,2.385,1,False,2,226.246,12.186,19.891,51.961,3,1,3.008,11,341.783,1
sim-00066,rapid,12,concept-1-item-12,concept-1,easy,2,0.359949,0.424182,True,False,33.845,8.371,2.299,1,False,2,627.42,24.648,25.474,51.961,4,2,3.06,12,406.136,1
sim-00066,rapid,13,concept-2-item-13,concept-2,easy,3,0.403826,0.454846,False,False,45.739,14.194,3.792,1,True,2,268.791,7.989,31.545,51.961,3,2,3.155,13,594.607,0
sim-00066,rapid,14,concept-2-item-14,concept-2,medium,4,0.351673,0.488065,True,False,48.316,17.44,4.184,1,False,2,331.01,23.9,30.875,51.961,2,2,3.912,14,676.419,1
sim-00066,rapid,15,concept-3-item-15,concept-3,medium,5,0.396898,0.52384,False,False,56.162,15.485,3.489,1,False,3,377.21,13.934,40.677,51.961,4,3,3.955,15,842.436,1
sim-00066,rapid,16,concept-3-item-16,concept-3,medium,6,0.345873,0.562169,True,False,61.602,20.172,3.83,1,False,2,486.601,18.433,41.43,51.961,3,1,4.93,16,985.632,1
sim-00067,careful,1,concept-1-item-1,concept-1,easy,1,0.272869,0.0,True,False,22.275,8.79,0.837,1,False,1,484.052,32.772,13.485,36.994,1,2,0,1,22.275,1
sim-00067,careful,2,concept-1-item-2,concept-1,easy,2,0.300548,0.025778,True,False,27.192,10.25,1.165,1,False,2,471.497,23.149,16.942,36.994,4,3,0.137,2,54.383,1
sim-00067,careful,3,concept-2-item-3,concept-2,easy,3,0.325575,0.0539,True,False,33.946,9.415,0.438,1,False,2,889.276,20.509,24.531,36.994,2,3,0.456,3,101.838,0
sim-00067,careful,4,concept-2-item-4,concept-2,medium,4,0.348203,0.084366,False,False,39.205,10.344,0.945,1,False,2,2009.437,28.172,28.861,36.994,2,2,0.158,4,156.82,0
sim-00067,careful,5,concept-3-item-5,concept-3,medium,5,0.316295,0.117175,True,False,52.521,19.961,1.333,1,False,2,1449.51,56.204,32.56,36.994,1,3,1.365,5,262.603,0
sim-00067,careful,6,concept-3-item-6,concept-3,medium,6,0.339813,0.152327,True,False,49.989,12.258,1.497,1,False,2,746.447,45.865,37.731,36.994,3,1,1.483,6,299.934,1
sim-00067,careful,7,concept-4-item-7,concept-4,medium,7,0.361077,0.189823,False,False,57.534,14.645,1.313,1,False,3,1041.442,28.059,42.888,36.994,4,3,2.402,7,402.736,1
sim-00067,careful,8,concept-4-item-8,concept-4,hard,8,0.327936,0.229662,False,False,61.28,16.023,2.179,1,False,3,1274.553,21.744,45.257,36.994,5,2,1.917,8,490.243,1
sim-00067,careful,9,concept-5-item-9,concept-5,hard,9,0.29797,0.271845,False,False,68.011,24.93,2.437,1,False,2,1765.589,28.989,43.081,36.994,3,0,2.978,9,612.098,1
sim-00067,careful,10,concept-5-item-10,concept-5,hard,10,0.270875,0.316371,False,False,76.689,27.207,3.387,1,False,3,1362.152,30.867,49.482,36.994,4,2,2.867,10,766.887,1
sim-00067,careful,11,concept-1-item-11,concept-1,easy,1,0.246376,0.363241,False,False,30.715,11.227,2.125,2,False,3,388.622,16.302,19.488,36.994,4,2,2.446,11,337.865,0
sim-00067,careful,12,concept-1-item-12,concept-1,easy,2,0.224225,0.38902,True,False,32.364,10.615,3.264,1,False,3,710.618,35.859,21.749,36.994,3,2,2.456,12,388.369,0
sim-00067,careful,13,concept-2-item-13,concept-2,easy,3,0.256565,0.417141,False,False,40.297,13.853,3.377,1,False,3,770.596,31.493,26.444,36.994,4,3,2.795,13,523.862,1
sim-00067,careful,14,concept-2-item-14,concept-2,medium,4,0.233437,0.447607,True,False,46.442,17.29,3.749,1,False,3,890.452,18.549,29.153,36.994,2,2,3.976,14,650.191,1
sim-00067,careful,15,concept-3-item-15,concept-3,medium,5,0.264894,0.480416,True,False,54.965,17.179,3.985,1,False,3,689.05,17.204,37.786,36.994,4,2,4.009,15,824.48,1
sim-00067,careful,16,concept-3-item-16,concept-3,medium,6,0.293337,0.515568,False,False,63.997,18.185,3.872,1,False,3,715.569,13.943,45.812,36.994,2,2,4.544,16,1023.947,1
sim-00068,fatigable,1,concept-1-item-1,concept-1,easy,1,0.442627,0.0,True,False,14.526,4.367,1.153,1,False,1,226.522,35.684,10.159,27.078,1,0,0.456,1,14.526,1
sim-00068,fatigable,2,concept-1-item-2,concept-1,easy,2,0.433656,0.060168,True,False,25.055,9.651,0.195,1,False,1,503.889,42.388,15.404,27.078,1,1,1.234,2,50.111,0
sim-00068,fatigable,3,concept-2-item-3,concept-2,easy,3,0.426029,0.125805,False,False,29.807,7.909,0.612,1,False,2,596.547,20.148,21.898,27.078,3,1,1.373,3,89.422,0
sim-00068,fatigable,4,concept-2-item-4,concept-2,medium,4,0.364516,0.196912,True,False,39.04,11.597,1.138,1,False,2,590.712,46.766,27.443,27.078,0,2,2.025,4,156.16,1
sim-00068,fatigable,5,concept-3-item-5,concept-3,medium,5,0.367253,0.273489,True,False,44.028,14.23,2.316,1,False,3,544.069,12.046,29.798,27.078,3,2,2.141,5,220.14,1
sim-00068,fatigable,6,concept-3-item-6,concept-3,medium,6,0.369579,0.355535,False,False,52.754,13.951,1.832,2,False,2,536.338,19.565,38.802,27.078,1,1,3.478,6,316.522,1
sim-00068,fatigable,7,concept-4-item-7,concept-4,medium,7,0.316527,0.443052,False,False,67.126,17.044,3.29,2,True,2,435.955,10.222,50.083,27.078,2,1,3.901,7,469.885,1
sim-00068,fatigable,8,concept-4-item-8,concept-4,hard,8,0.271427,0.536038,False,False,65.025,22.052,4.505,1,True,3,0,0,42.973,27.078,5,3,4.314,8,520.2,1
sim-00068,fatigable,9,concept-5-item-9,concept-5,hard,9,0.233087,0.634494,False,False,77.474,29.341,4.894,1,True,3,0,0,48.133,27.078,2,2,5.216,9,697.269,1
sim-00068,fatigable,10,concept-5-item-10,concept-5,hard,10,0.200493,0.73842,False,False,81.411,23.944,4.77,1,True,4,0,0,57.467,27.078,4,3,6.084,10,814.11,1
sim-00068,fatigable,11,concept-1-item-11,concept-1,easy,1,0.172785,0.847815,True,False,48.725,14.649,4.976,1,True,4,0,0,34.076,27.078,5,4,6.745,11,535.974,1
sim-00068,fatigable,12,concept-1-item-12,concept-1,easy,2,0.20426,0.907983,False,False,49.701,13.885,5.892,2,True,4,0,0,35.816,27.078,5,2,6.19,12,596.407,1
sim-00068,fatigable,13,concept-2-item-13,concept-2,easy,3,0.175987,0.97362,False,False,62.023,17.411,6.478,2,True,5,0,0,44.611,27.078,6,5,8.006,13,806.294,1
sim-00068,fatigable,14,concept-2-item-14,concept-2,medium,4,0.151952,1.0,False,False,68.775,19.678,6.434,2,True,4,0,0,49.097,27.078,3,4,7.313,14,962.85,1
sim-00068,fatigable,15,concept-3-item-15,concept-3,medium,5,0.13152,1.0,False,False,69.497,24.171,6.814,1,True,4,0,0,45.326,27.078,4,4,7.608,15,1042.461,1
sim-00068,fatigable,16,concept-3-item-16,concept-3,medium,6,0.11415,1.0,False,True,68.224,21.793,6.631,2,True,5,0,0,46.431,27.078,6,4,7.886,16,1091.586,1
sim-00069,steady,1,concept-1-item-1,concept-1,easy,1,0.215942,0.0,True,False,21.011,6.729,0.536,1,False,1,427.718,62.548,14.282,45.064,2,2,0.974,1,21.011,0
sim-00069,steady,2,concept-1-item-2,concept-1,easy,2,0.287468,0.025192,True,False,27.14,8.141,1.385,1,False,1,1225.184,78.677,18.999,45.064,1,1,0.142,2,54.281,1
sim-00069,steady,3,concept-2-item-3,concept-2,easy,3,0.353726,0.052674,True,False,31.634,8.644,1.034,1,False,1,1214.112,46.997,22.99,45.064,1,0,0.74,3,94.903,0
sim-00069,steady,4,concept-2-item-4,concept-2,medium,4,0.415104,0.082446,True,False,39.699,14.476,0.724,1,False,1,1699.035,82.285,25.224,45.064,3,1,1.415,4,158.798,1
sim-00069,steady,5,concept-3-item-5,concept-3,medium,5,0.471962,0.114508,False,False,40.958,12.97,0.765,1,False,2,1459.243,29.283,27.988,45.064,3,1,1.566,5,204.791,0
sim-00069,steady,6,concept-3-item-6,concept-3,medium,6,0.44706,0.148861,False,False,56.061,20.461,1.957,1,False,1,1464.127,49.342,35.601,45.064,1,0,1.475,6,336.369,1
sim-00069,steady,7,concept-4-item-7,concept-4,medium,7,0.423993,0.185504,False,False,51.246,16.425,2.155,1,False,1,1919.211,15.766,34.821,45.064,1,1,0.777,7,358.725,1
sim-00069,steady,8,concept-4-item-8,concept-4,hard,8,0.402624,0.224436,False,False,61.672,17.819,1.679,1,False,2,2065.777,52.902,43.853,45.064,1,3,1.993,8,493.377,0
sim-00069,steady,9,concept-5-item-9,concept-5,hard,9,0.382829,0.265659,False,False,61.487,22.753,1.614,1,False,2,1750.047,52.928,38.734,45.064,2,1,2.102,9,553.384,0
sim-00069,steady,10,concept-5-item-10,concept-5,hard,10,0.364492,0.309173,False,False,74.082,26.533,1.725,1,False,2,1808.458,43.596,47.549,45.064,2,2,2.345,10,740.817,1
sim-00069,steady,11,concept-1-item-11,concept-1,easy,1,0.347505,0.354976,True,False,25.008,8.818,2.174,1,False,3,332.725,18.669,16.19,45.064,3,3,3.227,11,275.091,0
sim-00069,steady,12,concept-1-item-12,concept-1,easy,2,0.409341,0.380168,True,False,34.57,12.956,2.802,1,False,3,527.313,57.523,21.614,45.064,3,3,3.159,12,414.845,0
sim-00069,steady,13,concept-2-item-13,concept-2,easy,3,0.466624,0.40765,True,False,44.702,11.549,4.063,1,False,2,403.557,15.898,33.153,45.064,2,2,3.053,13,581.132,1
sim-00069,steady,14,concept-2-item-14,concept-2,medium,4,0.519687,0.437422,False,True,48.741,12.711,3.049,1,False,2,649.408,30.849,36.03,45.064,2,3,3.665,14,682.375,0
sim-00069,steady,15,concept-3-item-15,concept-3,medium,5,0.491271,0.469484,False,False,50.881,14.458,3.274,2,False,2,650.61,35.604,36.423,45.064,3,1,3.268,15,763.214,1
sim-00069,steady,16,concept-3-item-16,concept-3,medium,6,0.464947,0.503837,True,False,55.934,15.25,3.923,1,False,3,768.262,30.809,40.684,45.064,3,3,3.975,16,894.949,1
sim-00070,rapid,1,concept-1-item-1,concept-1,easy,1,0.722947,0.0,True,False,24.979,7.886,0.101,1,False,1,1231.696,71.01,17.094,47.378,0,2,0.583,1,24.979,0
sim-00070,rapid,2,concept-1-item-2,concept-1,easy,2,0.76244,0.032183,True,False,18.206,6.869,1.272,1,False,1,688.545,15.717,11.337,47.378,3,1,0,2,36.412,0
sim-00070,rapid,3,concept-2-item-3,concept-2,easy,3,0.79791,0.067292,True,False,30.181,7.581,0.266,1,False,1,743.405,86.95,22.6,47.378,0,0,0.639,3,90.543,0
sim-00070,rapid,4,concept-2-item-4,concept-2,medium,4,0.829766,0.105327,True,False,32.201,9.741,1.75,1,False,1,1240.453,54.295,22.459,47.378,4,1,0.513,4,128.802,0
sim-00070,rapid,5,concept-3-item-5,concept-3,medium,5,0.858376,0.146288,True,False,38.652,10.234,2.185,1,False,1,1302.805,77.692,28.417,47.378,1,1,1.184,5,193.258,1
sim-00070,rapid,6,concept-3-item-6,concept-3,medium,6,0.884071,0.190174,True,False,47.185,14.48,1.326,1,False,1,1303.518,28.492,32.705,47.378,1,0,1.754,6,283.108,0
sim-00070,rapid,7,concept-4-item-7,concept-4,medium,7,0.907149,0.236987,True,False,52.136,18.921,2.844,1,False,2,829.484,52.93,33.215,47.378,3,0,2.003,7,364.954,1
sim-00070,rapid,8,concept-4-item-8,concept-4,hard,8,0.927874,0.286725,False,False,54.174,21.022,2.528,1,False,1,1241.589,69.084,33.152,47.378,1,0,2.112,8,433.392,0
sim-00070,rapid,9,concept-5-item-9,concept-5,hard,9,0.849624,0.339388,False,False,66.503,21.581,2.607,2,False,2,1614.809,38.836,44.922,47.378,0,1,2.692,9,598.525,0
sim-00070,rapid,10,concept-5-item-10,concept-5,hard,10,0.779346,0.394978,False,False,70.418,21.143,3.164,1,False,2,1675.735,36.924,49.275,47.378,2,1,2.967,10,704.18,0
sim-00070,rapid,11,concept-1-item-11,concept-1,easy,1,0.716229,0.453493,True,False,29.625,9.878,3.266,1,False,2,741.167,19.766,19.748,47.378,3,1,4.209,11,325.879,0
sim-00070,rapid,12,concept-1-item-12,concept-1,easy,2,0.756407,0.485676,True,False,35.069,12.625,3.215,1,False,2,969.3,30.488,22.444,47.378,3,1,4.109,12,420.828,1
sim-00070,rapid,13,concept-2-item-13,concept-2,easy,3,0.792491,0.520785,False,False,45.43,10.988,3.586,2,False,2,589.579,18.22,34.442,47.378,4,3,4.193,13,590.589,0
sim-00070,rapid,14,concept-2-item-14,concept-2,medium,4,0.728035,0.55882,True,False,51.054,18.27,3.547,1,False,3,448.257,21.893,32.784,47.378,5,0,4.715,14,714.75,0
sim-00070,rapid,15,concept-3-item-15,concept-3,medium,5,0.76701,0.599781,True,False,54.199,19.586,4.203,1,False,3,1086.985,10.616,34.613,47.378,5,5,4.898,15,812.989,1
sim-00070,rapid,16,concept-3-item-16,concept-3,medium,6,0.802014,0.643667,True,False,66.759,25.044,4.909,1,False,3,861.547,10.934,41.715,47.378,3,1,5.265,16,1068.147,1
sim-00071,careful,1,concept-1-item-1,concept-1,easy,1,0.299747,0.0,False,False,20.888,7.309,0,1,False,2,406.1,52.676,13.579,46.053,4,2,0.383,1,20.888,1
sim-00071,careful,2,concept-1-item-2,concept-1,easy,2,0.267801,0.023414,True,False,29.492,9.785,1.103,1,False,2,1071.945,21.571,19.707,46.053,3,2,0.358,2,58.984,1
sim-00071,careful,3,concept-2-item-3,concept-2,easy,3,0.286408,0.048956,True,False,37.915,9.664,1.02,1,False,1,1417.82,26.936,28.251,46.053,2,1,1.087,3,113.744,1
sim-00071,careful,4,concept-2-item-4,concept-2,medium,4,0.303048,0.076627,True,False,35.476,9.286,0.445,1,False,2,620.312,32.732,26.19,46.053,3,4,1.144,4,141.903,1
sim-00071,careful,5,concept-3-item-5,concept-3,medium,5,0.31793,0.106426,True,False,53.341,18.857,1.081,1,False,2,896.43,50.254,34.484,46.053,4,1,0.922,5,266.704,0
sim-00071,careful,6,concept-3-item-6,concept-3,medium,6,0.33124,0.138354,False,False,50.987,19.536,0.658,1,False,2,1801.942,50.311,31.451,46.053,3,1,2.482,6,305.924,1
sim-00071,careful,7,concept-4-item-7,concept-4,medium,7,0.295967,0.17241,False,True,57.676,14.135,1.13,1,False,3,831.802,39.912,43.541,46.053,4,1,1.54,7,403.732,1
sim-00071,careful,8,concept-4-item-8,concept-4,hard,8,0.264421,0.208595,False,False,69.03,20.063,1.71,1,False,2,2553.733,35.843,48.967,46.053,2,0,1.929,8,552.244,1
sim-00071,careful,9,concept-5-item-9,concept-5,hard,9,0.236208,0.246908,False,False,70.523,24.471,2.402,1,False,2,1445.695,36.881,46.052,46.053,4,1,2.183,9,634.707,0
sim-00071,careful,10,concept-5-item-10,concept-5,hard,10,0.210976,0.28735,False,False,70.814,20.386,2.159,1,False,2,2082.796,11.627,50.428,46.053,2,1,2.719,10,708.138,1
sim-00071,careful,11,concept-1-item-11,concept-1,easy,1,0.18841,0.32992,False,False,26.261,8.924,3.125,1,False,3,478.41,41.207,17.337,46.053,2,3,2.671,11,288.871,1
sim-00071,careful,12,concept-1-item-12,concept-1,easy,2,0.168229,0.353334,True,False,36.338,12.219,2.232,1,False,3,483.127,31.961,24.118,46.053,2,2,3.357,12,436.053,0
sim-00071,careful,13,concept-2-item-13,concept-2,easy,3,0.197355,0.378876,False,False,36.038,11.158,4.146,1,False,2,406.657,24.631,24.88,46.053,3,0,3.167,13,468.49,1
sim-00071,careful,14,concept-2-item-14,concept-2,medium,4,0.176229,0.406547,False,False,45.981,14.997,3.449,2,False,2,665.249,12.781,30.983,46.053,3,2,3.052,14,643.729,1
sim-00071,careful,15,concept-3-item-15,concept-3,medium,5,0.157334,0.436346,False,False,58.71,14.281,3.476,1,False,3,985.813,17.412,44.429,46.053,2,1,3.145,15,880.646,1
sim-00071,careful,16,concept-3-item-16,concept-3,medium,6,0.140436,0.468274,True,False,62.991,24.966,2.482,1,False,3,935.606,11.263,38.025,46.053,5,3,3.378,16,1007.853,0
sim-00072,fatigable,1,concept-1-item-1,concept-1,easy,1,0.250334,0.0,True,False,20.186,6.235,1.189,1,False,1,404.588,55.863,13.951,44.503,1,0,0.43,1,20.186,0
sim-00072,fatigable,2,concept-1-item-2,concept-1,easy,2,0.270466,0.07369,True,False,21.351,5.599,1.637,1,False,1,323.045,51.787,15.752,44.503,2,2,1.342,2,42.702,1
sim-00072,fatigable,3,concept-2-item-3,concept-2,easy,3,0.286781,0.154079,True,False,31.033,9.04,1.196,1,False,2,404.083,42.093,21.993,44.503,1,1,0.732,3,93.1,1
sim-00072,fatigable,4,concept-2-item-4,concept-2,medium,4,0.300004,0.241168,False,False,40.791,15.821,1.763,2,False,3,650.913,25.758,24.971,44.503,3,3,1.965,4,163.165,0
sim-00072,fatigable,5,concept-3-item-5,concept-3,medium,5,0.248029,0.334955,True,False,55.136,14.61,2.159,1,False,3,449.754,12.61,40.526,44.503,4,2,3.355,5,275.678,1
sim-00072,fatigable,6,concept-3-item-6,concept-3,medium,6,0.268598,0.435442,False,True,57.359,20.69,2.977,1,True,3,0,0,36.669,44.503,3,1,3.701,6,344.154,1
sim-00072,fatigable,7,concept-4-item-7,concept-4,medium,7,0.222577,0.542627,False,False,59.981,14.445,3.402,1,True,3,0,0,45.535,44.503,3,3,3.914,7,419.864,1
sim-00072,fatigable,8,concept-4-item-8,concept-4,hard,8,0.18528,0.656512,False,False,69.295,26.321,4.528,1,True,4,0,0,42.974,44.503,5,3,5.302,8,554.363,1
sim-00072,fatigable,9,concept-5-item-9,concept-5,hard,9,0.155053,0.777096,False,True,81.837,26.787,4.805,1,True,4,0,0,55.05,44.503,4,5,5.975,9,736.534,1
sim-00072,fatigable,10,concept-5-item-10,concept-5,hard,10,0.130557,0.904379,False,False,89.105,24.967,6.401,2,True,4,0,0,64.139,44.503,3,5,6.725,10,891.055,1
sim-00072,fatigable,11,concept-1-item-11,concept-1,easy,1,0.110704,1.0,False,False,53.74,18.591,7.289,1,True,5,0,0,35.15,44.503,5,5,7.912,11,591.145,1
sim-00072,fatigable,12,concept-1-item-12,concept-1,easy,2,0.094615,1.0,False,False,57.845,18.956,6.119,1,True,5,0,0,38.889,44.503,5,4,8.142,12,694.14,1
sim-00072,fatigable,13,concept-2-item-13,concept-2,easy,3,0.081576,1.0,False,False,57.866,17.949,5.962,2,True,4,0,0,39.918,44.503,2,4,8.17,13,752.264,1
sim-00072,fatigable,14,concept-2-item-14,concept-2,medium,4,0.071008,1.0,False,True,63.232,20.859,5.721,2,True,5,0,0,42.373,44.503,6,5,7.956,14,885.245,1
sim-00072,fatigable,15,concept-3-item-15,concept-3,medium,5,0.062444,1.0,True,False,76.979,27.331,5.977,1,True,4,0,0,49.648,44.503,5,3,7.828,15,1154.685,1
sim-00072,fatigable,16,concept-3-item-16,concept-3,medium,6,0.118194,1.0,False,False,77.839,25.634,7.515,2,True,4,0,0,52.206,44.503,5,4,7.621,16,1245.426,1
sim-00073,steady,1,concept-1-item-1,concept-1,easy,1,0.551018,0.0,False,False,23.086,6.584,1.478,1,False,1,1006.639,55.071,16.501,47.76,0,2,0,1,23.086,0
sim-00073,steady,2,concept-1-item-2,concept-1,easy,2,0.487805,0.028215,True,False,27.013,8.006,0.676,1,False,1,813.132,27.935,19.007,47.76,0,1,0.304,2,54.026,0
sim-00073,steady,3,concept-2-item-3,concept-2,easy,3,0.498389,0.058995,True,False,25.589,7.448,1.327,1,False,1,946.608,64.183,18.141,47.76,2,0,0.974,3,76.768,0
sim-00073,steady,4,concept-2-item-4,concept-2,medium,4,0.507644,0.09234,False,False,35.486,9.888,1.654,1,False,1,914.399,30.995,25.598,47.76,1,2,0.946,4,141.944,1
sim-00073,steady,5,concept-3-item-5,concept-3,medium,5,0.449876,0.12825,False,False,48.966,16.053,0.839,1,False,2,992.262,65.232,32.914,47.76,2,0,1.777,5,244.831,1
sim-00073,steady,6,concept-3-item-6,concept-3,medium,6,0.399359,0.166725,False,False,52.342,12.733,1.886,1,False,2,1618.546,30.401,39.609,47.76,1,1,1.426,6,314.054,0
sim-00073,steady,7,concept-4-item-7,concept-4,medium,7,0.355183,0.207765,False,False,54.394,17.482,1.678,2,False,2,1769.553,15.526,36.911,47.76,4,3,2.0,7,380.755,0
sim-00073,steady,8,concept-4-item-8,concept-4,hard,8,0.316552,0.251369,False,False,63.203,24.932,2.377,1,False,2,1300.0,19.692,38.271,47.76,1,2,2.167,8,505.626,0
sim-00073,steady,9,concept-5-item-9,concept-5,hard,9,0.282771,0.297539,False,False,62.004,15.517,2.592,1,False,2,619.902,40.227,46.487,47.76,4,2,2.54,9,558.035,1
sim-00073,steady,10,concept-5-item-10,concept-5,hard,10,0.25323,0.346274,False,False,78.471,29.538,2.743,1,False,3,1397.599,12.858,48.933,47.76,3,3,3.288,10,784.708,1
sim-00073,steady,11,concept-1-item-11,concept-1,easy,1,0.227397,0.397574,True,False,34.718,13.861,3.69,1,False,3,666.848,24.27,20.858,47.76,3,2,3.225,11,381.899,1
sim-00073,steady,12,concept-1-item-12,concept-1,easy,2,0.270669,0.425789,True,False,42.413,12.27,2.598,1,False,3,356.926,7.193,30.142,47.76,4,2,3.244,12,508.954,1
sim-00073,steady,13,concept-2-item-13,concept-2,easy,3,0.308509,0.456569,False,False,40.731,10.454,3.09,2,False,3,351.636,18.432,30.277,47.76,3,2,2.486,13,529.506,1
sim-00073,steady,14,concept-2-item-14,concept-2,medium,4,0.275738,0.489914,False,False,49.902,15.989,2.709,1,False,3,979.416,20.583,33.913,47.76,3,2,4.491,14,698.629,1
sim-00073,steady,15,concept-3-item-15,concept-3,medium,5,0.247079,0.525824,False,False,50.213,14.892,3.919,1,False,2,744.537,23.716,35.321,47.76,3,1,4.577,15,753.197,1
sim-00073,steady,16,concept-3-item-16,concept-3,medium,6,0.222019,0.564299,False,False,57.906,17.687,3.438,2,False,3,508.125,7.135,40.219,47.76,4,3,4.057,16,926.496,1
sim-00074,rapid,1,concept-1-item-1,concept-1,easy,1,0.555343,0.0,True,False,12.708,4.44,0.318,1,False,1,435.97,86.528,8.267,52.58,1,0,0,1,12.708,0
sim-00074,rapid,2,concept-1-item-2,concept-1,easy,2,0.622099,0.017069,True,False,32.27,10.502,0.402,1,False,0,1466.205,86.659,21.768,52.58,1,0,0.142,2,64.539,0
sim-00074,rapid,3,concept-2-item-3,concept-2,easy,3,0.681566,0.03569,False,False,32.297,11.252,0.286,1,False,0,777.511,80.76,21.045,52.58,0,0,1.213,3,96.891,0
sim-00074,rapid,4,concept-2-item-4,concept-2,medium,4,0.626998,0.055863,True,False,33.615,11.362,0.898,1,False,1,820.348,70.416,22.252,52.58,1,1,1.904,4,134.458,0
sim-00074,rapid,5,concept-3-item-5,concept-3,medium,5,0.68593,0.077588,True,False,41.881,14.976,2.1,1,False,1,1842.607,68.404,26.905,52.58,0,0,0.912,5,209.406,0
sim-00074,rapid,6,concept-3-item-6,concept-3,medium,6,0.738428,0.100864,False,False,48.447,18.787,1.419,1,False,1,2067.655,83.981,29.66,52.58,0,1,1.547,6,290.682,0
sim-00074,rapid,7,concept-4-item-7,concept-4,medium,7,0.677652,0.125692,True,False,50.503,14.018,2.14,1,False,1,1458.601,52.041,36.485,52.58,2,0,0.99,7,353.522,0
sim-00074,rapid,8,concept-4-item-8,concept-4,hard,8,0.731054,0.152072,False,False,58.25,16.412,2.214,1,False,1,1046.697,67.832,41.837,52.58,3,0,1.629,8,465.996,1
sim-00074,rapid,9,concept-5-item-9,concept-5,hard,9,0.671082,0.180003,False,False,62.633,21.615,1.652,1,False,2,2306.835,46.889,41.019,52.58,4,2,1.323,9,563.698,0
sim-00074,rapid,10,concept-5-item-10,concept-5,hard,10,0.617659,0.209487,False,False,69.66,26.146,2.175,2,False,2,2362.448,61.981,43.514,52.58,3,2,1.738,10,696.602,0
sim-00074,rapid,11,concept-1-item-11,concept-1,easy,1,0.570069,0.240522,True,False,18.65,5.95,1.685,1,False,1,364.649,29.413,12.7,52.58,1,0,2.615,11,205.15,0
sim-00074,rapid,12,concept-1-item-12,concept-1,easy,2,0.635217,0.257591,True,False,27.42,8.372,2.967,1,False,2,476.994,21.274,19.048,52.58,2,2,1.489,12,329.038,1
sim-00074,rapid,13,concept-2-item-13,concept-2,easy,3,0.693252,0.276212,True,False,44.692,13.35,1.901,1,False,2,1704.111,15.604,31.342,52.58,3,2,2.094,13,580.993,0
sim-00074,rapid,14,concept-2-item-14,concept-2,medium,4,0.74495,0.296385,True,False,35.563,12.706,2.404,1,False,1,575.019,23.217,22.857,52.58,2,0,3.252,14,497.888,0
sim-00074,rapid,15,concept-3-item-15,concept-3,medium,5,0.791004,0.318109,True,False,46.169,13.721,2.524,1,False,2,1660.047,16.122,32.449,52.58,4,0,2.092,15,692.542,0
sim-00074,rapid,16,concept-3-item-16,concept-3,medium,6,0.83203,0.341386,True,False,42.354,14.599,2.677,1,False,2,637.48,30.636,27.755,52.58,2,0,2.771,16,677.656,0
sim-00075,careful,1,concept-1-item-1,concept-1,easy,1,0.362549,0.0,True,False,25.224,9.745,0.566,1,False,2,957.85,17.596,15.479,31.133,2,1,0.689,1,25.224,0
sim-00075,careful,2,concept-1-item-2,concept-1,easy,2,0.411172,0.032098,True,False,30.584,8.407,1.557,1,False,1,900.079,28.945,22.177,31.133,2,1,0.202,2,61.168,1
sim-00075,careful,3,concept-2-item-3,concept-2,easy,3,0.457267,0.067114,True,False,33.979,12.196,1.278,1,False,2,415.726,33.794,21.783,31.133,0,1,0.923,3,101.938,0
sim-00075,careful,4,concept-2-item-4,concept-2,medium,4,0.500964,0.105048,True,False,37.526,13.399,1.307,1,False,2,949.953,24.904,24.127,31.133,3,3,1.562,4,150.103,0
sim-00075,careful,5,concept-3-item-5,concept-3,medium,5,0.54239,0.1459,False,False,49.364,13.133,1.642,1,False,3,696.264,13.911,36.231,31.133,2,2,1.573,5,246.82,0
sim-00075,careful,6,concept-3-item-6,concept-3,medium,6,0.519055,0.189671,True,False,52.17,19.058,2.197,1,False,2,1217.378,30.584,33.113,31.133,4,1,1.717,6,313.022,1
sim-00075,careful,7,concept-4-item-7,concept-4,medium,7,0.55954,0.236359,True,False,52.282,20.841,1.336,1,False,2,751.203,36.036,31.44,31.133,1,1,2.682,7,365.971,1
sim-00075,careful,8,concept-4-item-8,concept-4,hard,8,0.597919,0.285965,False,False,57.001,14.239,3.034,1,False,2,912.2,29.521,42.762,31.133,2,3,2.788,8,456.011,0
sim-00075,careful,9,concept-5-item-9,concept-5,hard,9,0.571697,0.338489,False,False,64.677,16.521,2.504,1,False,2,1550.805,28.929,48.156,31.133,4,1,3.076,9,582.096,0
sim-00075,careful,10,concept-5-item-10,concept-5,hard,10,0.546838,0.393931,False,False,78.504,22.954,2.923,1,False,3,1883.281,24.154,55.551,31.133,5,4,3.288,10,785.044,1
sim-00075,careful,11,concept-1-item-11,concept-1,easy,1,0.523271,0.452291,True,False,26.592,8.948,3.806,1,False,3,357.886,17.858,17.644,31.133,3,4,4.439,11,292.511,1
sim-00075,careful,12,concept-1-item-12,concept-1,easy,2,0.563537,0.484389,True,False,40.168,9.661,2.769,1,False,3,241.652,4.56,30.507,31.133,2,2,2.755,12,482.012,1
sim-00075,careful,13,concept-2-item-13,concept-2,easy,3,0.601709,0.519405,True,False,45.867,13.408,4.179,1,True,3,73.357,1.378,32.459,31.133,4,3,5.111,13,596.275,1
sim-00075,careful,14,concept-2-item-14,concept-2,medium,4,0.637896,0.557339,False,False,54.432,20.101,3.665,1,True,3,218.414,3.78,34.332,31.133,2,2,4.85,14,762.051,1
sim-00075,careful,15,concept-3-item-15,concept-3,medium,5,0.609594,0.598192,False,False,54.547,13.177,3.096,1,True,3,64.698,2.585,41.37,31.133,4,2,4.327,15,818.198,1
sim-00075,careful,16,concept-3-item-16,concept-3,medium,6,0.582765,0.641962,True,False,65.404,25.37,4.82,1,True,3,79.01,1.408,40.034,31.133,3,2,5.684,16,1046.461,1
sim-00076,fatigable,1,concept-1-item-1,concept-1,easy,1,0.41316,0.0,True,False,22.949,5.557,0.29,1,False,2,846.841,28.249,17.392,43.108,1,1,1.194,1,22.949,0
sim-00076,fatigable,2,concept-1-item-2,concept-1,easy,2,0.423955,0.061253,False,False,26.705,6.505,1.366,1,False,2,308.98,35.381,20.2,43.108,3,1,0.741,2,53.409,1
sim-00076,fatigable,3,concept-2-item-3,concept-2,easy,3,0.378903,0.128075,True,False,40.332,12.18,1.602,1,False,2,467.116,11.261,28.152,43.108,3,1,1.479,3,120.995,1
sim-00076,fatigable,4,concept-2-item-4,concept-2,medium,4,0.393517,0.200466,False,False,37.279,14.067,2.106,1,False,2,872.451,43.31,23.213,43.108,3,1,2.942,4,149.117,1
sim-00076,fatigable,5,concept-3-item-5,concept-3,medium,5,0.351858,0.278425,False,False,55.337,15.501,2.663,1,False,2,654.276,22.121,39.836,43.108,3,3,1.696,5,276.685,0
sim-00076,fatigable,6,concept-3-item-6,concept-3,medium,6,0.314844,0.361952,False,False,60.981,21.326,2.542,2,False,2,583.037,20.44,39.655,43.108,3,1,3.073,6,365.889,0
sim-00076,fatigable,7,concept-4-item-7,concept-4,medium,7,0.281956,0.451048,False,False,62.181,18.234,2.857,1,True,3,0,0,43.947,43.108,4,2,3.572,7,435.269,1
sim-00076,fatigable,8,concept-4-item-8,concept-4,hard,8,0.252735,0.545713,False,True,71.62,27.537,3.93,1,True,3,0,0,44.082,43.108,5,1,4.854,8,572.958,1
sim-00076,fatigable,9,concept-5-item-9,concept-5,hard,9,0.226772,0.645946,False,True,81.42,25.244,4.499,2,True,3,160.939,1.219,56.175,43.108,3,3,5.377,9,732.777,1
sim-00076,fatigable,10,concept-5-item-10,concept-5,hard,10,0.203704,0.751747,False,False,90.307,31.384,4.016,2,True,4,0,0,58.923,43.108,5,3,5.305,10,903.071,1
sim-00076,fatigable,11,concept-1-item-11,concept-1,easy,1,0.183208,0.863117,True,False,47.003,11.482,6.105,1,True,4,0,0,35.521,43.108,4,4,7.029,11,517.033,1
sim-00076,fatigable,12,concept-1-item-12,concept-1,easy,2,0.21964,0.924371,False,False,52.191,20.257,6.318,1,True,4,0,0,31.935,43.108,6,2,7.24,12,626.297,1
sim-00076,fatigable,13,concept-2-item-13,concept-2,easy,3,0.197367,0.991193,False,False,53.29,13.247,7.434,1,True,4,0,0,40.042,43.108,4,3,7.032,13,692.766,1
sim-00076,fatigable,14,concept-2-item-14,concept-2,medium,4,0.177577,1.0,False,False,67.309,17.186,6.583,2,True,5,0,0,50.123,43.108,6,4,7.393,14,942.324,1
sim-00076,fatigable,15,concept-3-item-15,concept-3,medium,5,0.159993,1.0,False,False,70.303,27.659,6.858,1,True,4,0,0,42.644,43.108,4,4,6.514,15,1054.548,1
sim-00076,fatigable,16,concept-3-item-16,concept-3,medium,6,0.14437,1.0,False,False,83.036,23.409,6.725,1,True,4,0,0,59.626,43.108,5,1,6.042,16,1328.574,1
sim-00077,steady,1,concept-1-item-1,concept-1,easy,1,0.224152,0.0,True,False,23.761,5.89,0.343,1,False,1,592.293,37.557,17.871,26.336,0,0,0.723,1,23.761,1
sim-00077,steady,2,concept-1-item-2,concept-1,easy,2,0.262858,0.037182,True,False,20.699,7.849,0.956,1,False,1,372.449,51.818,12.85,26.336,0,1,0.956,2,41.398,1
sim-00077,steady,3,concept-2-item-3,concept-2,easy,3,0.295765,0.077743,True,False,26.355,6.541,1.227,1,False,1,289.234,46.264,19.814,26.336,4,1,1.405,3,79.066,1
sim-00077,steady,4,concept-2-item-4,concept-2,medium,4,0.323742,0.121685,False,False,39.237,15.667,0.572,2,False,1,1561.788,61.983,23.57,26.336,0,0,2.236,4,156.949,1
sim-00077,steady,5,concept-3-item-5,concept-3,medium,5,0.281308,0.169007,False,False,46.842,12.665,1.365,1,False,1,645.295,56.253,34.178,26.336,4,0,2.138,5,234.211,0
sim-00077,steady,6,concept-3-item-6,concept-3,medium,6,0.245233,0.219709,True,False,53.051,18.186,1.848,1,False,1,1553.135,17.175,34.865,26.336,2,1,2.123,6,318.307,0
sim-00077,steady,7,concept-4-item-7,concept-4,medium,7,0.280781,0.273791,False,False,51.389,16.372,2.604,1,False,2,829.809,37.631,35.017,26.336,4,1,2.205,7,359.725,0
sim-00077,steady,8,concept-4-item-8,concept-4,hard,8,0.244784,0.331254,False,False,57.646,15.765,2.124,1,False,2,1237.475,14.882,41.882,26.336,3,4,2.893,8,461.17,1
sim-00077,steady,9,concept-5-item-9,concept-5,hard,9,0.214181,0.392096,False,False,74.738,18.334,2.535,1,False,2,1500.187,39.502,56.403,26.336,3,0,2.374,9,672.641,1
sim-00077,steady,10,concept-5-item-10,concept-5,hard,10,0.188163,0.456319,False,False,75.362,25.764,3.16,1,False,2,771.155,25.03,49.599,26.336,2,3,3.986,10,753.625,0
sim-00077,steady,11,concept-1-item-11,concept-1,easy,1,0.166044,0.523922,False,False,36.753,14.471,4.138,1,False,2,435.099,19.577,22.283,26.336,3,3,4.054,11,404.285,0
sim-00077,steady,12,concept-1-item-12,concept-1,easy,2,0.147238,0.561103,False,True,40.331,10.187,3.642,2,True,3,140.729,4.405,30.145,26.336,4,2,3.901,12,483.974,1
sim-00077,steady,13,concept-2-item-13,concept-2,easy,3,0.13125,0.601665,False,False,41.496,13.845,3.811,1,True,3,0,0,27.652,26.336,4,3,5.015,13,539.453,1
sim-00077,steady,14,concept-2-item-14,concept-2,medium,4,0.117658,0.645607,False,True,55.651,17.216,4.478,2,True,3,76.771,2.086,38.435,26.336,3,4,4.859,14,779.114,1
sim-00077,steady,15,concept-3-item-15,concept-3,medium,5,0.106102,0.692929,False,False,60.29,24.077,3.843,1,True,3,0,0,36.213,26.336,5,2,6.499,15,904.349,1
sim-00077,steady,16,concept-3-item-16,concept-3,medium,6,0.096277,0.743631,False,False,68.365,21.713,4.2,1,True,3,0,0,46.652,26.336,2,4,5.899,16,1093.846,1
sim-00078,rapid,1,concept-1-item-1,concept-1,easy,1,0.425318,0.0,True,False,25.443,7.944,0.969,1,False,1,613.972,17.95,17.498,48.087,1,0,0.639,1,25.443,1
sim-00078,rapid,2,concept-1-item-2,concept-1,easy,2,0.505781,0.034449,True,False,27.541,8.641,0.567,1,False,2,663.27,45.704,18.9,48.087,3,0,0.558,2,55.082,0
sim-00078,rapid,3,concept-2-item-3,concept-2,easy,3,0.578738,0.07203,True,False,29.177,10.695,0.837,1,False,1,1012.696,88.52,18.482,48.087,1,1,0.484,3,87.532,0
sim-00078,rapid,4,concept-2-item-4,concept-2,medium,4,0.64489,0.112742,True,False,35.681,11.615,1.237,1,False,2,1053.198,37.262,24.066,48.087,2,3,0.409,4,142.725,1
sim-00078,rapid,5,concept-3-item-5,concept-3,medium,5,0.704872,0.156586,False,True,40.23,12.784,1.289,2,False,1,954.044,42.066,27.446,48.087,1,0,1.716,5,201.149,0
sim-00078,rapid,6,concept-3-item-6,concept-3,medium,6,0.65716,0.203562,True,False,44.093,15.988,1.624,1,False,2,1021.079,15.7,28.105,48.087,3,2,1.83,6,264.558,0
sim-00078,rapid,7,concept-4-item-7,concept-4,medium,7,0.715998,0.25367,True,False,54.399,19.968,2.652,1,False,1,1461.233,67.23,34.431,48.087,2,0,3.17,7,380.791,0
sim-00078,rapid,8,concept-4-item-8,concept-4,hard,8,0.769348,0.306909,True,False,57.189,14.56,3.072,1,False,2,1037.15,19.431,42.629,48.087,3,1,3.223,8,457.516,0
sim-00078,rapid,9,concept-5-item-9,concept-5,hard,9,0.817721,0.36328,False,False,67.723,19.508,2.681,1,False,2,1453.882,47.586,48.215,48.087,2,2,3.084,9,609.507,0
sim-00078,rapid,10,concept-5-item-10,concept-5,hard,10,0.759483,0.422783,False,False,65.318,21.154,3.289,1,False,2,1688.824,14.385,44.164,48.087,4,1,3.291,10,653.177,1
sim-00078,rapid,11,concept-1-item-11,concept-1,easy,1,0.706677,0.485417,True,False,37.912,14.741,3.049,1,False,2,713.448,12.032,23.171,48.087,2,3,3.807,11,417.036,1
sim-00078,rapid,12,concept-1-item-12,concept-1,easy,2,0.760896,0.519866,True,False,44.664,13.822,3.744,1,False,3,267.753,17.721,30.843,48.087,5,1,4.678,12,535.972,0
sim-00078,rapid,13,concept-2-item-13,concept-2,easy,3,0.810058,0.557447,True,False,45.926,16.774,3.438,1,True,3,300.426,4.806,29.151,48.087,4,2,4.453,13,597.032,0
sim-00078,rapid,14,concept-2-item-14,concept-2,medium,4,0.854634,0.598159,True,False,53.185,17.612,3.314,1,False,2,805.635,40.545,35.573,48.087,4,2,4.474,14,744.588,1
sim-00078,rapid,15,concept-3-item-15,concept-3,medium,5,0.895053,0.642003,True,False,55.734,20.143,4.019,1,True,3,528.886,7.306,35.591,48.087,4,2,4.79,15,836.003,1
sim-00078,rapid,16,concept-3-item-16,concept-3,medium,6,0.931702,0.688979,True,False,63.698,18.549,4.01,1,False,3,363.643,8.803,45.15,48.087,4,2,5.023,16,1019.175,0
sim-00079,careful,1,concept-1-item-1,concept-1,easy,1,0.127746,0.0,True,False,24.595,9.74,0.428,1,False,2,645.539,51.101,14.856,32.424,2,1,0.672,1,24.595,0
sim-00079,careful,2,concept-1-item-2,concept-1,easy,2,0.187652,0.023037,True,False,22.322,8.736,1.392,1,False,2,495.361,77.395,13.586,32.424,2,1,0.2,2,44.643,1
sim-00079,careful,3,concept-2-item-3,concept-2,easy,3,0.243377,0.048169,True,False,40.905,14.966,1.648,1,False,2,748.895,71.609,25.939,32.424,0,0,1.951,3,122.716,0
sim-00079,careful,4,concept-2-item-4,concept-2,medium,4,0.295215,0.075395,True,False,35.786,9.913,0.108,1,False,2,1592.804,58.066,25.873,32.424,0,0,0.487,4,143.143,0
sim-00079,careful,5,concept-3-item-5,concept-3,medium,5,0.343434,0.104715,False,True,40.232,13.863,1.814,2,False,2,1152.387,23.446,26.369,32.424,4,1,1.711,5,201.16,0
sim-00079,careful,6,concept-3-item-6,concept-3,medium,6,0.324674,0.136129,True,False,44.566,11.773,1.574,1,False,2,1900.759,25.552,32.793,32.424,1,0,2.017,6,267.395,0
sim-00079,careful,7,concept-4-item-7,concept-4,medium,7,0.370838,0.169638,False,False,55.54,22.005,1.554,1,False,3,1346.299,23.22,33.535,32.424,3,3,1.755,7,388.779,0
sim-00079,careful,8,concept-4-item-8,concept-4,hard,8,0.350165,0.205241,False,False,59.326,23.06,2.577,1,False,3,2172.183,34.423,36.266,32.424,5,6,2.602,8,474.605,0
sim-00079,careful,9,concept-5-item-9,concept-5,hard,9,0.330935,0.242938,False,False,66.216,16.119,1.764,2,False,2,1991.034,50.791,50.097,32.424,4,2,1.438,9,595.948,0
sim-00079,careful,10,concept-5-item-10,concept-5,hard,10,0.313047,0.28273,False,False,64.717,24.18,1.92,1,False,3,1596.193,50.795,40.537,32.424,3,2,1.844,10,647.173,1
sim-00079,careful,11,concept-1-item-11,concept-1,easy,1,0.296407,0.324615,True,False,36.247,11.574,1.278,1,False,3,611.218,41.257,24.673,32.424,5,4,2.332,11,398.712,1
sim-00079,careful,12,concept-1-item-12,concept-1,easy,2,0.344544,0.347653,True,False,39.929,10.192,2.67,1,False,3,699.11,18.816,29.736,32.424,4,1,3.222,12,479.142,0
sim-00079,careful,13,concept-2-item-13,concept-2,easy,3,0.389321,0.372784,False,False,44.722,16.192,2.785,1,False,3,934.081,15.833,28.529,32.424,2,4,3.135,13,581.382,1
sim-00079,careful,14,concept-2-item-14,concept-2,medium,4,0.367359,0.40001,False,False,43.825,10.995,2.74,2,False,3,1056.213,16.837,32.83,32.424,4,3,2.82,14,613.547,1
sim-00079,careful,15,concept-3-item-15,concept-3,medium,5,0.346929,0.42933,False,False,51.96,18.85,3.787,1,False,3,1179.774,42.078,33.11,32.424,4,2,3.743,15,779.402,1
sim-00079,careful,16,concept-3-item-16,concept-3,medium,6,0.327924,0.460744,False,False,56.354,14.762,3.488,1,False,4,724.844,19.913,41.592,32.424,4,4,3.407,16,901.66,1
sim-00080,fatigable,1,concept-1-item-1,concept-1,easy,1,0.394555,0.0,True,False,16.666,6.066,0.77,1,False,1,541.522,39.136,10.6,37.332,2,1,0.037,1,16.666,0
sim-00080,fatigable,2,concept-1-item-2,concept-1,easy,2,0.388937,0.05397,True,False,28.885,10.333,1.493,1,False,1,1089.383,32.965,18.552,37.332,1,2,1.282,2,57.771,0
sim-00080,fatigable,3,concept-2-item-3,concept-2,easy,3,0.384459,0.112846,True,False,35.463,11.925,1.354,1,False,2,554.585,22.981,23.538,37.332,2,1,0.671,3,106.388,1
sim-00080,fatigable,4,concept-2-item-4,concept-2,medium,4,0.38089,0.176629,True,False,38.964,10.332,1.357,1,False,2,969.881,50.871,28.632,37.332,1,3,1.747,4,155.856,0
sim-00080,fatigable,5,concept-3-item-5,concept-3,medium,5,0.378044,0.245318,True,False,55.65,17.446,2.843,1,False,2,492.272,18.251,38.204,37.332,4,2,1.285,5,278.248,0
sim-00080,fatigable,6,concept-3-item-6,concept-3,medium,6,0.375776,0.318914,False,False,54.103,13.377,2.661,1,False,2,1111.1,33.926,40.726,37.332,4,0,3.313,6,324.621,0
sim-00080,fatigable,7,concept-4-item-7,concept-4,medium,7,0.306153,0.397416,True,False,63.104,23.995,2.386,1,False,3,975.24,29.5,39.109,37.332,2,3,3.178,7,441.725,1
sim-00080,fatigable,8,concept-4-item-8,concept-4,hard,8,0.318468,0.480824,False,False,72.386,17.975,3.341,2,False,2,645.288,22.648,54.411,37.332,3,2,2.943,8,579.091,1
sim-00080,fatigable,9,concept-5-item-9,concept-5,hard,9,0.260471,0.569139,False,False,84.407,26.365,3.472,1,True,3,83.917,1.302,58.042,37.332,5,3,4.682,9,759.662,1
sim-00080,fatigable,10,concept-5-item-10,concept-5,hard,10,0.214238,0.66236,False,False,79.08,26.711,5.4,1,True,3,0,0,52.369,37.332,2,2,5.353,10,790.796,1
sim-00080,fatigable,11,concept-1-item-11,concept-1,easy,1,0.177384,0.760487,True,False,38.959,9.954,4.9,1,True,3,0,0,29.005,37.332,4,2,6.184,11,428.554,1
sim-00080,fatigable,12,concept-1-item-12,concept-1,easy,2,0.21582,0.814457,True,False,53.697,15.914,5.117,1,True,4,0,0,37.783,37.332,2,5,6.415,12,644.366,1
sim-00080,fatigable,13,concept-2-item-13,concept-2,easy,3,0.246459,0.873333,False,False,54.122,16.272,6.512,1,True,4,0,0,37.849,37.332,4,4,6.678,13,703.58,1
sim-00080,fatigable,14,concept-2-item-14,concept-2,medium,4,0.203069,0.937116,True,False,61.022,14.672,6.173,1,True,4,0,0,46.349,37.332,6,5,6.963,14,854.302,1
sim-00080,fatigable,15,concept-3-item-15,concept-3,medium,5,0.236295,1.0,False,False,65.18,17.226,6.115,1,True,4,0,0,47.954,37.332,5,3,7.821,15,977.693,1
sim-00080,fatigable,16,concept-3-item-16,concept-3,medium,6,0.194967,1.0,False,False,77.24,25.978,6.255,1,True,4,0,0,51.262,37.332,6,3,7.775,16,1235.839,1
sim-00081,steady,1,concept-1-item-1,concept-1,easy,1,0.296816,0.0,True,False,26.123,9.718,0.108,1,False,1,907.026,46.801,16.405,45.003,1,1,0.67,1,26.123,1
sim-00081,steady,2,concept-1-item-2,concept-1,easy,2,0.350552,0.024732,False,False,21.809,7.927,0.83,1,False,1,899.983,47.235,13.882,45.003,2,0,1.723,2,43.618,0
sim-00081,steady,3,concept-2-item-3,concept-2,easy,3,0.329857,0.051713,False,False,30.213,9.67,2.156,1,False,1,1478.119,21.165,20.543,45.003,3,0,1.377,3,90.64,0
sim-00081,steady,4,concept-2-item-4,concept-2,medium,4,0.310819,0.080943,False,False,35.574,9.035,0.174,1,False,1,1096.837,35.703,26.54,45.003,2,0,1.443,4,142.297,0
sim-00081,steady,5,concept-3-item-5,concept-3,medium,5,0.293305,0.11242,False,False,37.591,13.26,1.699,1,False,2,1412.695,71.622,24.331,45.003,3,2,1.714,5,187.955,0
sim-00081,steady,6,concept-3-item-6,concept-3,medium,6,0.277194,0.146146,True,False,45.94,14.843,1.447,1,False,2,1735.644,35.876,31.097,45.003,1,2,1.408,6,275.639,0
sim-00081,steady,7,concept-4-item-7,concept-4,medium,7,0.332501,0.182121,False,False,51.633,12.676,1.832,1,False,2,1846.05,57.529,38.957,45.003,2,4,1.594,7,361.433,0
sim-00081,steady,8,concept-4-item-8,concept-4,hard,8,0.313252,0.220344,False,False,58.411,20.252,2.128,2,False,2,880.299,23.708,38.159,45.003,4,3,2.647,8,467.287,0
sim-00081,steady,9,concept-5-item-9,concept-5,hard,9,0.295543,0.260815,True,False,71.497,24.62,3.129,1,False,2,1841.373,68.08,46.877,45.003,1,3,2.479,9,643.471,0
sim-00081,steady,10,concept-5-item-10,concept-5,hard,10,0.349381,0.303535,False,False,74.407,20.184,3.498,2,False,2,2765.31,58.495,54.223,45.003,4,1,2.654,10,744.069,0
sim-00081,steady,11,concept-1-item-11,concept-1,easy,1,0.32878,0.348503,True,False,35.708,12.63,2.591,1,False,2,823.578,23.514,23.078,45.003,1,3,2.866,11,392.792,0
sim-00081,steady,12,concept-1-item-12,concept-1,easy,2,0.379956,0.373236,False,False,35.471,12.769,3.073,1,False,2,798.086,16.611,22.702,45.003,2,3,2.97,12,425.652,0
sim-00081,steady,13,concept-2-item-13,concept-2,easy,3,0.356906,0.400216,True,False,46.617,12.84,3.473,1,False,2,506.837,44.243,33.777,45.003,2,2,3.825,13,606.023,1
sim-00081,steady,14,concept-2-item-14,concept-2,medium,4,0.40583,0.429446,False,False,45.699,13.927,2.968,1,False,2,874.714,24.616,31.772,45.003,2,2,2.591,14,639.786,1
sim-00081,steady,15,concept-3-item-15,concept-3,medium,5,0.380709,0.460923,True,False,47.228,16.236,2.578,1,False,3,437.824,35.035,30.992,45.003,4,4,4.591,15,708.425,1
sim-00081,steady,16,concept-3-item-16,concept-3,medium,6,0.427727,0.49465,True,False,53.495,18.895,3.22,1,False,3,963.648,20.863,34.6,45.003,2,2,3.356,16,855.919,1
sim-00082,rapid,1,concept-1-item-1,concept-1,easy,1,0.319395,0.0,False,False,24.045,7.995,0.424,2,False,1,1403.306,52.934,16.05,48.485,4,0,1.358,1,24.045,0
sim-00082,rapid,2,concept-1-item-2,concept-1,easy,2,0.288821,0.017966,True,False,29.834,10.58,1.489,1,False,1,1456.658,44.01,19.254,48.485,2,1,0.314,2,59.668,1
sim-00082,rapid,3,concept-2-item-3,concept-2,easy,3,0.36254,0.037566,True,False,32.821,10.254,1.48,1,False,1,1116.865,49.948,22.567,48.485,1,0,0.71,3,98.463,0
sim-00082,rapid,4,concept-2-item-4,concept-2,medium,4,0.425223,0.058799,True,False,36.727,11.598,0.798,1,False,1,1925.752,63.082,25.129,48.485,2,0,0.11,4,146.909,0
sim-00082,rapid,5,concept-3-item-5,concept-3,medium,5,0.478523,0.081665,True,False,40.673,13.891,1.187,1,False,1,1454.859,53.445,26.782,48.485,0,0,0.715,5,203.364,0
sim-00082,rapid,6,concept-3-item-6,concept-3,medium,6,0.523844,0.106164,True,False,45.017,15.049,0.544,1,False,1,2149.965,84.287,29.968,48.485,1,1,1.093,6,270.1,1
sim-00082,rapid,7,concept-4-item-7,concept-4,medium,7,0.562381,0.132297,False,False,50.502,18.586,1.568,2,False,1,1934.456,75.52,31.915,48.485,1,2,1.489,7,353.511,0
sim-00082,rapid,8,concept-4-item-8,concept-4,hard,8,0.495433,0.160063,False,False,54.557,19.096,0.993,1,False,2,1236.417,36.48,35.461,48.485,2,1,1.218,8,436.457,0
sim-00082,rapid,9,concept-5-item-9,concept-5,hard,9,0.438507,0.189463,False,False,62.415,24.927,1.44,1,False,2,2308.267,89.696,37.489,48.485,2,2,1.534,9,561.736,1
sim-00082,rapid,10,concept-5-item-10,concept-5,hard,10,0.390102,0.220495,False,False,73.168,19.705,1.281,1,False,2,1920.714,53.55,53.464,48.485,1,3,1.587,10,731.683,0
sim-00082,rapid,11,concept-1-item-11,concept-1,easy,1,0.348944,0.253161,True,False,22.457,7.471,2.822,1,False,2,691.576,83.332,14.986,48.485,3,2,2.064,11,247.028,1
sim-00082,rapid,12,concept-1-item-12,concept-1,easy,2,0.413663,0.271128,True,False,32.302,8.004,2.639,1,False,2,985.146,53.112,24.298,48.485,3,2,2.338,12,387.626,0
sim-00082,rapid,13,concept-2-item-13,concept-2,easy,3,0.468693,0.290727,True,False,36.135,9.433,2.579,1,False,1,838.851,50.854,26.702,48.485,2,0,3.474,13,469.756,0
sim-00082,rapid,14,concept-2-item-14,concept-2,medium,4,0.515486,0.31196,False,False,38.634,13.599,3.307,1,False,2,1074.538,32.024,25.035,48.485,4,2,2.28,14,540.88,1
sim-00082,rapid,15,concept-3-item-15,concept-3,medium,5,0.455558,0.334826,True,False,50.078,16.122,2.898,1,False,2,1801.543,34.108,33.956,48.485,3,0,1.786,15,751.172,0
sim-00082,rapid,16,concept-3-item-16,concept-3,medium,6,0.504317,0.359326,True,False,53.36,15.784,2.577,1,False,2,1244.355,35.772,37.576,48.485,3,1,3.749,16,853.761,0
sim-00083,careful,1,concept-1-item-1,concept-1,easy,1,0.551788,0.0,True,False,22.139,8.232,0.366,1,False,1,809.587,34.987,13.907,31.562,1,2,1.15,1,22.139,1
sim-00083,careful,2,concept-1-item-2,concept-1,easy,2,0.572543,0.02792,True,False,21.433,5.149,0.443,1,False,2,590.038,39.547,16.285,31.562,3,2,0.437,2,42.866,0
sim-00083,careful,3,concept-2-item-3,concept-2,easy,3,0.591773,0.058379,False,False,32.322,10.05,0.902,1,False,1,926.882,23.951,22.272,31.562,3,0,0.555,3,96.966,1
sim-00083,careful,4,concept-2-item-4,concept-2,medium,4,0.551625,0.091375,True,False,36.318,9.349,2.034,1,False,2,851.337,36.376,26.97,31.562,3,2,1.417,4,145.274,1
sim-00083,careful,5,concept-3-item-5,concept-3,medium,5,0.572392,0.12691,True,False,40.93,13.507,1.482,1,False,2,1241.984,41.832,27.424,31.562,3,2,1.505,5,204.651,0
sim-00083,careful,6,concept-3-item-6,concept-3,medium,6,0.591634,0.164983,True,False,49.28,17.029,2.001,1,False,2,1439.944,28.329,32.251,31.562,3,1,2.05,6,295.683,1
sim-00083,careful,7,concept-4-item-7,concept-4,medium,7,0.609462,0.205594,True,False,52.839,15.525,1.558,1,False,2,861.141,43.042,37.315,31.562,1,2,2.36,7,369.876,1
sim-00083,careful,8,concept-4-item-8,concept-4,hard,8,0.62598,0.248744,False,False,62.203,16.615,1.916,2,False,2,1080.128,46.4,45.587,31.562,3,2,2.051,8,497.623,0
sim-00083,careful,9,concept-5-item-9,concept-5,hard,9,0.58332,0.294431,False,False,70.06,17.328,2.745,2,False,3,1477.757,26.589,52.732,31.562,1,2,2.822,9,630.539,1
sim-00083,careful,10,concept-5-item-10,concept-5,hard,10,0.543793,0.342657,False,False,79.664,24.434,2.836,1,False,3,694.367,11.649,55.23,31.562,2,2,3.333,10,796.641,0
sim-00083,careful,11,concept-1-item-11,concept-1,easy,1,0.50717,0.393421,True,False,33.456,11.923,2.394,1,False,3,249.756,23.683,21.533,31.562,4,4,2.921,11,368.016,1
sim-00083,careful,12,concept-1-item-12,concept-1,easy,2,0.531202,0.421341,True,False,34.993,11.096,3.401,1,False,3,357.319,6.178,23.897,31.562,3,4,3.189,12,419.911,0
sim-00083,careful,13,concept-2-item-13,concept-2,easy,3,0.553469,0.4518,True,False,35.932,10.928,3.191,1,False,3,296.625,26.183,25.004,31.562,4,2,3.711,13,467.121,1
sim-00083,careful,14,concept-2-item-14,concept-2,medium,4,0.574101,0.484796,False,False,57.057,16.046,4.239,2,False,2,568.536,8.071,41.01,31.562,2,1,4.035,14,798.794,1
sim-00083,careful,15,concept-3-item-15,concept-3,medium,5,0.535251,0.520331,True,False,47.881,15.935,3.566,1,True,3,233.886,6.096,31.946,31.562,4,4,4.303,15,718.215,1
sim-00083,careful,16,concept-3-item-16,concept-3,medium,6,0.557221,0.558404,True,False,57.454,18.32,3.827,1,True,3,133.456,6.637,39.134,31.562,2,4,4.43,16,919.271,1
sim-00084,fatigable,1,concept-1-item-1,concept-1,easy,1,0.28359,0.0,True,False,16.719,5.226,0.593,1,False,2,314.8,19.317,11.493,42.78,3,1,0.425,1,16.719,0
sim-00084,fatigable,2,concept-1-item-2,concept-1,easy,2,0.323852,0.068025,True,False,26.188,9.234,0.524,1,False,1,583.069,35.936,16.954,42.78,1,0,0.26,2,52.376,1
sim-00084,fatigable,3,concept-2-item-3,concept-2,easy,3,0.359376,0.142235,True,False,34.633,11.111,1.535,1,False,2,525.136,29.911,23.522,42.78,5,1,1.392,3,103.899,1
sim-00084,fatigable,4,concept-2-item-4,concept-2,medium,4,0.390719,0.222628,True,False,32.818,10.145,1.069,1,False,2,719.711,31.996,22.673,42.78,2,1,3.274,4,131.273,1
sim-00084,fatigable,5,concept-3-item-5,concept-3,medium,5,0.418373,0.309206,True,False,51.216,16.929,2.343,1,False,3,487.415,19.248,34.287,42.78,6,3,2.595,5,256.079,0
sim-00084,fatigable,6,concept-3-item-6,concept-3,medium,6,0.442772,0.401967,True,False,56.402,17.028,3.17,1,False,3,988.721,20.996,39.374,42.78,3,1,2.639,6,338.413,0
sim-00084,fatigable,7,concept-4-item-7,concept-4,medium,7,0.4643,0.500913,False,False,59.205,22.245,3.916,2,True,3,101.48,3.23,36.96,42.78,2,3,5.096,7,414.434,1
sim-00084,fatigable,8,concept-4-item-8,concept-4,hard,8,0.416064,0.606043,False,False,68.388,21.315,4.063,2,True,4,0,0,47.073,42.78,4,2,4.364,8,547.104,1
sim-00084,fatigable,9,concept-5-item-9,concept-5,hard,9,0.373506,0.717357,False,False,79.178,19.083,4.73,2,True,4,0,0,60.095,42.78,4,4,5.464,9,712.601,1
sim-00084,fatigable,10,concept-5-item-10,concept-5,hard,10,0.335957,0.834855,False,False,87.19,27.011,5.897,2,True,4,0,0,60.179,42.78,5,4,6.757,10,871.896,1
sim-00084,fatigable,11,concept-1-item-11,concept-1,easy,1,0.302827,0.958537,False,False,49.064,17.366,5.811,2,True,4,0,0,31.698,42.78,4,4,7.546,11,539.706,1
sim-00084,fatigable,12,concept-1-item-12,concept-1,easy,2,0.273596,1.0,False,True,53.721,14.276,7.577,2,True,5,0,0,39.445,42.78,5,5,7.135,12,644.648,1
sim-00084,fatigable,13,concept-2-item-13,concept-2,easy,3,0.247805,1.0,False,False,58.869,15.13,6.219,2,True,4,0,0,43.739,42.78,6,2,8.597,13,765.291,1
sim-00084,fatigable,14,concept-2-item-14,concept-2,medium,4,0.22505,1.0,True,False,70.802,25.393,6.453,1,True,5,0,0,45.409,42.78,5,5,8.277,14,991.235,1
sim-00084,fatigable,15,concept-3-item-15,concept-3,medium,5,0.272202,1.0,False,False,66.286,19.111,6.819,1,True,4,0,0,47.175,42.78,4,3,7.452,15,994.29,1
sim-00084,fatigable,16,concept-3-item-16,concept-3,medium,6,0.246575,1.0,False,False,70.566,18.207,6.952,2,True,5,0,0,52.359,42.78,6,4,7.818,16,1129.052,1
sim-00085,steady,1,concept-1-item-1,concept-1,easy,1,0.466295,0.0,True,False,20.633,5.014,0,1,False,1,646.859,90.979,15.619,31.148,2,0,0.68,1,20.633,0
sim-00085,steady,2,concept-1-item-2,concept-1,easy,2,0.52469,0.018524,True,False,27.769,9.608,0.209,1,False,1,851.846,39.059,18.161,31.148,0,0,0.329,2,55.538,0
sim-00085,steady,3,concept-2-item-3,concept-2,easy,3,0.579675,0.038732,False,False,32.748,9.162,0.661,1,False,1,1831.754,80.398,23.586,31.148,2,0,0.379,3,98.245,0
sim-00085,steady,4,concept-2-item-4,concept-2,medium,4,0.555226,0.060623,False,False,39.838,11.635,0,2,False,1,1993.208,67.753,28.203,31.148,0,1,0.27,4,159.353,0
sim-00085,steady,5,concept-3-item-5,concept-3,medium,5,0.532205,0.084199,True,False,45.719,17.343,0.804,1,False,1,1350.844,82.47,28.376,31.148,2,2,0.662,5,228.595,0
sim-00085,steady,6,concept-3-item-6,concept-3,medium,6,0.586751,0.109459,False,True,48.339,18.07,0.428,1,False,2,1068.345,20.105,30.269,31.148,3,1,1.76,6,290.032,0
sim-00085,steady,7,concept-4-item-7,concept-4,medium,7,0.561889,0.136403,True,False,52.805,18.911,2.615,1,False,1,1610.823,27.457,33.894,31.148,2,2,1.988,7,369.633,1
sim-00085,steady,8,concept-4-item-8,concept-4,hard,8,0.614701,0.16503,False,False,55.003,21.936,2.832,2,False,2,1937.247,65.361,33.067,31.148,2,1,1.563,8,440.027,1
sim-00085,steady,9,concept-5-item-9,concept-5,hard,9,0.588207,0.195342,True,False,65.533,21.02,2.224,1,False,2,2159.106,16.218,44.513,31.148,3,2,0.861,9,589.798,1
sim-00085,steady,10,concept-5-item-10,concept-5,hard,10,0.639481,0.227338,False,False,69.827,17.598,1.306,1,False,2,2407.52,39.272,52.229,31.148,2,2,3.086,10,698.271,0
sim-00085,steady,11,concept-1-item-11,concept-1,easy,1,0.61154,0.261017,True,False,21.899,5.632,2.627,1,False,2,675.033,17.469,16.267,31.148,1,2,2.11,11,240.894,1
sim-00085,steady,12,concept-1-item-12,concept-1,easy,2,0.661452,0.279541,True,False,29.298,7.197,2.718,1,False,1,761.465,32.632,22.1,31.148,1,1,1.957,12,351.573,0
sim-00085,steady,13,concept-2-item-13,concept-2,easy,3,0.708449,0.299749,True,False,37.893,13.923,2.952,1,False,1,822.139,25.855,23.97,31.148,1,1,2.85,13,492.61,1
sim-00085,steady,14,concept-2-item-14,concept-2,medium,4,0.752701,0.321641,True,False,44.713,10.733,2.694,1,False,2,676.678,32.904,33.98,31.148,2,1,2.382,14,625.976,1
sim-00085,steady,15,concept-3-item-15,concept-3,medium,5,0.794368,0.345216,True,False,47.573,11.876,3.132,1,False,2,920.497,12.708,35.697,31.148,2,1,3.143,15,713.592,1
sim-00085,steady,16,concept-3-item-16,concept-3,medium,6,0.833602,0.370476,True,False,55.946,20.508,3.306,1,False,3,1214.717,38.568,35.438,31.148,4,2,2.855,16,895.138,1
sim-00086,rapid,1,concept-1-item-1,concept-1,easy,1,0.470254,0.0,True,False,17.812,4.671,0.311,1,False,1,420.314,71.504,13.141,56.258,1,0,2.14,1,17.812,0
sim-00086,rapid,2,concept-1-item-2,concept-1,easy,2,0.543314,0.010272,True,False,18.034,5.603,0.375,1,False,1,702.48,30.055,12.43,56.258,0,1,0.545,2,36.068,0
sim-00086,rapid,3,concept-2-item-3,concept-2,easy,3,0.609661,0.021477,True,False,31.094,9.65,0.11,1,False,1,925.906,63.837,21.444,56.258,1,1,0.219,3,93.281,0
sim-00086,rapid,4,concept-2-item-4,concept-2,medium,4,0.669913,0.033616,True,False,28.954,8.436,1.413,1,False,1,1079.349,88.133,20.519,56.258,0,3,0.874,4,115.816,0
sim-00086,rapid,5,concept-3-item-5,concept-3,medium,5,0.724628,0.046689,True,False,35.612,13.861,1.202,1,False,1,1838.033,78.387,21.751,56.258,2,0,0.319,5,178.06,0
sim-00086,rapid,6,concept-3-item-6,concept-3,medium,6,0.774317,0.060696,True,False,45.377,13.342,1.157,1,False,1,1382.797,15.001,32.035,56.258,1,1,0.888,6,272.261,0
sim-00086,rapid,7,concept-4-item-7,concept-4,medium,7,0.81944,0.075637,True,False,49.852,12.253,1.208,1,False,1,1754.871,70.162,37.599,56.258,1,0,0.92,7,348.963,1
sim-00086,rapid,8,concept-4-item-8,concept-4,hard,8,0.860417,0.091511,True,False,48.847,16.886,0.926,1,False,1,2357.525,43.628,31.961,56.258,2,0,0.907,8,390.776,0
sim-00086,rapid,9,concept-5-item-9,concept-5,hard,9,0.897629,0.108319,False,False,63.12,22.629,2.028,1,False,1,2143.486,22.645,40.491,56.258,1,1,0.83,9,568.08,1
sim-00086,rapid,10,concept-5-item-10,concept-5,hard,10,0.832221,0.126061,False,False,62.514,19.974,0.985,1,False,1,1140.815,53.0,42.539,56.258,3,2,1.821,10,625.135,1
sim-00086,rapid,11,concept-1-item-11,concept-1,easy,1,0.772823,0.144737,True,False,25.842,9.38,1.893,1,False,1,880.584,77.884,16.462,56.258,2,1,1.671,11,284.265,0
sim-00086,rapid,12,concept-1-item-12,concept-1,easy,2,0.818083,0.155009,True,False,23.716,8.228,1.358,1,False,1,777.525,65.829,15.488,56.258,0,1,1.362,12,284.59,0
sim-00086,rapid,13,concept-2-item-13,concept-2,easy,3,0.859185,0.166214,True,False,30.247,9.284,1.79,1,False,1,1260.685,19.096,20.963,56.258,0,2,1.792,13,393.212,0
sim-00086,rapid,14,concept-2-item-14,concept-2,medium,4,0.89651,0.178353,True,False,44.222,14.565,1.476,1,False,1,1170.55,32.606,29.657,56.258,0,0,1.307,14,619.11,0
sim-00086,rapid,15,concept-3-item-15,concept-3,medium,5,0.930406,0.191426,True,False,35.223,12.873,1.891,1,False,1,1168.813,20.952,22.35,56.258,2,0,1.457,15,528.339,0
sim-00086,rapid,16,concept-3-item-16,concept-3,medium,6,0.961187,0.205433,True,False,47.363,16.887,2.552,1,False,1,1083.726,17.6,30.476,56.258,0,0,1.881,16,757.803,0
sim-00087,careful,1,concept-1-item-1,concept-1,easy,1,0.387921,0.0,True,False,23.414,7.801,0.46,1,False,1,952.625,43.272,15.613,36.456,1,0,0,1,23.414,0
sim-00087,careful,2,concept-1-item-2,concept-1,easy,2,0.416833,0.035141,True,False,24.577,8.51,0.621,1,False,1,399.074,19.561,16.066,36.456,0,0,0.751,2,49.153,0
sim-00087,careful,3,concept-2-item-3,concept-2,easy,3,0.442793,0.073477,True,False,26.703,7.799,0.916,1,False,2,360.235,23.604,18.904,36.456,3,3,0.943,3,80.109,1
sim-00087,careful,4,concept-2-item-4,concept-2,medium,4,0.466101,0.115007,False,False,35.914,11.264,1.508,1,False,2,759.739,61.925,24.649,36.456,1,2,1.896,4,143.655,0
sim-00087,careful,5,concept-3-item-5,concept-3,medium,5,0.42364,0.159732,True,False,49.792,16.846,1.887,1,False,2,1912.731,32.439,32.946,36.456,2,2,1.484,5,248.959,1
sim-00087,careful,6,concept-3-item-6,concept-3,medium,6,0.448904,0.207651,True,False,45.277,12.559,1.554,1,False,2,1144.337,28.703,32.718,36.456,2,3,1.304,6,271.66,0
sim-00087,careful,7,concept-4-item-7,concept-4,medium,7,0.471589,0.258766,False,False,60.539,16.778,2.69,1,False,2,1917.363,30.433,43.762,36.456,3,2,2.705,7,423.776,0
sim-00087,careful,8,concept-4-item-8,concept-4,hard,8,0.428567,0.313075,False,False,65.422,17.457,1.794,1,False,2,677.006,22.726,47.966,36.456,2,2,2.578,8,523.38,1
sim-00087,careful,9,concept-5-item-9,concept-5,hard,9,0.389937,0.370578,False,True,70.745,23.218,2.686,1,False,2,1312.818,48.9,47.527,36.456,2,1,2.862,9,636.703,1
sim-00087,careful,10,concept-5-item-10,concept-5,hard,10,0.355252,0.431276,False,False,78.39,21.715,2.851,1,False,2,1389.556,40.829,56.675,36.456,3,0,4.032,10,783.904,1
sim-00087,careful,11,concept-1-item-11,concept-1,easy,1,0.324109,0.495169,False,True,39.839,12.939,3.387,1,False,3,453.087,34.269,26.9,36.456,3,4,4.19,11,438.233,1
sim-00087,careful,12,concept-1-item-12,concept-1,easy,2,0.296145,0.53031,False,False,39.238,10.859,3.611,1,True,3,201.125,3.774,28.378,36.456,2,3,3.822,12,470.85,1
sim-00087,careful,13,concept-2-item-13,concept-2,easy,3,0.271037,0.568646,False,False,45.288,15.979,3.925,1,False,3,412.924,11.892,29.309,36.456,4,3,4.586,13,588.75,1
sim-00087,careful,14,concept-2-item-14,concept-2,medium,4,0.248493,0.610176,True,False,53.484,15.485,4.169,1,True,4,0,0,37.999,36.456,5,4,5.557,14,748.777,1
sim-00087,careful,15,concept-3-item-15,concept-3,medium,5,0.291641,0.654901,False,False,56.187,16.169,4.601,1,True,3,0,0,40.018,36.456,3,2,5.639,15,842.805,1
sim-00087,careful,16,concept-3-item-16,concept-3,medium,6,0.266993,0.70282,False,False,65.573,23.717,4.769,1,True,3,176.592,6.871,41.856,36.456,4,1,6.417,16,1049.169,1
sim-00088,fatigable,1,concept-1-item-1,concept-1,easy,1,0.416604,0.0,True,False,21.382,7.431,0.894,1,False,1,754.85,24.632,13.951,29.383,1,1,0,1,21.382,1
sim-00088,fatigable,2,concept-1-item-2,concept-1,easy,2,0.439505,0.078989,False,False,20.637,6.089,0.498,1,False,1,394.24,45.989,14.548,29.383,1,0,1.898,2,41.275,1
sim-00088,fatigable,3,concept-2-item-3,concept-2,easy,3,0.390452,0.165159,True,False,34.516,11.406,1.662,1,False,2,845.719,46.593,23.111,29.383,2,3,1.78,3,103.549,0
sim-00088,fatigable,4,concept-2-item-4,concept-2,medium,4,0.416689,0.258509,False,False,41.843,12.943,2.457,2,False,2,870.993,27.291,28.9,29.383,1,1,2.936,4,167.373,0
sim-00088,fatigable,5,concept-3-item-5,concept-3,medium,5,0.370547,0.359041,False,False,49.135,16.877,2.475,1,False,2,788.261,10.996,32.258,29.383,3,0,3.018,5,245.675,1
sim-00088,fatigable,6,concept-3-item-6,concept-3,medium,6,0.33029,0.466753,False,False,62.952,22.67,4.343,1,True,3,432.484,16.547,40.282,29.383,4,0,3.546,6,377.711,1
sim-00088,fatigable,7,concept-4-item-7,concept-4,medium,7,0.295169,0.581646,False,False,65.214,25.56,4.488,1,True,4,101.212,1.183,39.654,29.383,4,3,4.689,7,456.495,1
sim-00088,fatigable,8,concept-4-item-8,concept-4,hard,8,0.264528,0.703719,False,False,72.608,26.334,5.059,1,True,3,0,0,46.274,29.383,5,4,5.404,8,580.865,1
sim-00088,fatigable,9,concept-5-item-9,concept-5,hard,9,0.237796,0.832974,False,False,81.307,29.291,5.983,2,True,3,0,0,52.015,29.383,3,2,6.003,9,731.759,1
sim-00088,fatigable,10,concept-5-item-10,concept-5,hard,10,0.214473,0.969409,False,False,96.081,25.342,6.956,2,True,5,0,0,70.739,29.383,6,4,7.32,10,960.812,1
sim-00088,fatigable,11,concept-1-item-11,concept-1,easy,1,0.194126,1.0,False,False,54.464,17.122,6.596,2,True,5,0,0,37.341,29.383,4,4,7.722,11,599.102,1
sim-00088,fatigable,12,concept-1-item-12,concept-1,easy,2,0.176374,1.0,True,False,58.518,22.197,7.063,1,True,5,0,0,36.322,29.383,6,4,7.053,12,702.222,1
sim-00088,fatigable,13,concept-2-item-13,concept-2,easy,3,0.229918,1.0,False,False,61.315,23.54,6.283,1,True,4,0,0,37.775,29.383,4,4,7.48,13,797.092,1
sim-00088,fatigable,14,concept-2-item-14,concept-2,medium,4,0.2076,1.0,False,False,68.421,19.186,6.968,1,True,5,0,0,49.235,29.383,5,5,8.43,14,957.889,1
sim-00088,fatigable,15,concept-3-item-15,concept-3,medium,5,0.188129,1.0,False,False,82.057,28.077,6.207,1,True,4,0,0,53.98,29.383,4,4,7.871,15,1230.853,1
sim-00088,fatigable,16,concept-3-item-16,concept-3,medium,6,0.171142,1.0,False,False,77.055,25.913,6.853,1,True,5,0,0,51.142,29.383,5,6,7.42,16,1232.883,1
sim-00089,steady,1,concept-1-item-1,concept-1,easy,1,0.260051,0.0,True,False,19.03,6.43,0.048,1,False,1,871.856,72.338,12.601,45.224,1,1,0.945,1,19.03,0
sim-00089,steady,2,concept-1-item-2,concept-1,easy,2,0.286531,0.037446,True,False,23.74,5.886,1.126,1,False,1,926.288,68.901,17.854,45.224,1,0,0.4,2,47.48,0
sim-00089,steady,3,concept-2-item-3,concept-2,easy,3,0.309142,0.078295,True,False,29.44,8.86,0.047,1,False,1,1331.278,50.361,20.58,45.224,0,0,1.153,3,88.32,0
sim-00089,steady,4,concept-2-item-4,concept-2,medium,4,0.328449,0.122549,True,False,42.383,14.433,1.944,1,False,1,1135.909,63.63,27.95,45.224,1,0,2.185,4,169.532,0
sim-00089,steady,5,concept-3-item-5,concept-3,medium,5,0.344934,0.170207,False,False,48.386,19.192,2.239,1,False,1,1509.404,29.072,29.194,45.224,1,0,1.05,5,241.931,1
sim-00089,steady,6,concept-3-item-6,concept-3,medium,6,0.29865,0.221269,False,False,51.846,16.196,1.24,1,False,2,1725.025,24.236,35.649,45.224,3,2,1.73,6,311.075,0
sim-00089,steady,7,concept-4-item-7,concept-4,medium,7,0.259129,0.275736,False,False,56.576,15.778,2.662,1,False,2,1528.27,35.203,40.798,45.224,3,4,3.113,7,396.035,1
sim-00089,steady,8,concept-4-item-8,concept-4,hard,8,0.225383,0.333606,False,False,73.015,27.154,3.387,1,False,1,1417.375,26.896,45.861,45.224,1,1,2.963,8,584.122,0
sim-00089,steady,9,concept-5-item-9,concept-5,hard,9,0.196568,0.39488,True,False,76.536,29.249,1.418,1,False,2,2568.522,23.982,47.288,45.224,3,3,3.643,9,688.827,0
sim-00089,steady,10,concept-5-item-10,concept-5,hard,10,0.232325,0.459559,False,False,85.092,24.756,3.486,1,False,3,1114.023,36.735,60.336,45.224,3,1,3.08,10,850.919,1
sim-00089,steady,11,concept-1-item-11,concept-1,easy,1,0.202496,0.527642,True,False,42.886,11.065,3.264,1,False,2,679.571,54.861,31.821,45.224,1,1,3.766,11,471.745,0
sim-00089,steady,12,concept-1-item-12,concept-1,easy,2,0.237387,0.565088,True,False,43.398,15.812,4.57,1,True,2,259.748,5.721,27.585,45.224,3,0,5.342,12,520.774,1
sim-00089,steady,13,concept-2-item-13,concept-2,easy,3,0.267179,0.605937,True,False,54.802,21.044,4.878,1,True,2,544.192,11.132,33.758,45.224,2,1,5.409,13,712.421,1
sim-00089,steady,14,concept-2-item-14,concept-2,medium,4,0.292618,0.650191,False,False,47.286,12.3,4.653,2,True,3,345.799,8.997,34.985,45.224,5,4,4.197,14,662.003,0
sim-00089,steady,15,concept-3-item-15,concept-3,medium,5,0.253978,0.697849,False,False,61.768,23.757,4.231,1,True,3,128.745,4.397,38.011,45.224,3,4,5.673,15,926.525,1
sim-00089,steady,16,concept-3-item-16,concept-3,medium,6,0.220985,0.748911,True,False,67.265,21.043,5.467,1,True,3,554.443,7.883,46.221,45.224,4,4,5.361,16,1076.235,1
sim-00090,rapid,1,concept-1-item-1,concept-1,easy,1,0.447802,0.0,True,False,19.756,4.818,0.835,1,False,1,830.341,43.141,14.938,62.774,1,1,0,1,19.756,0
sim-00090,rapid,2,concept-1-item-2,concept-1,easy,2,0.523203,0.025228,True,False,20.912,6.407,1.43,1,False,2,1146.601,43.102,14.505,62.774,3,1,0.403,2,41.824,0
sim-00090,rapid,3,concept-2-item-3,concept-2,easy,3,0.589443,0.052749,True,False,31.057,10.711,1.587,1,False,1,1287.451,23.44,20.346,62.774,3,0,0,3,93.17,0
sim-00090,rapid,4,concept-2-item-4,concept-2,medium,4,0.647637,0.082563,True,False,35.737,9.438,0.102,1,False,2,1322.252,24.066,26.299,62.774,3,2,1.539,4,142.949,1
sim-00090,rapid,5,concept-3-item-5,concept-3,medium,5,0.698762,0.114671,True,False,41.494,13.059,0.356,1,False,2,985.247,92.324,28.435,62.774,2,2,1.341,5,207.471,0
sim-00090,rapid,6,concept-3-item-6,concept-3,medium,6,0.743675,0.149073,True,False,43.191,11.46,0.837,1,False,2,2185.315,98.554,31.731,62.774,3,0,0.983,6,259.148,0
sim-00090,rapid,7,concept-4-item-7,concept-4,medium,7,0.783133,0.185768,True,False,53.526,16.006,2.134,1,False,1,867.949,42.251,37.52,62.774,2,1,1.908,7,374.68,0
sim-00090,rapid,8,concept-4-item-8,concept-4,hard,8,0.817797,0.224756,True,False,51.808,20.695,2.114,1,False,2,904.877,42.073,31.112,62.774,4,0,2.475,8,414.462,1
sim-00090,rapid,9,concept-5-item-9,concept-5,hard,9,0.848251,0.266038,False,False,59.458,16.583,2.979,1,False,1,1201.983,49.292,42.875,62.774,2,0,2.369,9,535.121,0
sim-00090,rapid,10,concept-5-item-10,concept-5,hard,10,0.765654,0.309613,False,False,67.62,18.879,1.398,1,False,2,1952.677,31.279,48.741,62.774,2,1,2.683,10,676.195,0
sim-00090,rapid,11,concept-1-item-11,concept-1,easy,1,0.693092,0.355481,True,False,35.734,11.4,2.641,1,False,2,1117.045,54.192,24.334,62.774,3,1,2.862,11,393.073,1
sim-00090,rapid,12,concept-1-item-12,concept-1,easy,2,0.738695,0.380709,True,False,35.014,10.205,3.079,1,False,2,540.607,24.079,24.808,62.774,3,0,3.103,12,420.164,1
sim-00090,rapid,13,concept-2-item-13,concept-2,easy,3,0.778757,0.40823,True,False,44.608,14.161,2.885,1,False,3,770.363,19.642,30.447,62.774,4,2,3.014,13,579.904,1
sim-00090,rapid,14,concept-2-item-14,concept-2,medium,4,0.813953,0.438045,True,False,46.661,14.916,3.416,1,False,2,1027.259,37.914,31.745,62.774,2,0,3.351,14,653.255,1
sim-00090,rapid,15,concept-3-item-15,concept-3,medium,5,0.844873,0.470153,True,False,57.604,20.564,2.676,1,False,3,1531.286,20.789,37.04,62.774,4,2,4.182,15,864.053,1
sim-00090,rapid,16,concept-3-item-16,concept-3,medium,6,0.872037,0.504554,True,False,54.809,14.942,4.039,1,False,3,1191.14,17.069,39.867,62.774,3,3,4.366,16,876.941,1
sim-00091,careful,1,concept-1-item-1,concept-1,easy,1,0.316914,0.0,True,False,22.336,5.431,0.096,1,False,1,730.156,26.886,16.905,32.597,2,1,0.192,1,22.336,0
sim-00091,careful,2,concept-1-item-2,concept-1,easy,2,0.362221,0.038203,True,False,31.145,10.92,0.809,1,False,1,682.395,28.102,20.225,32.597,1,1,0.341,2,62.29,1
sim-00091,careful,3,concept-2-item-3,concept-2,easy,3,0.404157,0.07988,True,False,24.632,6.012,1.615,1,False,1,454.447,40.394,18.62,32.597,1,0,0.881,3,73.896,1
sim-00091,careful,4,concept-2-item-4,concept-2,medium,4,0.442973,0.125029,True,False,41.154,10.824,1.581,1,False,2,707.926,40.418,30.33,32.597,4,3,1.904,4,164.614,1
sim-00091,careful,5,concept-3-item-5,concept-3,medium,5,0.4789,0.173652,False,False,51.413,16.023,2.267,1,False,2,1847.83,34.113,35.389,32.597,2,1,1.873,5,257.064,1
sim-00091,careful,6,concept-3-item-6,concept-3,medium,6,0.448489,0.225747,False,False,54.189,21.375,3.15,1,False,2,1350.709,14.49,32.814,32.597,4,2,2.274,6,325.135,1
sim-00091,careful,7,concept-4-item-7,concept-4,medium,7,0.42034,0.281316,False,False,55.483,20.29,2.555,1,False,3,1088.081,13.752,35.194,32.597,2,3,1.911,7,388.381,0
sim-00091,careful,8,concept-4-item-8,concept-4,hard,8,0.394286,0.340358,False,False,65.654,18.952,3.137,1,False,3,863.52,54.236,46.702,32.597,4,1,3.271,8,525.231,0
sim-00091,careful,9,concept-5-item-9,concept-5,hard,9,0.37017,0.402872,False,False,66.878,24.86,3.382,1,False,2,1036.156,23.525,42.018,32.597,2,1,4.088,9,601.904,0
sim-00091,careful,10,concept-5-item-10,concept-5,hard,10,0.347849,0.46886,False,False,78.88,24.423,3.084,1,False,3,998.836,9.487,54.457,32.597,4,1,4.025,10,788.8,1
sim-00091,careful,11,concept-1-item-11,concept-1,easy,1,0.327189,0.538321,False,False,36.807,14.049,4.169,1,True,3,363.652,13.996,22.758,32.597,5,4,3.844,11,404.881,1
sim-00091,careful,12,concept-1-item-12,concept-1,easy,2,0.308066,0.576524,True,False,40.748,13.316,5.002,1,True,3,217.014,14.48,27.433,32.597,3,3,3.877,12,488.978,1
sim-00091,careful,13,concept-2-item-13,concept-2,easy,3,0.354031,0.618201,False,False,55.378,14.522,4.335,1,True,4,564.309,16.53,40.856,32.597,5,4,4.88,13,719.914,1
sim-00091,careful,14,concept-2-item-14,concept-2,medium,4,0.332911,0.66335,True,False,51.116,13.423,4.471,1,True,4,58.227,2.685,37.692,32.597,5,3,5.232,14,715.618,1
sim-00091,careful,15,concept-3-item-15,concept-3,medium,5,0.377028,0.711973,False,False,59.61,16.33,5.205,1,True,3,0,0,43.28,32.597,4,3,4.883,15,894.143,1
sim-00091,careful,16,concept-3-item-16,concept-3,medium,6,0.354196,0.764068,False,False,70.435,25.124,5.156,1,True,4,0,0,45.311,32.597,3,2,5.987,16,1126.96,1
sim-00092,fatigable,1,concept-1-item-1,concept-1,easy,1,0.405649,0.0,True,False,20.445,6.096,0.388,1,False,1,284.195,21.721,14.349,44.343,2,2,1.398,1,20.445,0
sim-00092,fatigable,2,concept-1-item-2,concept-1,easy,2,0.427344,0.062886,True,False,30.134,7.599,2.298,1,False,1,460.028,26.241,22.535,44.343,2,0,0.977,2,60.267,0
sim-00092,fatigable,3,concept-2-item-3,concept-2,easy,3,0.445769,0.13149,True,False,35.291,11.659,1.046,1,False,2,841.397,37.792,23.633,44.343,2,1,2.045,3,105.874,0
sim-00092,fatigable,4,concept-2-item-4,concept-2,medium,4,0.461418,0.20581,True,False,37.601,9.03,2.721,1,False,2,559.2,8.678,28.57,44.343,2,3,2.181,4,150.403,1
sim-00092,fatigable,5,concept-3-item-5,concept-3,medium,5,0.474708,0.285847,False,False,40.873,14.707,3.254,1,False,2,169.596,7.684,26.166,44.343,3,1,2.823,5,204.367,1
sim-00092,fatigable,6,concept-3-item-6,concept-3,medium,6,0.411873,0.371601,False,False,55.371,17.266,3.559,1,False,2,665.698,23.777,38.104,44.343,2,1,2.361,6,332.223,1
sim-00092,fatigable,7,concept-4-item-7,concept-4,medium,7,0.358507,0.463072,False,False,65.061,20.806,3.277,1,True,2,3.25,0.045,44.255,44.343,2,2,3.422,7,455.424,1
sim-00092,fatigable,8,concept-4-item-8,concept-4,hard,8,0.313185,0.56026,False,False,73.111,22.512,3.82,2,True,3,0,0,50.599,44.343,2,2,4.649,8,584.885,1
sim-00092,fatigable,9,concept-5-item-9,concept-5,hard,9,0.274692,0.663164,False,False,77.592,20.752,4.817,1,True,3,0,0,56.84,44.343,2,2,5.093,9,698.324,1
sim-00092,fatigable,10,concept-5-item-10,concept-5,hard,10,0.242001,0.771786,False,True,88.912,23.449,5.185,1,True,3,0,0,65.463,44.343,5,1,5.852,10,889.121,1
sim-00092,fatigable,11,concept-1-item-11,concept-1,easy,1,0.214237,0.886125,False,False,48.423,14.05,6.531,2,True,3,0,0,34.373,44.343,4,3,6.847,11,532.653,1
sim-00092,fatigable,12,concept-1-item-12,concept-1,easy,2,0.190657,0.949011,False,False,54.611,17.699,6.948,1,True,4,0,0,36.912,44.343,4,4,5.89,12,655.327,1
sim-00092,fatigable,13,concept-2-item-13,concept-2,easy,3,0.170631,1.0,False,False,63.566,22.158,6.417,1,True,4,0,0,41.408,44.343,4,4,6.643,13,826.362,1
sim-00092,fatigable,14,concept-2-item-14,concept-2,medium,4,0.153623,1.0,False,False,69.548,26.802,6.378,2,True,4,0,0,42.747,44.343,4,5,6.886,14,973.676,1
sim-00092,fatigable,15,concept-3-item-15,concept-3,medium,5,0.139178,1.0,False,False,74.902,25.396,6.301,2,True,4,0,0,49.507,44.343,5,3,7.444,15,1123.536,1
sim-00092,fatigable,16,concept-3-item-16,concept-3,medium,6,0.12691,1.0,False,True,68.793,19.52,6.644,2,True,4,0,0,49.273,44.343,2,3,8.097,16,1100.687,1
sim-00093,steady,1,concept-1-item-1,concept-1,easy,1,0.478868,0.0,True,False,18.808,6.233,0.06,1,False,2,900.88,35.065,12.574,43.009,3,2,0,1,18.808,0
sim-00093,steady,2,concept-1-item-2,concept-1,easy,2,0.504071,0.023111,False,True,20.787,5.451,1.483,2,False,1,768.909,56.457,15.336,43.009,1,0,0.824,2,41.575,0
sim-00093,steady,3,concept-2-item-3,concept-2,easy,3,0.466197,0.048322,True,False,24.377,5.861,0.933,1,False,2,1282.596,57.926,18.516,43.009,4,1,0.708,3,73.131,0
sim-00093,steady,4,concept-2-item-4,concept-2,medium,4,0.492461,0.075635,False,False,43.185,12.064,0.483,1,False,1,899.279,52.905,31.121,43.009,2,0,1.478,4,172.739,1
sim-00093,steady,5,concept-3-item-5,concept-3,medium,5,0.455558,0.105048,True,False,45.616,17.56,0.689,1,False,1,1155.58,49.008,28.056,43.009,0,2,1.405,5,228.079,0
sim-00093,steady,6,concept-3-item-6,concept-3,medium,6,0.482713,0.136563,True,False,45.77,14.634,2.204,1,False,1,1078.703,69.651,31.136,43.009,0,0,1.258,6,274.619,0
sim-00093,steady,7,concept-4-item-7,concept-4,medium,7,0.507594,0.170178,True,False,52.984,18.238,1.423,1,False,2,1158.498,27.316,34.745,43.009,2,2,2.172,7,370.885,0
sim-00093,steady,8,concept-4-item-8,concept-4,hard,8,0.530392,0.205894,False,False,52.729,17.175,1.96,1,False,2,2129.611,50.353,35.554,43.009,3,2,2.331,8,421.834,0
sim-00093,steady,9,concept-5-item-9,concept-5,hard,9,0.490315,0.243712,False,False,70.172,21.328,1.852,2,False,2,1772.296,69.007,48.844,43.009,3,0,2.982,9,631.546,0
sim-00093,steady,10,concept-5-item-10,concept-5,hard,10,0.453592,0.28363,False,False,69.515,19.948,2.341,1,False,2,1694.844,55.997,49.567,43.009,2,2,2.198,10,695.153,1
sim-00093,steady,11,concept-1-item-11,concept-1,easy,1,0.419944,0.325649,True,False,27.515,7.825,2.525,1,False,3,410.121,28.001,19.69,43.009,5,2,2.385,11,302.665,0
sim-00093,steady,12,concept-1-item-12,concept-1,easy,2,0.450079,0.34876,False,False,33.763,12.871,2.221,1,False,2,859.451,33.895,20.892,43.009,4,0,2.947,12,405.154,1
sim-00093,steady,13,concept-2-item-13,concept-2,easy,3,0.416725,0.373971,True,False,39.077,13.174,2.32,1,False,3,868.827,42.771,25.903,43.009,3,3,3.414,13,508.002,1
sim-00093,steady,14,concept-2-item-14,concept-2,medium,4,0.44713,0.401284,False,False,40.397,15.407,3.91,1,False,2,701.495,40.507,24.99,43.009,2,1,3.414,14,565.562,0
sim-00093,steady,15,concept-3-item-15,concept-3,medium,5,0.414022,0.430697,True,False,54.715,14.796,2.955,1,False,3,1041.588,42.385,39.919,43.009,3,5,3.727,15,820.719,1
sim-00093,steady,16,concept-3-item-16,concept-3,medium,6,0.444654,0.462212,True,False,72.112,19.182,3.417,1,False,3,1072.573,28.727,52.931,43.009,4,3,4.773,16,1153.797,0
sim-00094,rapid,1,concept-1-item-1,concept-1,easy,1,0.456444,0.0,True,False,16.272,5.554,0.839,1,False,1,353.284,86.215,10.718,54.977,2,2,0.139,1,16.272,0
sim-00094,rapid,2,concept-1-item-2,concept-1,easy,2,0.521718,0.016204,True,False,22.772,6.346,1.183,1,False,2,1059.533,72.388,16.426,54.977,3,1,0,2,45.544,0
sim-00094,rapid,3,concept-2-item-3,concept-2,easy,3,0.580194,0.033882,True,False,25.098,7.256,0.58,1,False,1,493.778,66.183,17.842,54.977,3,0,1.214,3,75.294,1
sim-00094,rapid,4,concept-2-item-4,concept-2,medium,4,0.632579,0.053033,True,False,31.097,11.798,1.393,1,False,1,912.22,48.879,19.299,54.977,0,0,1.464,4,124.389,0
sim-00094,rapid,5,concept-3-item-5,concept-3,medium,5,0.679507,0.073656,True,False,37.999,11.824,0.471,1,False,1,900.036,48.723,26.175,54.977,3,0,1.106,5,189.994,0
sim-00094,rapid,6,concept-3-item-6,concept-3,medium,6,0.721547,0.095753,False,False,45.056,13.519,1.082,2,False,1,1516.664,59.144,31.537,54.977,2,0,1.443,6,270.336,1
sim-00094,rapid,7,concept-4-item-7,concept-4,medium,7,0.662596,0.119323,False,False,48.519,15.041,1.238,1,False,2,1474.149,26.56,33.477,54.977,2,1,0.609,7,339.632,0
sim-00094,rapid,8,concept-4-item-8,concept-4,hard,8,0.609785,0.144367,False,False,55.789,17.629,1.06,1,False,1,1145.321,32.365,38.16,54.977,2,0,1.414,8,446.31,1
sim-00094,rapid,9,concept-5-item-9,concept-5,hard,9,0.562474,0.170883,True,False,60.032,17.198,1.291,1,False,2,1416.258,44.256,42.833,54.977,2,1,1.8,9,540.284,1
sim-00094,rapid,10,concept-5-item-10,concept-5,hard,10,0.616705,0.198872,False,True,71.73,23.326,2.018,1,False,2,1292.672,65.623,48.405,54.977,3,1,1.375,10,717.305,0
sim-00094,rapid,11,concept-1-item-11,concept-1,easy,1,0.568674,0.228335,True,False,26.231,7.942,1.997,1,False,1,782.441,53.994,18.289,54.977,1,2,1.651,11,288.541,0
sim-00094,rapid,12,concept-1-item-12,concept-1,easy,2,0.622258,0.244539,True,False,28.061,6.744,1.72,1,False,1,843.267,47.68,21.317,54.977,1,0,2.246,12,336.735,1
sim-00094,rapid,13,concept-2-item-13,concept-2,easy,3,0.670262,0.262217,True,False,32.33,11.566,1.493,1,False,2,1037.455,45.413,20.765,54.977,2,3,1.978,13,420.293,0
sim-00094,rapid,14,concept-2-item-14,concept-2,medium,4,0.713265,0.281368,True,False,38.746,13.466,1.9,1,False,1,1318.539,16.385,25.28,54.977,1,2,3.372,14,542.443,0
sim-00094,rapid,15,concept-3-item-15,concept-3,medium,5,0.751789,0.301992,True,False,44.728,11.128,2.478,1,False,2,1181.189,61.933,33.6,54.977,2,2,3.186,15,670.917,0
sim-00094,rapid,16,concept-3-item-16,concept-3,medium,6,0.786301,0.324088,True,False,49.64,15.279,2.104,1,False,2,1175.314,49.011,34.361,54.977,2,2,1.775,16,794.246,1
sim-00095,careful,1,concept-1-item-1,concept-1,easy,1,0.480322,0.0,True,False,15.803,4.789,1.035,1,False,2,747.136,74.407,11.014,40.192,0,0,0.277,1,15.803,1
sim-00095,careful,2,concept-1-item-2,concept-1,easy,2,0.515835,0.032866,True,False,23.889,8.974,1.495,1,False,2,957.884,97.227,14.914,40.192,2,2,0.819,2,47.777,0
sim-00095,careful,3,concept-2-item-3,concept-2,easy,3,0.550542,0.068721,False,False,32.882,12.695,0.842,1,False,2,1236.518,84.462,20.187,40.192,2,3,1.013,3,98.645,0
sim-00095,careful,4,concept-2-item-4,concept-2,medium,4,0.537635,0.107563,True,False,41.375,11.047,1.157,1,False,2,933.532,30.76,30.327,40.192,2,0,1.221,4,165.499,1
sim-00095,careful,5,concept-3-item-5,concept-3,medium,5,0.571846,0.149392,False,False,39.779,15.209,1.407,1,False,2,943.942,62.214,24.57,40.192,3,2,0.984,5,198.895,1
sim-00095,careful,6,concept-3-item-6,concept-3,medium,6,0.558456,0.19421,False,False,43.208,14.784,1.311,1,False,2,777.109,11.727,28.424,40.192,2,2,1.082,6,259.247,0
sim-00095,careful,7,concept-4-item-7,concept-4,medium,7,0.545369,0.242016,True,False,58.611,21.403,1.87,1,False,2,888.94,69.398,37.209,40.192,2,1,1.568,7,410.28,1
sim-00095,careful,8,concept-4-item-8,concept-4,hard,8,0.579404,0.292809,False,False,59.239,19.205,2.58,1,False,2,1558.411,21.248,40.035,40.192,2,1,1.726,8,473.914,0
sim-00095,careful,9,concept-5-item-9,concept-5,hard,9,0.565842,0.34659,False,False,65.713,21.367,2.829,1,False,2,1318.724,17.816,44.346,40.192,2,1,1.708,9,591.416,1
sim-00095,careful,10,concept-5-item-10,concept-5,hard,10,0.552588,0.40336,False,False,77.347,20.347,3.632,1,False,3,1450.382,13.53,57.001,40.192,2,3,2.569,10,773.474,1
sim-00095,careful,11,concept-1-item-11,concept-1,easy,1,0.539635,0.463116,True,False,30.846,10.092,3.729,1,False,3,596.957,15.052,20.753,40.192,4,1,4.027,11,339.302,0
sim-00095,careful,12,concept-1-item-12,concept-1,easy,2,0.5738,0.495983,True,False,42.048,13.705,3.681,1,False,3,357.892,21.739,28.343,40.192,3,4,3.911,12,504.577,1
sim-00095,careful,13,concept-2-item-13,concept-2,easy,3,0.607189,0.531837,True,False,49.794,12.351,4.011,1,False,3,577.357,27.137,37.443,40.192,5,3,4.336,13,647.324,1
sim-00095,careful,14,concept-2-item-14,concept-2,medium,4,0.639819,0.570679,False,False,44.384,11.048,3.906,1,True,4,79.735,4.911,33.337,40.192,4,4,3.805,14,621.383,1
sim-00095,careful,15,concept-3-item-15,concept-3,medium,5,0.624883,0.612509,False,False,65.564,24.197,3.675,1,True,3,359.003,7.661,41.367,40.192,3,4,4.863,15,983.458,1
sim-00095,careful,16,concept-3-item-16,concept-3,medium,6,0.610287,0.657327,True,False,58.543,20.728,4.234,1,True,3,367.561,5.93,37.815,40.192,4,3,4.387,16,936.693,1
sim-00096,fatigable,1,concept-1-item-1,concept-1,easy,1,0.497493,0.0,True,False,19.793,6.403,0.515,1,False,1,660.017,12.054,13.39,31.226,3,2,0,1,19.793,0
sim-00096,fatigable,2,concept-1-item-2,concept-1,easy,2,0.506831,0.077797,True,False,34.041,12.924,0.812,1,False,2,450.784,41.835,21.117,31.226,3,1,1.046,2,68.081,0
sim-00096,fatigable,3,concept-2-item-3,concept-2,easy,3,0.514937,0.162666,True,False,33.706,9.067,2.176,1,False,2,731.056,38.879,24.638,31.226,3,1,2.073,3,101.118,0
sim-00096,fatigable,4,concept-2-item-4,concept-2,medium,4,0.521976,0.254608,True,False,37.416,11.035,2.124,1,False,2,498.822,18.296,26.38,31.226,3,3,1.441,4,149.663,1
sim-00096,fatigable,5,concept-3-item-5,concept-3,medium,5,0.528086,0.353622,False,False,44.15,10.726,2.699,1,False,2,558.692,35.597,33.424,31.226,1,5,2.311,5,220.749,1
sim-00096,fatigable,6,concept-3-item-6,concept-3,medium,6,0.465209,0.459709,True,False,56.025,17.405,3.877,1,True,3,132.843,2.936,38.62,31.226,4,2,3.272,6,336.148,0
sim-00096,fatigable,7,concept-4-item-7,concept-4,medium,7,0.478802,0.572868,False,False,64.599,23.37,3.342,2,True,4,0,0,41.229,31.226,4,3,4.936,7,452.192,1
sim-00096,fatigable,8,concept-4-item-8,concept-4,hard,8,0.422421,0.693099,False,False,78.191,23.856,4.637,2,True,4,0,0,54.335,31.226,6,5,5.268,8,625.528,1
sim-00096,fatigable,9,concept-5-item-9,concept-5,hard,9,0.373471,0.820403,False,False,84.304,26.217,5.776,2,True,4,0,0,58.087,31.226,6,4,5.99,9,758.738,1
sim-00096,fatigable,10,concept-5-item-10,concept-5,hard,10,0.330974,0.95478,False,False,89.668,25.04,6.091,1,True,5,0,0,64.628,31.226,4,6,7.113,10,896.684,1
sim-00096,fatigable,11,concept-1-item-11,concept-1,easy,1,0.294077,1.0,True,False,44.385,14.444,6.673,1,True,4,0,0,29.941,31.226,4,4,8.674,11,488.24,1
sim-00096,fatigable,12,concept-1-item-12,concept-1,easy,2,0.330226,1.0,False,False,55.444,14.003,6.607,1,True,5,0,0,41.441,31.226,7,5,7.426,12,665.324,1
sim-00096,fatigable,13,concept-2-item-13,concept-2,easy,3,0.293428,1.0,False,False,58.832,16.216,6.259,1,True,4,0,0,42.616,31.226,5,3,7.875,13,764.812,1
sim-00096,fatigable,14,concept-2-item-14,concept-2,medium,4,0.26148,1.0,True,False,60.109,15.887,6.693,1,True,5,0,0,44.221,31.226,6,5,7.668,14,841.52,1
sim-00096,fatigable,15,concept-3-item-15,concept-3,medium,5,0.301925,1.0,False,False,69.848,26.179,6.615,2,True,4,0,0,43.669,31.226,5,2,7.812,15,1047.716,1
sim-00096,fatigable,16,concept-3-item-16,concept-3,medium,6,0.268857,1.0,False,False,74.256,25.414,6.307,2,True,4,0,0,48.842,31.226,5,3,7.722,16,1188.101,1
sim-00097,steady,1,concept-1-item-1,concept-1,easy,1,0.36653,0.0,False,False,19.906,6.089,0,1,False,1,755.878,69.2,13.818,47.856,1,2,1.624,1,19.906,0
sim-00097,steady,2,concept-1-item-2,concept-1,easy,2,0.341098,0.018484,True,False,29.067,10.776,1.061,1,False,1,1227.251,71.94,18.292,47.856,3,0,1.183,2,58.134,0
sim-00097,steady,3,concept-2-item-3,concept-2,easy,3,0.390706,0.038648,False,False,29.391,7.879,1.577,2,False,1,946.641,26.276,21.511,47.856,3,0,1.669,3,88.172,0
sim-00097,steady,4,concept-2-item-4,concept-2,medium,4,0.363054,0.060492,True,False,40.393,10.323,1.228,1,False,1,775.238,44.169,30.071,47.856,1,2,1.07,4,161.573,0
sim-00097,steady,5,concept-3-item-5,concept-3,medium,5,0.410646,0.084017,False,False,29.978,11.398,0.527,2,False,1,1071.592,71.652,18.58,47.856,2,1,0.59,5,149.891,0
sim-00097,steady,6,concept-3-item-6,concept-3,medium,6,0.381162,0.109222,False,False,48.626,19.213,1.108,1,False,1,1772.406,66.77,29.413,47.856,1,0,1.888,6,291.755,0
sim-00097,steady,7,concept-4-item-7,concept-4,medium,7,0.354387,0.136107,False,False,54.367,18.378,1.924,2,False,2,1289.26,66.435,35.988,47.856,3,2,1.816,7,380.566,0
sim-00097,steady,8,concept-4-item-8,concept-4,hard,8,0.33007,0.164673,False,False,57.833,22.275,1.249,1,False,2,2242.635,79.902,35.558,47.856,2,1,1.564,8,462.667,1
sim-00097,steady,9,concept-5-item-9,concept-5,hard,9,0.307988,0.194919,False,False,62.501,24.165,1.407,2,False,2,897.337,56.319,38.336,47.856,3,2,2.329,9,562.512,1
sim-00097,steady,10,concept-5-item-10,concept-5,hard,10,0.287933,0.226845,False,False,78.172,25.438,2.178,2,False,2,2187.42,56.383,52.734,47.856,1,2,1.751,10,781.715,1
sim-00097,steady,11,concept-1-item-11,concept-1,easy,1,0.269721,0.260452,True,False,25.727,9.987,2.115,1,False,2,562.328,63.271,15.74,47.856,2,2,2.728,11,282.999,0
sim-00097,steady,12,concept-1-item-12,concept-1,easy,2,0.325885,0.278936,True,False,27.855,8.809,2.566,1,False,1,643.787,43.594,19.046,47.856,2,1,1.758,12,334.26,1
sim-00097,steady,13,concept-2-item-13,concept-2,easy,3,0.376891,0.2991,True,False,40.787,15.263,2.476,1,False,2,905.859,42.79,25.524,47.856,3,1,2.769,13,530.231,0
sim-00097,steady,14,concept-2-item-14,concept-2,medium,4,0.423211,0.320944,True,False,46.501,17.722,1.418,1,False,1,876.641,30.897,28.779,47.856,1,0,2.27,14,651.02,0
sim-00097,steady,15,concept-3-item-15,concept-3,medium,5,0.465277,0.344469,True,False,45.743,16.245,2.915,1,False,2,688.269,29.017,29.498,47.856,2,1,3.255,15,686.147,0
sim-00097,steady,16,concept-3-item-16,concept-3,medium,6,0.503479,0.369674,True,False,59.732,15.004,2.204,1,False,2,925.03,24.271,44.728,47.856,2,2,3.751,16,955.705,1
sim-00098,rapid,1,concept-1-item-1,concept-1,easy,1,0.459932,0.0,True,False,18.751,6.335,0.0,1,False,1,690.752,19.905,12.416,63.229,1,2,0.25,1,18.751,1
sim-00098,rapid,2,concept-1-item-2,concept-1,easy,2,0.517601,0.017619,True,False,25.718,6.595,0.057,1,False,1,832.059,32.189,19.123,63.229,3,1,0.967,2,51.436,0
sim-00098,rapid,3,concept-2-item-3,concept-2,easy,3,0.569286,0.036841,True,False,27.498,9.314,0.717,1,False,0,769.198,59.703,18.184,63.229,1,0,0.748,3,82.493,1
sim-00098,rapid,4,concept-2-item-4,concept-2,medium,4,0.615606,0.057664,False,True,36.872,10.159,0.999,1,False,1,1557.204,13.218,26.713,63.229,3,0,0.582,4,147.486,1
sim-00098,rapid,5,concept-3-item-5,concept-3,medium,5,0.56607,0.080088,True,False,44.178,15.455,0.736,1,False,1,1026.017,33.561,28.723,63.229,1,0,1.815,5,220.89,1
sim-00098,rapid,6,concept-3-item-6,concept-3,medium,6,0.612725,0.104115,False,False,44.277,16.156,1.712,1,False,1,732.447,34.685,28.121,63.229,1,0,1.93,6,265.665,0
sim-00098,rapid,7,concept-4-item-7,concept-4,medium,7,0.563487,0.129743,True,False,56.339,19.687,1.541,1,False,1,2243.187,23.267,36.652,63.229,1,1,2.068,7,394.374,0
sim-00098,rapid,8,concept-4-item-8,concept-4,hard,8,0.61041,0.156973,False,False,58.944,14.501,1.937,1,False,1,1039.405,64.897,44.444,63.229,1,2,0.923,8,471.553,1
sim-00098,rapid,9,concept-5-item-9,concept-5,hard,9,0.561413,0.185805,False,False,76.922,28.785,1.413,1,False,1,2039.841,12.606,48.137,63.229,3,1,1.553,9,692.298,1
sim-00098,rapid,10,concept-5-item-10,concept-5,hard,10,0.5175,0.216239,False,False,65.254,22.602,2.268,1,False,1,626.613,25.239,42.652,63.229,1,0,2.688,10,652.544,1
sim-00098,rapid,11,concept-1-item-11,concept-1,easy,1,0.478145,0.248274,True,False,19.563,5.573,2.232,1,False,1,469.665,16.818,13.99,63.229,2,1,2.534,11,215.195,1
sim-00098,rapid,12,concept-1-item-12,concept-1,easy,2,0.533924,0.265894,False,False,27.181,7.461,2.661,1,False,2,337.684,28.515,19.72,63.229,3,1,2.074,12,326.168,1
sim-00098,rapid,13,concept-2-item-13,concept-2,easy,3,0.492865,0.285115,True,False,38.764,11.424,3.273,1,False,2,983.54,27.117,27.34,63.229,4,2,2.11,13,503.931,0
sim-00098,rapid,14,concept-2-item-14,concept-2,medium,4,0.547116,0.305938,False,True,48.134,14.888,2.793,1,False,2,1056.552,28.472,33.246,63.229,2,3,2.339,14,673.871,1
sim-00098,rapid,15,concept-3-item-15,concept-3,medium,5,0.504688,0.328363,True,False,46.765,14.325,2.8,1,False,2,749.824,14.965,32.439,63.229,4,4,2.783,15,701.468,0
sim-00098,rapid,16,concept-3-item-16,concept-3,medium,6,0.557712,0.352389,True,False,50.342,19.158,3.11,1,False,2,703.657,21.678,31.184,63.229,4,1,3.879,16,805.472,1
sim-00099,careful,1,concept-1-item-1,concept-1,easy,1,0.395125,0.0,True,False,21.559,5.638,0.822,1,False,1,943.349,82.954,15.921,35.361,0,0,0.367,1,21.559,0
sim-00099,careful,2,concept-1-item-2,concept-1,easy,2,0.418723,0.034459,True,False,28.966,7.795,0.841,1,False,1,1173.376,70.209,21.17,35.361,1,0,0.835,2,57.931,0
sim-00099,careful,3,concept-2-item-3,concept-2,easy,3,0.440413,0.072051,True,False,31.195,8.235,1.218,1,False,2,1082.491,55.142,22.96,35.361,2,3,0.741,3,93.585,0
sim-00099,careful,4,concept-2-item-4,concept-2,medium,4,0.460347,0.112776,True,False,44.22,15.145,1.883,1,False,2,979.678,13.871,29.075,35.361,2,3,1.916,4,176.879,0
sim-00099,careful,5,concept-3-item-5,concept-3,medium,5,0.478669,0.156634,True,False,43.772,17.467,1.65,1,False,2,941.002,24.527,26.305,35.361,2,1,1.59,5,218.861,0
sim-00099,careful,6,concept-3-item-6,concept-3,medium,6,0.495509,0.203624,False,False,54.466,14.063,2.308,1,False,2,1714.514,27.929,40.403,35.361,3,1,1.208,6,326.798,0
sim-00099,careful,7,concept-4-item-7,concept-4,medium,7,0.457312,0.253747,True,False,55.375,21.043,2.1,1,False,3,1463.344,23.785,34.332,35.361,3,3,2.548,7,387.626,0
sim-00099,careful,8,concept-4-item-8,concept-4,hard,8,0.475879,0.307002,True,False,57.664,21.195,2.183,1,False,3,1691.655,10.428,36.469,35.361,4,3,2.166,8,461.316,0
sim-00099,careful,9,concept-5-item-9,concept-5,hard,9,0.492945,0.36339,False,True,68.703,17.407,2.595,1,False,3,1263.435,40.8,51.296,35.361,4,3,2.797,9,618.326,1
sim-00099,careful,10,concept-5-item-10,concept-5,hard,10,0.454955,0.422911,False,False,77.402,23.659,3.647,2,False,2,1354.816,27.487,53.743,35.361,2,1,3.536,10,774.018,1
sim-00099,careful,11,concept-1-item-11,concept-1,easy,1,0.42004,0.485564,True,False,39.357,12.617,3.44,1,False,3,484.668,11.351,26.741,35.361,3,2,3.64,11,432.929,1
sim-00099,careful,12,concept-1-item-12,concept-1,easy,2,0.441623,0.520024,True,False,41.607,12.256,3.88,1,False,3,890.628,37.877,29.351,35.361,4,2,4.361,12,499.283,1
sim-00099,careful,13,concept-2-item-13,concept-2,easy,3,0.461459,0.557616,False,False,42.436,11.955,3.833,2,False,3,960.867,39.468,30.481,35.361,4,2,3.418,13,551.663,0
sim-00099,careful,14,concept-2-item-14,concept-2,medium,4,0.426017,0.598341,False,False,52.059,19.876,4.232,1,True,3,343.742,13.108,32.184,35.361,3,2,4.318,14,728.831,1
sim-00099,careful,15,concept-3-item-15,concept-3,medium,5,0.393443,0.642198,True,False,52.085,18.971,5.1,1,False,3,526.871,4.067,33.114,35.361,3,4,5.408,15,781.274,1
sim-00099,careful,16,concept-3-item-16,concept-3,medium,6,0.417177,0.689188,False,False,64.61,22.388,4.813,1,False,3,688.735,6.276,42.223,35.361,5,4,5.737,16,1033.767,1
sim-00100,fatigable,1,concept-1-item-1,concept-1,easy,1,0.412901,0.0,False,False,16.238,5.399,0.806,1,False,2,356.924,21.22,10.839,40.289,3,1,0.281,1,16.238,1
sim-00100,fatigable,2,concept-1-item-2,concept-1,easy,2,0.373916,0.05367,False,False,21.661,8.394,0.577,2,False,2,403.444,23.724,13.267,40.289,1,2,1.29,2,43.322,1
sim-00100,fatigable,3,concept-2-item-3,concept-2,easy,3,0.339417,0.11222,False,False,39.765,11.008,1.139,2,False,1,521.685,29.735,28.757,40.289,0,2,1.671,3,119.294,1
sim-00100,fatigable,4,concept-2-item-4,concept-2,medium,4,0.308888,0.175648,True,False,39.422,12.55,1.583,1,False,2,332.976,26.757,26.872,40.289,3,2,2.355,4,157.688,1
sim-00100,fatigable,5,concept-3-item-5,concept-3,medium,5,0.355467,0.243956,False,True,51.486,15.968,2.475,2,False,2,843.762,31.309,35.518,40.289,3,2,1.855,5,257.429,1
sim-00100,fatigable,6,concept-3-item-6,concept-3,medium,6,0.323092,0.317142,True,False,58.823,23.383,3.313,1,False,2,445.259,28.337,35.441,40.289,5,2,2.392,6,352.941,0
sim-00100,fatigable,7,concept-4-item-7,concept-4,medium,7,0.368036,0.395208,False,False,68.23,21.749,2.417,1,True,2,198.121,8.019,46.482,40.289,3,2,2.971,7,477.612,1
sim-00100,fatigable,8,concept-4-item-8,concept-4,hard,8,0.334214,0.478153,False,False,62.936,24.908,2.845,1,True,3,178.303,2.313,38.028,40.289,3,2,4.32,8,503.489,1
sim-00100,fatigable,9,concept-5-item-9,concept-5,hard,9,0.304284,0.565977,False,False,83.272,21.354,4.16,1,True,3,0,0,61.918,40.289,2,3,3.884,9,749.445,1
sim-00100,fatigable,10,concept-5-item-10,concept-5,hard,10,0.277798,0.65868,False,False,89.988,26.585,4.457,1,True,3,0,0,63.404,40.289,5,3,4.961,10,899.882,1
sim-00100,fatigable,11,concept-1-item-11,concept-1,easy,1,0.254361,0.756263,False,False,43.752,17.153,4.901,2,True,3,0,0,26.599,40.289,4,2,5.401,11,481.27,1
sim-00100,fatigable,12,concept-1-item-12,concept-1,easy,2,0.23362,0.809933,True,False,46.002,17.319,5.362,1,True,4,0,0,28.683,40.289,3,2,6.384,12,552.022,1
sim-00100,fatigable,13,concept-2-item-13,concept-2,easy,3,0.288861,0.868482,False,False,55.123,15.885,5.658,2,True,4,0,0,39.238,40.289,5,3,5.85,13,716.593,1
sim-00100,fatigable,14,concept-2-item-14,concept-2,medium,4,0.264151,0.931911,False,False,55.048,16.16,6.609,1,True,4,0,0,38.888,40.289,5,5,8.004,14,770.674,1
sim-00100,fatigable,15,concept-3-item-15,concept-3,medium,5,0.242284,1.0,False,False,71.966,21.031,5.61,2,True,4,0,0,50.935,40.289,5,4,7.728,15,1079.485,1
sim-00100,fatigable,16,concept-3-item-16,concept-3,medium,6,0.222933,1.0,False,False,72.89,19.786,6.35,2,True,4,0,0,53.104,40.289,4,5,7.924,16,1166.24,1
